object,M_Msun,core_km,edge_km,shell_thickness_km,edge_over_core,shell_Msun,shell_pct_of_M,choke_km
GRO J1655-40,5.3,19.058694848279526,89.45133275576138,70.39263790748186,4.6934658153591435,1.9466521963752936,36.72928672406214,15.656241003402824
V404 Cygni,9.0,23.26458173719293,102.24220475777162,78.97762302057869,4.3947579162499055,2.9006314329627245,32.22923814403027,26.58606962841989
Gaia BH1,9.6,23.83155832716842,103.90662215186174,80.07506382469332,4.3600431295928415,3.0437356701386165,31.705579897277257,28.35847427031455
Cygnus X-1,21.2,31.912135929348352,126.40663099316173,94.49449506381337,3.9610833719503704,5.457751998688236,25.744113201359603,62.6249640136113
Gaia BH3,33,37.46699491449196,140.81104869233306,103.3440537778411,3.7582690849291565,7.523150912732165,22.797427008279286,97.48225530420626
GW150914,62,46.965022409730715,163.96212195702282,116.99709954729211,3.491153917197991,11.820915661783138,19.065993002876027,183.14847966244812
GW190521,142,62.93908102603683,199.82968691080148,136.89060588476462,3.1749698860098596,21.229650571534055,14.950458148967643,419.46909858173603
Omega Cen,8200,253.1309695392452,520.799967638419,267.6689980991739,2.057432832443976,343.3939316112113,4.187730873307455,24222.86343922701
HLX-1,20000,341.9802397990053,644.903366550077,302.9231267510717,1.8857913162734523,626.7640468419836,3.1338202342099177,59080.15472982198
Sgr A*,4300000.0,2066.8879610341287,2579.6418881213826,512.7539270872542,1.2480801750041193,22894.75087944259,0.5324360669637812,12702233.266911726
Cen A,55000000.0,4838.646411617418,5417.191184835089,578.5447732176706,1.119567483135078,125472.86789071604,0.22813248707402914,162470425.50701043
M31,140000000.0,6607.960782119604,7203.20769151481,595.2469093952058,1.0900802727228462,234011.37294138392,0.16715098067241707,413561083.10875386
Sombrero,1000000000.0,12729.397705794236,13349.205719812026,619.8080140177906,1.0486910715135926,868395.894950216,0.0868395894950216,2954007736.4910994
M87*,6500000000.0,23759.502740017724,24392.941836639613,633.4390966218896,1.026660452600929,3025357.8033116455,0.04654396620479455,19201050287.192146
OJ 287,18300000000.0,33550.80331967542,34189.061291366575,638.2579716911576,1.0190236271128823,6032646.776001282,0.032965282928968755,54058341577.7871
Holmberg 15A,40000000000.0,43542.8490377624,44183.84359802584,640.99456026344,1.0147210064207681,10160983.230846401,0.025402458077116004,118160309459.64397
S5 0014+81,40000000000.0,43542.8490377624,44183.84359802584,640.99456026344,1.0147210064207681,10160983.230846401,0.025402458077116004,118160309459.64397
TON 618,66000000000.0,51453.7632499768,52096.18589016901,642.4226401922107,1.0124854354592325,14188495.239087747,0.02149772005922386,194964510608.4125
IC 1101,100000000000.0,59098.055416700256,59741.501251381866,643.4458346816078,1.0108877666133795,18717525.474568795,0.018717525474568796,295400773649.10986
Phoenix A*,100000000000.0,59098.055416700256,59741.501251381866,643.4458346816078,1.0108877666133795,18717525.474568795,0.018717525474568796,295400773649.10986
