object,M_Msun,core_km,edge_km,shell_thickness_km,edge_over_core,choke_2GM_c2_km,edge_over_choke
GRO J1655-40,5.3,20.836392709223222,46.663249337242654,25.82685662801943,2.23950709647487,15.656870741793643,2.9803688174216183
V404 Cygni,9.0,24.858680967844837,60.80766080769121,35.94897983984637,2.446133842996217,26.587138995498645,2.287108094556029
Gaia BH1,9.6,25.39925560336213,62.80188203467133,37.4026264313092,2.4725875047439647,28.359614928531883,2.21448289029792
Cygnus X-1,21.2,33.07571170584347,93.32649867448531,60.25078696864184,2.8216021322376372,62.62748296717457,1.4901844087108091
Gaia BH3,33,38.33262473326132,116.43780563307246,78.10518089981113,3.0375641230755344,97.48617631682835,1.1944032480528486
GW150914,62,47.3,159.6,112.3,3.3742071881606766,183.1558464134351,0.8713890554153383
GW190521,142,62.34859802762233,241.53563551949526,179.18703749187293,3.8739545580878594,419.48597081786744,0.5757895432082645
Omega Cen,8200,240.99157593029256,1835.4559598762269,1594.4643839459343,7.616266057395871,24223.83775145432,0.07577065115398703
HLX-1,20000,324.39481907718675,2866.500620347327,2542.1058012701405,8.836456231026519,59082.5311011081,0.04851688928901635
Sgr A*,4300000.0,1943.3606115008172,42031.14973905778,40087.789127556964,21.6280753506669,12702744.186738241,0.00330882438638248
Cen A,55000000.0,4544.835208575578,150320.56069527526,145775.72548669967,33.07502996184279,162476960.52804726,0.0009251807776729456
M31,140000000.0,6205.44964942558,239828.64850797388,233623.1988585483,38.64806936757179,413577717.7077567,0.0005798877411414175
Sombrero,1000000000.0,11950.807314761052,640969.0244641941,629018.217149433,53.63395188143487,2954126555.0554047,0.00021697412501414404
M87*,6500000000.0,22303.2608176594,1634156.7816757283,1611853.520858069,73.26985928361769,19201822607.860134,8.51042536455262e-05
OJ 287,18300000000.0,31493.017473926328,2741969.2946682,2710476.2771942737,87.06594396482741,54060515957.5139,5.0720368574045994e-05
Holmberg 15A,40000000000.0,40871.18610321865,4053844.0538460813,4012972.8677428626,99.18586760874152,118165062202.21619,3.430662141834045e-05
S5 0014+81,40000000000.0,40871.18610321865,4053844.0538460813,4012972.8677428626,99.18586760874152,118165062202.21619,3.430662141834045e-05
TON 618,66000000000.0,48296.08079915677,5207256.970929159,5158960.890130002,107.81945211214892,194972352633.6567,2.6707668551927123e-05
IC 1101,100000000000.0,55470.733784852804,6409690.24464194,6354219.510857088,115.55084649686411,295412655505.5405,2.16974125014144e-05
Phoenix A*,100000000000.0,55470.733784852804,6409690.24464194,6354219.510857088,115.55084649686411,295412655505.5405,2.16974125014144e-05
