event,m1,m2,Mf,Mt,dump_cat,dump_pred,Mf_pred,err_pct,err_Msun
GW230627_015337,8.4,5.74,13.57,14.14,0.5700000000000003,1.8363654126658686,12.303634587334132,-9.332095892895122,-1.266365412665868
GW230630_234532,10.0,6.6,16.1,16.6,0.5,1.9332457061041555,14.666754293895846,-8.902147242882954,-1.433245706104156
GW231224_024321,9.3,7.31,15.89,16.61,0.7199999999999989,1.9502122210610013,14.659787778938998,-7.742052995978617,-1.2302122210610023
GW230904_051013,10.6,7.1,17.1,17.7,0.5999999999999979,1.9768031483895052,15.723196851610494,-8.05148039993864,-1.3768031483895076
GW230731_215307,10.3,7.9,17.4,18.200000000000003,0.8000000000000043,2.00869182983101,16.191308170168995,-6.946504769143701,-1.2086918298310039
GW231223_075055,11.9,6.8,18.1,18.7,0.5999999999999979,1.9908109592851686,16.70918904071483,-7.684038449089349,-1.3908109592851723
GW231018_233037,11.6,7.3,18.2,18.9,0.6999999999999993,2.0124571472176926,16.887542852782307,-7.211303006690619,-1.3124571472176925
GW231113_200417,11.6,7.4,18.3,19.0,0.6999999999999993,2.0178521746165066,16.982147825383493,-7.201378003368896,-1.3178521746165082
GW231223_202619,11.1,8.3,18.7,19.4,0.6999999999999993,2.049740166440754,17.350259833559246,-7.217861852624349,-1.3497401664407533
GW231020_142947,12.0,7.4,18.8,19.4,0.5999999999999979,2.0271708599586455,17.372829140041354,-7.591334361482163,-1.4271708599586468
GW230729_082317,12.3,7.6,19.3,19.9,0.5999999999999979,2.044726606257519,17.85527339374248,-7.485630084235863,-1.4447266062575217
GW231118_090602,12.9,7.4,19.6,20.3,0.6999999999999993,2.04669152970758,18.25330847029242,-6.8708751515692885,-1.3466915297075808
GW231104_133418,12.2,8.6,20.0,20.799999999999997,0.7999999999999972,2.0920103922778073,18.70798960772219,-6.460051961389049,-1.2920103922778097
GW230723_101834,16.6,10.6,26.4,27.200000000000003,0.8000000000000043,2.2743429634876877,24.925657036512316,-5.584632437453344,-1.4743429634876826
GW230706_104333,16.3,11.5,26.6,27.8,1.1999999999999993,2.3045013738161817,25.495498626183817,-4.152260803820241,-1.1045013738161842
GW230605_065343,17.4,11.0,27.3,28.4,1.0999999999999979,2.3057575149311273,26.09424248506887,-4.4166941938869195,-1.205757514931129
GW231118_005626,20.0,10.8,29.4,30.8,1.4000000000000021,2.3396510464738163,28.460348953526186,-3.1960919948088877,-0.9396510464738128
GW231114_043211,22.8,8.2,30.1,31.0,0.8999999999999986,2.235782091018745,28.764217908981255,-4.4378142558762335,-1.3357820910187463
GW231110_040320,19.4,12.6,30.6,32.0,1.3999999999999986,2.40360556185622,29.59639443814378,-3.2797567380922295,-1.0036055618562223
GW231014_040532,20.6,14.7,33.8,35.3,1.5,2.496927441775577,32.80307255822442,-2.9494894727088035,-0.9969274417755756
GW230927_153832,21.7,16.6,36.5,38.3,1.7999999999999972,2.573812990061914,35.72618700993808,-2.1200355892107394,-0.77381299006192
GW231231_154016,22.5,17.2,38.1,39.7,1.6000000000000014,2.6047264266335914,37.09527357336641,-2.637077235258763,-1.0047264266335887
GW231108_125142,23.2,17.4,38.9,40.599999999999994,1.6999999999999957,2.622184691039444,37.97781530896055,-2.3706547327492227,-0.9221846910394476
GW230624_113103,27.1,16.1,41.7,43.2,1.5,2.639889198957963,40.56011080104204,-2.733547239707337,-1.1398891989579596
GW230712_090405,32.0,12.5,44.0,44.5,0.5,2.5509770424051634,41.949022957594835,-4.661311460011739,-2.050977042405165
GW240109_050431,28.7,18.1,45.2,46.8,1.5999999999999943,2.7230250851489926,44.07697491485101,-2.48456877245353,-1.1230250851489956
GW230919_215712,27.3,21.4,46.5,48.7,2.200000000000003,2.7909934496173627,45.90900655038264,-1.2709536550910918,-0.5909934496173577
GW231005_091549,28.8,21.2,48.0,50.0,2.0,2.8083522193594366,47.191647780640565,-1.6840671236654892,-0.8083522193594348
GW230708_053705,29.1,22.7,49.4,51.8,2.3999999999999986,2.848489006973163,48.95151099302684,-0.90787248375134,-0.44848900697316196
GW230924_124453,28.8,23.2,49.4,52.0,2.6000000000000014,2.855337494531059,49.14466250546894,-0.5168775192936339,-0.25533749453105514
GW230704_021211,32.6,20.0,50.7,52.6,1.8999999999999986,2.8256897846965594,49.774310215303444,-1.8258181157723048,-0.9256897846965586
GW230805_034249,32.2,22.6,52.4,54.800000000000004,2.4000000000000057,2.888711527014893,51.91128847298511,-0.9326555859062698,-0.4887115270148854
GW230911_195324,33.9,21.6,53.1,55.5,2.3999999999999986,2.8842608325369894,52.61573916746301,-0.9119789689962138,-0.4842608325369895
GW230920_071124,32.4,23.8,53.8,56.2,2.4000000000000057,2.9196574491737066,53.2803425508263,-0.9659060393563189,-0.5196574491736996
GW230811_032116,35.4,22.3,55.3,57.7,2.4000000000000057,2.9196301925973906,54.780369807402614,-0.9396567678072022,-0.5196301925973827
GW230702_185453,40.0,18.0,57.0,58.0,1.0,2.83573889631951,55.16426110368049,-3.2205945549465125,-1.835738896319512
GW230930_110730,34.5,24.4,56.3,58.9,2.6000000000000014,2.960206429834681,55.93979357016532,-0.6397982767933856,-0.3602064298346761
GW230628_231200,32.5,27.0,56.4,59.5,3.1000000000000014,2.989264451887915,56.51073554811209,0.19633962431221466,0.11073554811208908
GW230609_064958,35.4,25.2,58.0,60.599999999999994,2.5999999999999943,2.989409950346558,57.61059004965344,-0.6713964661147606,-0.3894099503465611
GW230814_230901,33.7,28.2,59.0,61.900000000000006,2.9000000000000057,3.0295237333524248,58.87047626664758,-0.21953175144478185,-0.1295237333524213
GW230927_043729,35.0,27.1,59.0,62.1,3.1000000000000014,3.0251488551026453,59.07485114489736,0.12686634728365895,0.07485114489735878
GW231213_111417,35.6,27.2,59.6,62.8,3.1999999999999957,3.034888308893143,59.76511169110685,0.2770330387698848,0.1651116911068513
GW230606_004305,37.6,25.7,60.8,63.3,2.5,3.02656665449975,60.273433345500244,-0.8660635764798568,-0.5265666544997529
GW230726_002940,35.6,27.9,60.6,63.5,2.8999999999999986,3.049089757552743,60.45091024244726,-0.24602270223225103,-0.14908975755274412
GW231206_233134,35.6,28.2,60.6,63.8,3.1999999999999957,3.055048225833961,60.74495177416603,0.23919434680863294,0.14495177416603156
GW231206_233901,37.6,28.5,63.1,66.1,2.999999999999993,3.0861389033420616,63.013861096657934,-0.13651173271326128,-0.08613890334206786
GW231113_122623,39.8,26.4,63.0,66.19999999999999,3.1999999999999886,3.066693330283549,63.13330666971644,0.21159788843879332,0.13330666971643979
GW230922_020344,39.3,29.2,65.4,68.5,3.0999999999999943,3.120377982532168,65.37962201746784,-0.031158994697503807,-0.020377982532167493
GW231129_081745,45.0,23.8,66.0,68.8,2.799999999999997,3.0526085405691923,65.7473914594308,-0.38274021298363436,-0.2526085405691987
GW231008_142521,45.0,25.6,69.0,70.6,1.5999999999999943,3.0987856270342053,67.50121437296579,-2.1721530826582742,-1.4987856270342093
GW230825_041334,44.0,27.2,67.0,71.2,4.200000000000003,3.1274639632440056,68.07253603675599,1.6008000548596888,1.0725360367559915
GW231118_071402,43.0,29.0,69.0,72.0,3.0,3.1568848335430135,68.84311516645698,-0.22736932397538773,-0.15688483354301752
GW230831_015414,42.0,30.0,69.0,72.0,3.0,3.166744452362063,68.83325554763793,-0.24165862661169185,-0.16674445236206736
GW230803_033412,44.0,29.0,70.0,73.0,3.0,3.1670508685942766,69.83294913140573,-0.23864409799181935,-0.16705086859427354
GW231127_165300,45.0,28.0,71.0,73.0,2.0,3.1550497332871097,69.84495026671289,-1.6268306102635417,-1.1550497332871146
GW240104_164932,42.3,32.2,70.7,74.5,3.799999999999997,3.212255190352332,71.28774480964766,0.831322220152277,0.5877448096476598
GW230709_122727,45.0,30.0,71.0,75.0,4.0,3.1979414958092844,71.80205850419071,1.1296598650573395,0.8020585041907111
GW231226_101520,40.2,35.1,71.6,75.30000000000001,3.700000000000017,3.237252829602605,72.0627471703974,0.646294930722635,0.46274717039740665
GW231221_135041,47.0,29.0,73.0,76.0,3.0,3.1957940427332474,72.80420595726676,-0.2682110174427949,-0.1957940427332403
GW231223_032836,46.0,31.0,73.0,77.0,4.0,3.2281899830625354,73.77181001693747,1.0572739958047468,0.7718100169374651
GW230608_205047,48.0,31.0,75.0,79.0,4.0,3.2473671478476107,75.75263285215239,1.0035104695365173,0.752632852152388
GW231119_075248,49.0,33.0,79.0,82.0,3.0,3.2964768119264205,78.70352318807358,-0.3752871037043354,-0.29647681192642494
GW230707_124047,46.1,36.3,78.0,82.4,4.400000000000006,3.3263049410137975,79.0736950589862,1.376532126905389,1.0736950589862033
GW230928_215827,54.0,29.0,79.0,83.0,4.0,3.2541994943613255,79.74580050563867,0.9440512729603412,0.7458005056386696
GW230630_125806,51.0,33.0,80.0,84.0,4.0,3.3148863706214855,80.68511362937852,0.8563920367231503,0.6851136293785203
GW230806_204041,51.0,35.0,82.0,86.0,4.0,3.352846867938452,82.64715313206155,0.789211136660423,0.6471531320615469
GW231230_170116,53.0,35.0,86.0,88.0,2.0,3.3710138147277844,84.62898618527221,-1.5942021101485917,-1.3710138147277888
GW230824_033047,53.0,36.0,84.0,89.0,5.0,3.389409806645523,85.61059019335448,1.9173692778029556,1.6105901933544828
GW240107_013215,59.0,33.0,87.0,92.0,5.0,3.379876479089495,88.62012352091051,1.8622109435752998,1.6201235209105107
GW230820_212515,62.0,34.0,92.0,96.0,4.0,3.422315695761264,92.57768430423873,0.6279177219986194,0.5776843042387299
GW230914_111401,60.0,37.0,91.2,97.0,5.799999999999997,3.466413410333197,93.5335865896668,2.5587572255118354,2.333586589666794
GW231004_232346,64.0,35.0,96.0,99.0,3.0,3.4567589296886947,95.54324107031131,-0.47579055175905144,-0.45675892968868936
GW231102_071736,61.0,42.0,98.0,103.0,5.0,3.5612776495045626,99.43872235049544,1.468084031117795,1.4387223504954392
GW230708_230935,64.0,40.0,99.0,104.0,5.0,3.5512234359608366,100.44877656403916,1.4634106707466308,1.4487765640391643
GW230819_171910,70.0,35.0,102.0,105.0,3.0,3.4955168610852843,101.50448313891472,-0.48580084420125297,-0.49551686108527804
GW231029_111508,65.0,42.0,101.0,107.0,6.0,3.5930580229146925,103.40694197708531,2.383110868401297,2.40694197708531
GW230601_224134,64.0,44.0,102.0,108.0,6.0,3.6176959776923385,104.38230402230766,2.3355921787330045,2.3823040223076646
GW230814_061920,69.0,42.0,106.0,111.0,5.0,3.622337914473662,107.37766208552634,1.299681212760697,1.3776620855263388
GW231001_140220,76.0,41.0,111.0,117.0,6.0,3.650267123970545,113.34973287602945,2.1168764648913956,2.3497328760294494
GW230922_040658,76.0,51.0,119.0,127.0,8.0,3.8131856997852256,123.18681430021478,3.518331344718301,4.1868143002147775
GW231005_021030,84.0,50.0,127.0,134.0,7.0,3.8505540078932596,130.14944599210673,2.4798787339423107,3.1494459921067346
GW230704_212616,89.0,50.0,132.0,139.0,7.0,3.87976907616735,135.12023092383265,2.3638113059338264,3.1202309238326507
GW231028_153006,94.0,59.0,144.0,153.0,9.0,4.040094641656323,148.9599053583437,3.444378721072007,4.95990535834369
GW231123_135430,137.0,101.0,222.0,238.0,16.0,4.724441991829948,233.27555800817007,5.079080183860389,11.275558008170066
