event,m1,m2,Mt,V1,V2,Vjoin,expected,actual,diff_Msun,diff_pct
GW150914,36.0,29.0,65.0,311321.73913043475,250786.95652173914,562108.6956521738,61.92418092501678,62.0,-0.07581907498322238,-0.12228883061810063
GW190521,85.0,66.0,151.0,735065.2173913042,570756.5217391304,1305821.7391304346,146.93161803727997,142.0,4.931618037279975,3.4729704487887147
GW170104,31.2,19.4,50.599999999999994,269812.17391304346,167767.8260869565,437580.0,47.80792014552337,48.7,-0.8920798544766342,-1.8317861488226574
GW170814,30.5,25.3,55.8,263758.6956521739,218790.0,482548.6956521739,52.87415247658729,53.2,-0.32584752341271184,-0.6124953447607365
GW151226,14.2,7.5,21.7,122799.13043478261,64858.69565217391,187657.8260869565,19.62234608899847,20.8,-1.1776539110015314,-5.661797649045823
GW230627_015337,8.4,5.74,14.14,72641.73913043478,49638.52173913044,122280.26086956522,12.303634587334132,13.57,-1.266365412665868,-9.332095892895122
GW231224_024321,9.3,7.31,16.61,80424.78260869566,63215.60869565216,143640.39130434784,14.659787778938997,15.89,-1.230212221061004,-7.742052995978628
GW230630_234532,10.0,6.6,16.6,86478.26086956522,57075.65217391303,143553.91304347824,14.666754293895846,16.1,-1.433245706104156,-8.902147242882954
GW230904_051013,10.6,7.1,17.7,91666.95652173912,61399.565217391304,153066.52173913043,15.723196851610494,17.1,-1.3768031483895076,-8.05148039993864
GW230731_215307,10.3,7.9,18.200000000000003,89072.60869565218,68317.82608695653,157390.4347826087,16.191308170168995,17.4,-1.2086918298310039,-6.946504769143701
GW231223_075055,11.9,6.8,18.7,102909.1304347826,58805.21739130434,161714.34782608692,16.70918904071483,18.1,-1.3908109592851723,-7.684038449089349
GW231018_233037,11.6,7.3,18.9,100314.78260869563,63129.13043478261,163443.91304347824,16.887542852782307,18.2,-1.3124571472176925,-7.211303006690619
GW231113_200417,11.6,7.4,19.0,100314.78260869563,63993.913043478264,164308.6956521739,16.982147825383493,18.3,-1.3178521746165082,-7.201378003368896
GW231223_202619,11.1,8.3,19.4,95990.86956521738,71776.95652173914,167767.8260869565,17.350259833559246,18.7,-1.3497401664407533,-7.217861852624349
GW231020_142947,12.0,7.4,19.4,103773.91304347826,63993.913043478264,167767.8260869565,17.372829140041354,18.8,-1.4271708599586468,-7.591334361482163
GW230729_082317,12.3,7.6,19.9,106368.2608695652,65723.47826086957,172091.73913043475,17.85527339374248,19.3,-1.4447266062575217,-7.485630084235863
GW231118_090602,12.9,7.4,20.3,111556.95652173914,63993.913043478264,175550.8695652174,18.25330847029242,19.6,-1.3466915297075808,-6.8708751515692885
GW231104_133418,12.2,8.6,20.799999999999997,105503.47826086955,74371.30434782608,179874.78260869562,18.70798960772219,20.0,-1.2920103922778097,-6.460051961389049
GW230723_101834,16.6,10.6,27.200000000000003,143553.91304347827,91666.95652173912,235220.8695652174,24.925657036512316,26.4,-1.4743429634876826,-5.584632437453344
GW230706_104333,16.3,11.5,27.8,140959.56521739127,99449.99999999999,240409.56521739124,25.495498626183817,26.6,-1.1045013738161842,-4.152260803820241
GW230605_065343,17.4,11.0,28.4,150472.17391304346,95126.08695652173,245598.2608695652,26.09424248506887,27.3,-1.205757514931129,-4.4166941938869195
GW231118_005626,20.0,10.8,30.8,172956.52173913043,93396.52173913043,266353.04347826086,28.460348953526186,29.4,-0.9396510464738128,-3.1960919948088877
GW231114_043211,22.8,8.2,31.0,197170.43478260867,70912.17391304347,268082.60869565216,28.764217908981255,30.1,-1.3357820910187463,-4.4378142558762335
GW231110_040320,19.4,12.6,32.0,167767.8260869565,108962.60869565216,276730.43478260865,29.59639443814378,30.6,-1.0036055618562223,-3.2797567380922295
GW231014_040532,20.6,14.7,35.3,178145.21739130435,127123.04347826086,305268.2608695652,32.80307255822442,33.8,-0.9969274417755756,-2.9494894727088035
GW230927_153832,21.7,16.6,38.3,187657.82608695654,143553.91304347827,331211.7391304348,35.72618700993809,36.5,-0.7738129900619128,-2.1200355892107203
GW231231_154016,22.5,17.2,39.7,194576.08695652176,148742.60869565216,343318.69565217395,37.09527357336641,38.1,-1.0047264266335887,-2.637077235258763
GW231108_125142,23.2,17.4,40.599999999999994,200629.56521739127,150472.17391304346,351101.7391304347,37.97781530896055,38.9,-0.9221846910394476,-2.3706547327492227
GW230624_113103,27.1,16.1,43.2,234356.08695652176,139230.0,373586.0869565217,40.56011080104204,41.7,-1.1398891989579596,-2.733547239707337
GW230712_090405,32.0,12.5,44.5,276730.4347826087,108097.82608695653,384828.26086956525,41.949022957594835,44.0,-2.050977042405165,-4.661311460011739
GW240109_050431,28.7,18.1,46.8,248192.60869565216,156525.65217391305,404718.2608695652,44.07697491485101,45.2,-1.1230250851489956,-2.48456877245353
GW230919_215712,27.3,21.4,48.7,236085.65217391303,185063.47826086954,421149.1304347826,45.90900655038264,46.5,-0.5909934496173577,-1.2709536550910918
GW231005_091549,28.8,21.2,50.0,249057.39130434784,183333.91304347824,432391.30434782605,47.191647780640565,48.0,-0.8083522193594348,-1.6840671236654892
GW230708_053705,29.1,22.7,51.8,251651.73913043478,196305.65217391303,447957.3913043478,48.95151099302684,49.4,-0.44848900697316196,-0.90787248375134
GW230924_124453,28.8,23.2,52.0,249057.39130434784,200629.56521739127,449686.95652173914,49.14466250546894,49.4,-0.25533749453105514,-0.5168775192936339
GW230704_021211,32.6,20.0,52.6,281919.13043478254,172956.52173913043,454875.65217391297,49.774310215303444,50.7,-0.9256897846965586,-1.8258181157723048
GW230805_034249,32.2,22.6,54.800000000000004,278460.0,195440.86956521738,473900.8695652174,51.91128847298511,52.4,-0.4887115270148854,-0.9326555859062698
GW230911_195324,33.9,21.6,55.5,293161.30434782605,186793.04347826086,479954.3478260869,52.61573916746301,53.1,-0.4842608325369895,-0.9119789689962138
GW230920_071124,32.4,23.8,56.2,280189.5652173913,205818.2608695652,486007.8260869565,53.2803425508263,53.8,-0.5196574491736996,-0.9659060393563189
GW230811_032116,35.4,22.3,57.7,306133.0434782608,192846.52173913043,498979.56521739124,54.780369807402614,55.3,-0.5196301925973827,-0.9396567678072022
GW230930_110730,34.5,24.4,58.9,298350.0,211006.9565217391,509356.95652173914,55.93979357016532,56.3,-0.3602064298346761,-0.6397982767933856
GW230628_231200,32.5,27.0,59.5,281054.3478260869,233491.30434782608,514545.65217391297,56.51073554811209,56.4,0.11073554811208908,0.19633962431221466
GW230702_185453,40.0,18.0,58.0,345913.04347826086,155660.86956521738,501573.9130434783,55.16426110368049,57.0,-1.835738896319512,-3.2205945549465125
GW230609_064958,35.4,25.2,60.599999999999994,306133.0434782608,217925.21739130432,524058.2608695651,57.61059004965344,58.0,-0.3894099503465611,-0.6713964661147606
GW230814_230901,33.7,28.2,61.900000000000006,291431.7391304348,243868.69565217392,535300.4347826088,58.87047626664758,59.0,-0.1295237333524213,-0.21953175144478185
GW230927_043729,35.0,27.1,62.1,302673.9130434783,234356.08695652176,537030.0,59.07485114489736,59.0,0.07485114489735878,0.12686634728365895
GW231213_111417,35.6,27.2,62.8,307862.60869565216,235220.86956521735,543083.4782608695,59.76511169110685,59.6,0.1651116911068513,0.2770330387698848
GW230726_002940,35.6,27.9,63.5,307862.60869565216,241274.34782608695,549136.9565217391,60.45091024244726,60.6,-0.14908975755274412,-0.24602270223225103
GW231206_233134,35.6,28.2,63.8,307862.60869565216,243868.69565217392,551731.304347826,60.74495177416603,60.6,0.14495177416603156,0.23919434680863294
GW230606_004305,37.6,25.7,63.3,325158.26086956525,222249.1304347826,547407.3913043479,60.273433345500244,60.8,-0.5265666544997529,-0.8660635764798568
GW231113_122623,39.8,26.4,66.19999999999999,344183.47826086957,228302.60869565213,572486.0869565217,63.13330666971644,63.0,0.13330666971643979,0.21159788843879332
GW231206_233901,37.6,28.5,66.1,325158.26086956525,246463.04347826084,571621.304347826,63.013861096657934,63.1,-0.08613890334206786,-0.13651173271326128
GW230922_020344,39.3,29.2,68.5,339859.56521739124,252516.52173913043,592376.0869565217,65.37962201746784,65.4,-0.020377982532167493,-0.031158994697503807
GW231129_081745,45.0,23.8,68.8,389152.1739130435,205818.2608695652,594970.4347826086,65.7473914594308,66.0,-0.2526085405691987,-0.38274021298363436
GW230825_041334,44.0,27.2,71.2,380504.3478260869,235220.86956521735,615725.2173913042,68.07253603675599,67.0,1.0725360367559915,1.6008000548596888
GW231008_142521,45.0,25.6,70.6,389152.1739130435,221384.34782608697,610536.5217391305,67.50121437296579,69.0,-1.4987856270342093,-2.1721530826582742
GW231118_071402,43.0,29.0,72.0,371856.52173913043,250786.95652173914,622643.4782608696,68.84311516645698,69.0,-0.15688483354301752,-0.22736932397538773
GW230831_015414,42.0,30.0,72.0,363208.6956521739,259434.78260869565,622643.4782608695,68.83325554763793,69.0,-0.16674445236206736,-0.24165862661169185
GW230803_033412,44.0,29.0,73.0,380504.3478260869,250786.95652173914,631291.304347826,69.83294913140573,70.0,-0.16705086859427354,-0.23864409799181935
GW240104_164932,42.3,32.2,74.5,365803.0434782608,278460.0,644263.0434782607,71.28774480964766,70.7,0.5877448096476598,0.831322220152277
GW230709_122727,45.0,30.0,75.0,389152.1739130435,259434.78260869565,648586.9565217391,71.80205850419071,71.0,0.8020585041907111,1.1296598650573395
GW231127_165300,45.0,28.0,73.0,389152.1739130435,242139.13043478262,631291.3043478262,69.84495026671289,71.0,-1.1550497332871146,-1.6268306102635417
GW231226_101520,40.2,35.1,75.30000000000001,347642.60869565216,303538.69565217395,651181.3043478262,72.0627471703974,71.6,0.46274717039740665,0.646294930722635
GW231221_135041,47.0,29.0,76.0,406447.8260869565,250786.95652173914,657234.7826086956,72.80420595726676,73.0,-0.1957940427332403,-0.2682110174427949
GW231223_032836,46.0,31.0,77.0,397799.99999999994,268082.60869565216,665882.6086956521,73.77181001693747,73.0,0.7718100169374651,1.0572739958047468
GW230608_205047,48.0,31.0,79.0,415095.652173913,268082.60869565216,683178.2608695652,75.75263285215239,75.0,0.752632852152388,1.0035104695365173
GW230707_124047,46.1,36.3,82.4,398664.7826086957,313916.08695652167,712580.8695652173,79.0736950589862,78.0,1.0736950589862033,1.376532126905389
GW231119_075248,49.0,33.0,82.0,423743.47826086957,285378.2608695652,709121.7391304348,78.70352318807358,79.0,-0.29647681192642494,-0.3752871037043354
GW230928_215827,54.0,29.0,83.0,466982.60869565216,250786.95652173914,717769.5652173914,79.74580050563867,79.0,0.7458005056386696,0.9440512729603412
GW230630_125806,51.0,33.0,84.0,441039.13043478254,285378.2608695652,726417.3913043477,80.68511362937852,80.0,0.6851136293785203,0.8563920367231503
GW230806_204041,51.0,35.0,86.0,441039.13043478254,302673.9130434783,743713.0434782607,82.64715313206155,82.0,0.6471531320615469,0.789211136660423
GW230824_033047,53.0,36.0,89.0,458334.7826086956,311321.73913043475,769656.5217391304,85.61059019335448,84.0,1.6105901933544828,1.9173692778029556
GW231230_170116,53.0,35.0,88.0,458334.7826086956,302673.9130434783,761008.6956521738,84.62898618527221,86.0,-1.3710138147277888,-1.5942021101485917
GW240107_013215,59.0,33.0,92.0,510221.73913043475,285378.2608695652,795600.0,88.62012352091051,87.0,1.6201235209105107,1.8622109435752998
GW230914_111401,60.0,37.0,97.0,518869.5652173913,319969.5652173913,838839.1304347826,93.5335865896668,91.2,2.333586589666794,2.5587572255118354
GW230820_212515,62.0,34.0,96.0,536165.2173913043,294026.08695652167,830191.3043478259,92.57768430423873,92.0,0.5776843042387299,0.6279177219986194
GW231004_232346,64.0,35.0,99.0,553460.8695652174,302673.9130434783,856134.7826086957,95.54324107031131,96.0,-0.45675892968868936,-0.47579055175905144
GW231102_071736,61.0,42.0,103.0,527517.3913043478,363208.6956521739,890726.0869565217,99.43872235049544,98.0,1.4387223504954392,1.468084031117795
GW230708_230935,64.0,40.0,104.0,553460.8695652174,345913.04347826086,899373.9130434783,100.44877656403916,99.0,1.4487765640391643,1.4634106707466308
GW231029_111508,65.0,42.0,107.0,562108.6956521738,363208.6956521739,925317.3913043477,103.40694197708531,101.0,2.40694197708531,2.383110868401297
GW230601_224134,64.0,44.0,108.0,553460.8695652174,380504.3478260869,933965.2173913043,104.38230402230766,102.0,2.3823040223076646,2.3355921787330045
GW230819_171910,70.0,35.0,105.0,605347.8260869565,302673.9130434783,908021.7391304348,101.50448313891472,102.0,-0.49551686108527804,-0.48580084420125297
GW230814_061920,69.0,42.0,111.0,596700.0,363208.6956521739,959908.6956521738,107.37766208552634,106.0,1.3776620855263388,1.299681212760697
GW231001_140220,76.0,41.0,117.0,657234.7826086957,354560.86956521735,1011795.6521739131,113.34973287602945,111.0,2.3497328760294494,2.1168764648913956
GW230922_040658,76.0,51.0,127.0,657234.7826086957,441039.13043478254,1098273.9130434783,123.18681430021478,119.0,4.1868143002147775,3.518331344718301
GW231005_021030,84.0,50.0,134.0,726417.3913043478,432391.3043478261,1158808.6956521738,130.14944599210673,127.0,3.1494459921067346,2.4798787339423107
GW230704_212616,89.0,50.0,139.0,769656.5217391305,432391.3043478261,1202047.8260869565,135.12023092383265,132.0,3.1202309238326507,2.3638113059338264
GW231028_153006,94.0,59.0,153.0,812895.652173913,510221.73913043475,1323117.3913043477,148.9599053583437,144.0,4.95990535834369,3.444378721072007
GW231123_135430,137.0,101.0,238.0,1184752.1739130435,873430.4347826088,2058182.6086956523,233.27555800817007,222.0,11.275558008170066,5.079080183860389
