event,m1,m2,Mf,chi_eff,chi_f,Cf,pred,dev,rho
GW241109_115924,7.3,5.14,11.94,0.01,0.6731322068073087,8.058678670671588,11.551249241276478,-0.03255869001034516,1.5064647078438544e+17
GW240413_022019,7.9,5.57,12.92,0.07,0.6927642060649435,8.817524035390521,12.526042099980945,-0.030492097524694672,1.130607767876729e+17
GW240925_005809,9.02,6.99,15.32,0.02,0.6839653282629266,10.704692851591606,14.925078179039183,-0.025778186746789663,5.7916783548983896e+16
GW250118_055802,10.3,6.9,16.6,0.11,0.7013419291726203,11.615928608377896,16.0725450023302,-0.03177439744998793,4.72514549390202e+16
GW240910_103535,10.9,6.3,16.6,0.12,0.6891328664154863,11.63566493142009,16.097327977829387,-0.0302814471187117,4.569411143962832e+16
GW241130_110422,11.1,6.5,17.0,0.04,0.6626541821507963,11.93722027358942,16.475641160506974,-0.0308446376172368,4.003761002424813e+16
GW240601_231004,10.6,7.7,17.7,0.09,0.7016233008549447,12.442405023664435,17.107983731116693,-0.033447246829565305,3.8972956575545224e+16
GW240916_184352,10.7,7.8,17.8,0.05,0.6890444722026527,12.594350013167684,17.29783544508863,-0.02821149184895341,3.676510846578809e+16
GW240915_001357,10.9,7.7,17.88,0.13,0.7123700072691443,12.673753699836624,17.396987814722443,-0.027014104322010936,3.825902467274721e+16
GW240629_145256,11.1,7.8,18.1,0.04,0.6827192853472759,12.90317692637744,17.683241156076136,-0.023025350493031248,3.4078933286874908e+16
GW241102_124058,10.9,8.0,18.1,0.06,0.6927845918618311,12.89869288578461,17.677649623698194,-0.023334274933801503,3.488841878940869e+16
GW241114_235258,11.3,7.7,18.2,0.06,0.6864451047798227,12.983054926859811,17.78282640156969,-0.02292162628737966,3.3801813202127744e+16
GW240922_142106,11.5,7.8,18.4,0.07,0.6893000673884699,13.21294205065972,18.069206379572357,-0.017977914153676174,3.255271068654388e+16
GW240915_105151,11.6,7.5,18.5,0.07,0.6845557216517861,13.06613232422592,17.886357560431442,-0.03316986159830043,3.288090724634766e+16
GW240520_213616,11.4,8.0,18.7,0.0,0.6695608020311445,13.28546437970024,18.159482322419766,-0.02890468864065418,3.0569840844696016e+16
GW241231_054133,12.4,7.1,18.7,0.08,0.6738510743483069,13.390892063428462,18.29066141735469,-0.021889763777823958,3.032174333433281e+16
GW240830_211120,11.9,7.8,18.9,0.07,0.6859637100602123,13.523605305811959,18.455694880678696,-0.023508207371497516,3.029905829822049e+16
GW240627_131622,13.2,6.7,19.3,0.0,0.6269097377815791,13.720548859072629,18.700406799033384,-0.031067005231430894,2.594357450936406e+16
GW241225_042553,12.4,8.1,19.6,0.12,0.7023047210100247,14.138347115195046,19.21879176322957,-0.019449399835226016,2.8028565431234224e+16
GW240512_024139,12.6,8.0,19.7,0.14,0.7062555540420618,14.219366309317781,19.319201314816446,-0.019329882496627055,2.7867467574387892e+16
GW241009_084816,12.7,8.1,20.1,-0.05,0.6425220451746683,14.372686422713201,19.50911512750996,-0.029397257337812944,2.374899376843866e+16
GW240825_055146,13.2,7.9,20.3,0.07,0.6758537404025413,14.614012773213684,19.807777658344705,-0.024247405992871722,2.4300056953093464e+16
GW250119_190238,11.54,9.95,20.56,0.09,0.7112478106669958,14.873916495643183,20.129079482448294,-0.020959169141619896,2.5093782867894484e+16
GW240530_012417,14.1,8.3,21.6,0.04,0.6633311119312608,15.6225501171328,21.052601198758214,-0.025342537094527173,2.008957009937545e+16
GW240526_093944,14.5,8.4,22.1,0.22,0.7244961732704296,16.01366454425468,21.53397007483112,-0.025612213808546627,2.1470463165697356e+16
GW241110_124123,16.4,8.0,23.7,-0.31,0.5002101743988732,17.22095119388194,23.015336728521973,-0.028888745631984233,1.2654910317192664e+16
GW241011_233834,19.5,5.96,24.4,0.5,0.7700678917283855,18.197511163899065,24.208934234500703,-0.007830564159807213,1.751675048087484e+16
GW240622_004008,18.6,11.3,28.7,0.25,0.73944904877143,21.503646936958475,28.222740850375132,-0.01662923866288736,1.0937005369109652e+16
GW241113_163507,19.3,14.4,31.7,0.5,0.8329325278171107,24.4933396220576,31.821606895440038,0.0038361796668781845,1.02401697970354e+16
GW240531_040326,19.5,14.3,32.3,0.14,0.7183260542313074,24.575846859912836,31.92056203707814,-0.011747305353617815,7661701618126746.0
GW240428_225440,19.8,14.7,33.0,0.03,0.6840599721235222,25.13428927259266,32.58985099812908,-0.01242875763245212,6826971178599301.0
GW240930_035959,25.5,11.2,35.5,-0.05,0.580577311974218,27.04388842354024,34.872451486540164,-0.017677422914361564,4988085900199376.0
GW240527_230910,27.6,10.0,36.4,-0.03,0.5478049710069688,27.850898858089128,35.834437679842836,-0.015537426377944037,4484317366932671.0
GW240920_073424,24.7,13.4,36.7,-0.09,0.6046763310932982,28.102184860736433,36.13367298653434,-0.015431253772906264,4717288896837574.0
GW240507_041632,31.3,8.5,38.9,0.01,0.5000828462961716,29.77938810359928,38.127337553656524,-0.019862787823739708,3698838074688430.5
GW240513_183302,24.4,16.9,39.4,0.14,0.7140520146093655,30.630223757040646,39.13643330041445,-0.006689510141765125,4600369337663615.0
GW240902_143306,24.4,18.3,40.8,-0.03,0.6656660150038588,31.75253297052724,40.46527551595619,-0.008204031471661856,3906204599448921.0
GW241006_015333,24.6,20.3,42.7,0.07,0.7032283895917764,33.53045904532257,42.56547582559952,-0.0031504490491916243,3667209011773412.5
GW241111_111552,25.3,20.5,43.2,0.1,0.7116717734624216,34.267273064301484,43.43416955802065,0.005420591620848292,3501859935042895.0
GW240921_201835,34.9,9.8,43.7,0.0,0.5028312982707758,33.77611452751834,42.85520665734694,-0.019331655438285182,2816760750590703.0
GW240615_160735,28.5,20.0,45.9,0.28,0.7603410750657352,36.50264551319984,46.06398762843181,0.003572715216379347,3372340461608973.5
GW241210_060606,29.0,21.4,47.9,0.04,0.6867928699993073,38.05220828157377,47.882261617118665,-0.00037032114574808635,2679622850023955.5
GW240630_101703,28.6,21.6,48.0,-0.04,0.6630242983560927,37.88335832882461,47.68431069917982,-0.006576860433753791,2629242010268278.5
GW250101_011205,30.0,21.1,48.7,-0.05,0.6534542906488385,38.63836389234215,48.56910780963592,-0.002687724648133047,2464259052247995.0
GW240525_031210,31.1,21.4,50.2,0.17,0.7233076258728671,39.79689743120386,49.92517141845805,-0.005474672939082739,2617441025339137.0
GW241129_021832,30.4,23.0,50.6,0.17,0.7298579333495435,40.51818157912107,50.76846628605233,0.003329373242140888,2508331291461603.0
GW241130_034908,29.9,24.3,51.6,0.05,0.6962336317239826,41.166414600104204,51.525736456925806,-0.0014392159510503019,2294595591284427.5
GW240505_133552,31.0,23.1,51.8,-0.13,0.6330284788887546,41.09900856616645,51.447019074364114,-0.006814303583704308,2103067851748351.0
GW250116_015318,34.2,21.3,53.0,0.15,0.7077234524128059,42.304023315005686,52.853325817421066,-0.0027674374071497013,2211439066969922.2
GW240531_075248,33.0,22.6,53.1,0.04,0.6803468076253977,42.35876591310543,52.91716718366086,-0.003443179215426427,2104937243772282.0
GW240515_005301,37.1,18.5,53.2,0.47,0.8014903552033692,42.47372902818942,53.05122557177569,-0.00279651180872771,2691751122287478.0
GW240930_234614,35.8,21.9,55.5,0.04,0.6681356973901044,44.133452541728246,54.98473911639676,-0.009283979884743063,1906432453584944.2
GW240420_175625,34.6,23.8,56.0,0.0,0.6676314626075593,44.678131451099944,55.618517115566085,-0.006812194364891333,1846180025918814.5
GW241009_220455,33.2,25.5,56.0,0.11,0.7118216732516711,44.901356360114825,55.87815264112742,-0.002175845694153189,1952543021668497.8
GW250119_025138,33.8,26.7,57.1,0.06,0.6977759650761095,46.39133292206724,57.609636751918714,0.008925337161448556,1731229782447270.5
GW241101_220523,41.0,19.3,57.7,0.15,0.6725931074561845,46.40860248630694,57.62969021548484,-0.0012185404595348413,1693940950676135.8
GW240615_113620,34.0,26.4,57.8,-0.07,0.6555956079717726,46.31137595389855,57.51678600430037,-0.004899896119370689,1669074541949058.2
GW240703_191355,34.4,26.4,58.3,0.05,0.6928047087519865,46.64628795067257,57.905656197570806,-0.006764044638579602,1751645524074098.5
GW241007_082943,36.6,26.6,60.1,0.11,0.7080807231194622,48.65715821251125,60.23783101084703,0.0022933612453748787,1610645975661414.0
GW241009_022835,37.1,26.8,61.0,0.09,0.7011955163037745,49.242555938516105,60.91592873888031,-0.0013782173954047412,1561844773733846.2
GW241210_120900,40.0,23.6,62.0,-0.07,0.6250861152461529,49.058228929520084,60.7024526535488,-0.020928183007277477,1451451254932774.8
GW250109_010541,37.5,27.4,62.2,-0.11,0.6376537969466411,50.07444898355311,61.87892597724913,-0.005161961780560624,1371260054507730.0
GW240414_054515,38.8,25.9,62.2,0.03,0.6745130857149062,49.932871592009974,61.71508792361147,-0.007796014089847788,1467383158185821.8
GW250114_082203,33.76,32.26,62.9,-0.03,0.6769889603024739,50.97125351905796,62.91625405361644,0.0002584110272884393,1384889585340511.8
GW240621_195059,36.8,29.7,62.9,0.0,0.6802113295632097,51.39035472232969,63.40074281470325,0.007960935050926094,1343595723671061.0
GW240907_153833,38.0,28.3,63.0,0.04,0.68749287693368,51.23970331474693,63.22660753130322,0.0035969449413210033,1382748907445660.5
GW240501_033534,38.6,27.7,63.1,0.04,0.684538716994672,51.24904219171452,63.23740284167783,0.0021775410725487464,1379764174689721.8
GW240716_034900,40.3,26.5,63.9,-0.02,0.6562390259007767,51.693521346313744,63.75109829545949,-0.002330230118004794,1307074627847386.8
GW241002_030559,37.3,29.9,64.2,-0.1,0.6483533556283679,51.97701771270593,64.07863838141716,-0.0018903678906984198,1275106116646062.2
GW250118_170523,38.1,29.6,64.4,0.12,0.7156554569011323,52.40152771768932,64.56895043568888,0.0026234539703240754,1386687728593841.8
GW240919_061559,38.3,29.6,64.7,-0.02,0.6711148745974335,52.57005428811702,64.76355050144481,0.000982233407184058,1280028970600812.8
GW240908_082628,39.8,27.7,65.0,0.14,0.714440205340284,52.26167225426337,64.40743608230598,-0.00911636796452342,1427453256094784.5
GW240920_124024,37.1,31.9,65.6,-0.04,0.6709568874490031,53.4731821225875,65.80593370217127,0.0031392332648060867,1226724670965553.5
GW250109_074552,39.0,30.2,65.9,0.07,0.699707758977612,53.65862413385479,66.01987212141094,0.0018190003249003868,1281378739017842.5
GW241124_024914,42.0,26.0,67.0,0.04,0.6695561371637618,52.720048013603744,64.93672699792107,-0.030795119434013876,1350473596952840.2
GW241114_024711,47.0,25.0,68.9,0.12,0.6785706262700844,56.14642385659671,68.88685223190474,-0.00019082392010545183,1124758934604547.6
GW240511_031507,40.5,32.2,69.1,0.05,0.6950160024500335,56.590808777693496,69.3983736577668,0.004317997941632455,1124228079830660.4
GW240621_200935,41.6,31.6,70.0,-0.09,0.6475178358326785,57.021143333202005,69.89355473887576,-0.0015206465874890846,1039465017495711.0
GW241109_033317,42.4,31.7,70.0,0.01,0.6782049276753881,57.782163990465676,70.76885474647771,0.010983639235395921,1026484137060380.2
GW250118_023225,44.0,31.0,71.0,0.04,0.6829519192067594,58.55653164230712,71.65899219432956,0.009281580201824739,1009109549872926.5
GW241102_144729,44.4,31.0,72.0,-0.09,0.6396082399910918,58.89631305062659,72.04941045927887,0.0006862563788732561,952412965523087.5
GW241230_084504,42.4,33.5,72.4,-0.14,0.6346843967633301,59.28499183081349,72.4958939133884,0.0013245015661380451,930789449687872.1
GW240621_214041,45.0,32.0,73.0,0.0,0.6707839297709273,60.23948861000905,73.59181115976705,0.008107002188589691,932463674152691.0
GW240908_125134,45.0,32.0,74.0,-0.09,0.6414968330584693,60.23948861000905,73.59181115976705,-0.005516065408553413,922746177467710.2
GW241201_055758,47.0,33.0,76.0,0.13,0.7118916042685327,62.776783397168145,76.50145632400478,0.0065981095263786555,916901311948009.2
GW240924_000316,46.0,34.0,76.0,0.1,0.7061017296677701,62.76128126500218,76.48369464683215,0.006364403247791428,908443722372087.1
GW250104_015122,45.8,34.5,76.0,0.11,0.7105826811209168,63.0097220892616,76.76832511268111,0.010109540956330414,898673576083723.6
GW240923_204006,46.1,34.9,76.3,0.01,0.6791480715989422,63.60028585402362,77.44472422854165,0.015002938775119894,822555848680206.9
GW240705_053215,47.1,35.3,78.2,-0.03,0.6656093529730882,64.7875652242868,78.80376901783846,0.007720831430159327,788953497752348.6
GW240514_121713,46.8,36.7,78.9,0.01,0.681589011059757,65.70759557593568,79.85618077525702,0.012118894489949433,774925243835060.2
GW240527_183429,52.0,33.0,80.0,0.31,0.7633246115160599,67.04948909849371,81.39005466208683,0.017375683276085317,851820174892065.8
GW240601_061200,52.0,32.0,82.0,-0.08,0.6275865597567555,66.2147320978657,80.43602391876176,-0.019072879039490703,760289361209054.4
GW241229_155844,52.0,33.0,82.0,0.05,0.6758079468198928,67.04948909849371,81.39005466208683,-0.007438357779428958,773828222161635.4
GW241127_061008,63.8,20.8,83.0,-0.16,0.4609472374771011,67.15339756624672,81.50877528926385,-0.01796656277995359,614274559438754.5
GW240426_031451,52.0,36.0,84.0,-0.05,0.6518560127339413,69.56255667695217,84.25925076486877,0.0030863186293900854,669537177353312.8
GW250108_152221,54.0,36.0,86.0,0.05,0.6810183572330613,71.27769617395656,86.21498344837963,0.0024998075392979875,665366154890236.5
GW240612_081540,55.0,38.0,88.0,0.07,0.6909940602977158,73.81867531031466,89.10888573927316,0.012600974309922302,607906284060049.4
GW241225_082815,55.7,42.2,94.0,-0.17,0.6216745390823329,77.96889342930723,93.82695906735512,-0.0018408609855838376,506919366699204.2
GW241116_151753,70.0,24.0,95.0,0.28,0.6795672411287228,75.14000191913544,90.61213166367457,-0.04618808775079395,662279593954266.6
GW240519_012815,65.0,39.0,100.0,-0.04,0.6379573820421738,83.28997036479191,99.86157013140722,-0.0013842986859278028,448319462730753.5
GW240618_071627,65.0,40.0,101.0,0.0,0.655117992240957,84.13419010817117,100.81758039646002,-0.0018061346885146897,450220094453392.56
GW241125_010116,60.0,47.0,101.0,0.09,0.7067059113634702,85.75185030452076,102.64841039813274,0.016320895031017222,442818790037118.75
GW240824_205609,70.0,37.0,103.0,0.08,0.6629945781899111,85.9440314586129,102.86582707164195,-0.0013026497898840275,434281772932487.25
GW241230_233618,68.0,49.0,112.0,-0.14,0.6265526556509834,94.38264556071351,112.39473362958955,0.0035244074070495757,330518439991418.3
