event,m1,m2,Mf,chi_eff,chi_f,Cf,pred,dev,rho,Mheld,Rmax_km,rs_km,rplus_km,ratio,ratio_kerr
GW230627_015337,8.4,5.74,13.57,0.02,0.6735567893393262,9.317134721841908,13.164447966231377,-0.0298859273226695,8.734774604884584e+16,4.252865278158092,116.17105589218323,40.08588498418421,34.85739232672253,2.8980539144394153,3.332752341405747
GW231224_024321,9.3,7.31,15.89,-0.01,0.6754331566862944,11.155435902890687,15.4934769879746,-0.0249542487114788,5.021284594830413e+16,4.734564097109313,120.43833334088062,46.939182932843565,40.776566161193315,2.5658378739398415,2.953616370362757
GW230630_234532,10.0,6.6,16.1,-0.04,0.6499695968133765,11.164017582024062,15.504283167373508,-0.0370010455047511,4.663414174988369e+16,4.935982417975939,122.10106558755653,47.55952455750669,41.851435451961564,2.567331501388703,2.9174881164520174
GW230904_051013,10.6,7.1,17.1,0.05,0.6814873155729035,11.995045871545148,16.54811145631451,-0.0322741838412568,4.113779260725566e+16,5.104954128454853,123.49899815113302,50.5135322939978,43.74042341498559,2.4448695734114723,2.8234522784436953
GW230731_215307,10.3,7.9,17.4,-0.05,0.6610308947626086,12.361484898320477,17.006812985613845,-0.0225969548497789,3.652035788237302e+16,5.038515101679522,122.98467163085697,51.39973461494512,44.98398594522903,2.3927102455330114,2.7339656334722964
GW231223_075055,11.9,6.8,18.1,0.07,0.6700482009397655,12.779022034720192,17.52837423215974,-0.0315815341348209,3.383349286142211e+16,5.320977965279809,125.22913262174285,53.46754003048889,46.578717816494326,2.342152501318243,2.688548300429967
GW231018_233037,11.6,7.3,18.2,0.01,0.6612708409665188,12.917008383551018,17.7004879709676,-0.027445715880901,3.2381805617069028e+16,5.282991616448982,124.94052331108422,53.76294080413801,47.04653110962405,2.323915348422827,2.65567982089812
GW231113_200417,11.6,7.4,18.3,0.13,0.7033535821521902,12.991522200248465,17.793380321039592,-0.0276841354623174,3.4976835922493936e+16,5.308477799751536,125.14164966299688,54.05834157778712,46.242590979895816,2.3149368998478175,2.7061989177337145
GW231223_202619,11.1,8.3,18.7,0.1,0.7069105342740347,13.278953908087988,18.15137939623676,-0.0293380002012429,3.3236967782529896e+16,5.421046091912011,126.02054603673413,55.23994467238355,47.1556609016771,2.2813300553455544,2.6724372774563783
GW231020_142947,12.0,7.4,18.8,0.14,0.7033043282267648,13.302404079622129,18.18056423688258,-0.032948710804118,3.2727740631744868e+16,5.497595920377872,126.60390538968377,55.535345446032665,47.50740291866113,2.2796996106328913,2.6649300448278805
GW230729_082317,12.3,7.6,19.3,0.12,0.6966852473390213,13.685441605386366,18.65680115947612,-0.0333263647939835,2.992754391567104e+16,5.614558394613635,127.49968802159276,57.01234931427821,48.955846846751776,2.2363521159031006,2.6043812176451477
GW231118_090602,12.9,7.4,19.6,0.08,0.6740882083946085,14.004952676246738,19.053391072889085,-0.0278882105668835,2.6943740411820704e+16,5.595047323753263,127.36739854045726,57.89855163522555,50.332683185454385,2.1998373870023853,2.5305108029143395
GW231104_133418,12.2,8.6,20.0,0.14,0.7154414563133452,14.359428178078474,19.49269762646592,-0.025365118676704,2.76957728722022e+16,5.640571821921526,127.72205749440822,59.080154729821984,50.17892257110232,2.161843652551197,2.5453328001100295
GW230723_101834,16.6,10.6,26.4,-0.18,0.5984924820448827,19.359738110997625,25.624467021472096,-0.0293762491866629,1.0908557431638798e+16,7.040261889002373,137.56866457771065,77.98580424336501,70.2312242773499,1.764021874396646,1.9587963330161908
GW230706_104333,16.3,11.5,26.6,0.19,0.731669736006576,19.816075836099834,26.178867955153592,-0.0158320317611432,1.301488136673821e+16,6.783924163900167,135.9216110646305,78.57660579066324,66.06953983378588,1.7297974339428799,2.057250760434757
GW230605_065343,17.4,11.0,27.3,0.06,0.6787680936190256,20.308029892349797,26.775699504284304,-0.0192051463632123,1.1063083648085716e+16,6.991970107650204,137.29287699765527,80.64441120620701,69.93292580319478,1.702447509308471,1.963207965644464
GW231118_005626,20.0,10.8,29.4,0.38,0.7747556478220603,22.246917287104747,29.119962341522324,-0.0095250904244106,1.0950582980826604e+16,7.153082712895252,138.39227495136006,86.8478274528383,70.87915102331307,1.5935030156800685,1.9525103355970086
GW231114_043211,22.8,8.2,30.1,0.08,0.596142852997711,22.539589058363376,29.47278211190093,-0.0208378035913312,7664142246626768.0,7.560410941636626,140.9370814343363,88.91563286838208,80.15203623036284,1.5850652679148032,1.7583718151498084
GW231110_040320,19.4,12.6,30.6,0.17,0.7184460492202069,23.159883144695733,30.21970170898748,-0.0124280487258995,8782525880207566.0,7.440116855304268,140.21986594999632,90.39263673662764,76.63409493839053,1.5512310627529067,1.8297321324499902
GW231014_040532,20.6,14.7,33.8,0.18,0.7292515378012752,25.78193279274406,33.365023984737434,-0.0128691128775906,7034366428774539.0,8.018067207255939,143.78788132039904,99.84546149339916,84.08214519963411,1.440104328927409,1.7100881641281525
GW230927_153832,21.7,16.6,36.5,0.03,0.6862487066271388,28.185164090149023,36.23245452578217,-0.0073300129922694,5268430708700060.0,8.314835909850977,145.5874749802719,107.8212823819251,93.12346105840919,1.3502665871156234,1.5633812717608946
GW231231_154016,22.5,17.2,38.1,-0.03,0.6671423243438511,29.316383585362328,37.57757898282516,-0.0137118377211244,4705832183981851.0,8.783616414637674,148.25929387643436,112.54769476031088,98.19394015272817,1.3173019153539955,1.5098619491776772
GW231108_125142,23.2,17.4,38.9,-0.08,0.6496575948455914,30.04798767562733,38.44605900546018,-0.0116694343069362,4322432193360618.5,8.85201232437267,148.6587936173931,114.91090094950374,101.13463212154763,1.2936874777678358,1.4699098666689077
GW230624_113103,27.1,16.1,41.7,0.17,0.7097029002572898,32.21342946868137,41.01028120772722,-0.0165400189993473,4130484529308535.0,9.486570531318634,152.12969190700176,123.18212261167885,104.98203146031723,1.2349981367554255,1.4491021919737392
GW230712_090405,32.0,12.5,44.0,-0.02,0.5687638551833223,33.43927864198777,42.457908524676526,-0.0350475335300789,3148805442662537.0,10.56072135801223,157.60040677956047,129.97634040560834,118.44099657179896,1.2125314983307545,1.3306237818087174
GW240109_050431,28.7,18.1,45.2,-0.07,0.6342929009659726,35.13651197139019,44.45778140978831,-0.0164207652701701,3012612344811302.0,10.063488028609811,155.18063946473427,133.52114968939767,118.37269623782156,1.1622176698277522,1.3109496057516692
GW230919_215712,27.3,21.4,46.5,0.18,0.7349639842959805,36.64552656076757,46.23180284848169,-0.005767680677813,3215208823292580.0,9.854473439232429,154.1636182416906,137.3613597468361,115.25347083206489,1.1223215795608164,1.3376049947018207
GW231005_091549,28.8,21.2,48.0,-0.03,0.6641252920138009,37.723938776370886,47.49737578702474,-0.0104713377703178,2674863085493443.0,10.276061223629114,156.3176557041261,141.79237135157274,123.89968362071994,1.102440520700074,1.26164693190536
GW230708_053705,29.1,22.7,49.4,0.06,0.6970146197808593,39.19387241637969,49.219573387903466,-0.0036523605687557,2570146590848559.0,10.206127583620308,156.01107499362766,145.9279821826603,125.2833254728939,1.0690963628781367,1.2452660751520517
GW230924_124453,28.8,23.2,49.4,0.02,0.6863689413688516,39.35351199996325,49.406418145831616,0.0001299219803971,2483953834182575.0,10.046488000036746,155.21545258004176,145.9279821826603,126.02731014335016,1.0636442048911237,1.2316017250823765
GW230704_021211,32.6,20.0,50.7,-0.01,0.6512900806688403,39.91223070041906,50.06006338926216,-0.0126220238804307,2325800122680617.0,10.787769299580944,158.87885784400345,149.76819224009873,131.70830901886035,1.060831779215837,1.2062933540605425
GW230805_034249,32.2,22.6,52.4,0.06,0.6891225116554882,41.6908372972932,52.1379523038576,-0.0050009102317251,2218480278646312.8,10.709162702706799,158.5486900197883,154.7900053921336,133.47889309843748,1.0242824762369684,1.187818435854592
GW230911_195324,33.9,21.6,53.1,-0.02,0.652570230469455,42.2967777913488,52.844875721134926,-0.0048046003552744,2025441688875720.0,10.8032222086512,159.0180451144098,156.85781080767734,137.8567023062862,1.0137719269165444,1.15350245910502
GW230920_071124,32.4,23.8,53.8,0.0,0.6735940573957931,42.838379828818425,53.47633090998308,-0.0060161540895338,2040512794581155.5,10.961620171181572,159.78933984770882,158.92561622322108,138.19388977769364,1.005434766559436,1.156269210634094
GW230811_032116,35.4,22.3,55.3,0.03,0.6681878451233262,44.12358092732516,54.97324932342496,-0.0059086921622972,1895764012889331.2,11.17641907267484,160.8381739506383,163.35662782795777,142.44637585746656,0.9845830933779324,1.1291138365750686
GW230930_110730,34.5,24.4,56.3,0.02,0.676790325371004,45.085917979945776,56.09277289213236,-0.0036807656814855,1825939665877239.2,11.21408202005422,161.04023127205107,166.31063556444886,144.37225302805842,0.9683098782317178,1.1154513966111845
GW230628_231200,32.5,27.0,56.4,-0.01,0.67866365696036,45.55237577130853,56.63501814024395,0.0041669883021977,1762593924824804.8,10.847624228691465,159.31919875944325,166.60603633809797,144.48485397745137,0.9562630638192043,1.1026705870797153
GW230702_185453,40.0,18.0,57.0,0.05,0.6256621176990206,44.51669798796553,55.43071415743489,-0.0275313305713176,1810433721510407.5,12.483302012034471,166.75974578166267,168.37844097999266,149.86474059312397,0.9903865649966297,1.1127350244071612
GW230609_064958,35.4,25.2,58.0,-0.14,0.625287504320236,46.49707127722817,57.73241499739748,-0.0046135345276297,1582236097152108.5,11.502928722771827,162.41770947504256,171.33244871648375,152.51967255966125,0.9479681793599235,1.0648967883897698
GW230814_230901,33.7,28.2,59.0,-0.01,0.6790245557926518,47.5469034633338,58.95073491020327,-0.0008350015219785,1621991879821083.0,11.453096536666202,162.2155606173699,174.28645645297482,151.1164278497869,0.9307410565268918,1.073447559113929
GW230927_043729,35.0,27.1,59.0,0.01,0.6807450808202368,47.72645180847927,59.15897425880515,0.0026944789627991,1601285311727343.8,11.273548191520732,161.38785701791832,174.28645645297482,150.9774205363841,0.9259919577369069,1.068953598786816
GW231213_111417,35.6,27.2,59.6,0.06,0.6956742617983607,48.31230755700585,59.83819794138494,0.0039966097547808,1594440163180933.2,11.28769244299415,161.4692070464262,176.05886109486948,151.26602139763713,0.9171319525883923,1.0674519337159512
GW230726_002940,35.6,27.9,60.6,-0.02,0.6720804483036129,48.89075334828118,60.508461175796654,-0.0015105416535205,1510918430434503.0,11.709246651718821,163.42320668454076,179.01286883136063,155.78399219913655,0.9129131763063015,1.0490372237709706
GW231206_233134,35.6,28.2,60.6,-0.08,0.6538570141946962,49.13893896424874,60.7959304843839,0.0032331763099653,1437619891963453.8,11.461061035751264,162.2938936754552,179.01286883136063,157.22862605805966,0.9066046186229462,1.0322159376723492
GW230606_004305,37.6,25.7,60.8,-0.11,0.6306863397469549,48.75713269914888,60.35366305744871,-0.0073410681340672,1445296934678005.2,12.042867300851114,164.922168780265,179.6036703786588,159.4914580772327,0.9182561159945075,1.0340501665010957
GW231113_122623,39.8,26.4,63.0,0.33,0.7730234046615082,51.188662434669226,63.16760506778253,0.00266039790131,1643810954928273.2,11.811337565330774,163.9447188715768,186.10248739893925,152.0808592943347,0.8809378163771456,1.0780102087290355
GW231206_233901,37.6,28.5,63.1,-0.05,0.6601174332313459,51.0684365262246,63.0286153219962,-0.0011312944216133,1346792487257654.5,12.0315634737754,164.93020193318335,186.39788817258835,163.20648804102453,0.8848287046067401,1.010561552502285
GW230922_020344,39.3,29.2,65.4,0.03,0.6841197385848624,53.08154606208867,65.35400741690707,-0.0007032505060082,1284914459259440.0,12.318453937911336,166.25063415457413,193.1921059665179,167.05028875812755,0.8605456901193831,0.9952130905639365
GW231129_081745,45.0,23.8,66.0,0.03,0.6446532649666135,53.45996550813459,65.79068486731016,-0.0031714414043914,1195987003202609.2,12.540034491865413,167.2273557062686,194.96451060841252,172.0050115033363,0.857732287709253,0.9722237407194672
GW230825_041334,44.0,27.2,67.0,0.29,0.7545547362915168,55.40582986445322,68.03397622682142,0.0154324809973346,1283698791590463.5,11.594170135546783,163.0673168225153,197.91851834490365,163.89999782659336,0.8239113660822039,0.9949195789193417
GW231008_142521,45.0,25.6,69.0,-0.01,0.6410021625498179,54.937009887156464,67.4938194959155,-0.0218287029577463,1164974806634890.8,14.062990112843536,173.62577940840282,203.82653381788583,180.13568125388855,0.8518310945891536,0.9638611195729152
GW231118_071402,43.0,29.0,69.0,0.12,0.7052448611791696,56.04637075059777,68.7716589711031,-0.0033092902738682,1190272615974411.5,12.953629249402233,169.0658210845768,203.82653381788583,174.16608504214463,0.8294593344536443,0.9707160900106719
GW230831_015414,42.0,30.0,69.0,0.04,0.6841447651582783,56.0285990667647,68.75119711305422,-0.0036058389412432,1149349088973716.0,12.971400933235302,169.14082516295264,203.82653381788583,176.24332511006878,0.8298273144068473,0.9597006017522625
GW230803_033412,44.0,29.0,70.0,0.07,0.6865199819069135,56.89508987217368,69.74852340006353,-0.0035925228562352,1115875504555249.8,13.104910127826322,169.72606744623255,206.78054155437692,178.56646742001175,0.8208028964930426,0.9504923847040921
GW240104_164932,42.3,32.2,70.7,0.09,0.7049317766776109,58.11436940081276,71.15078859891877,0.0063760763637731,1073557988696836.8,12.58563059918724,167.5392050974841,208.8483469699207,178.4896412506358,0.8022050809988641,0.9386494584423808
GW230709_122727,45.0,30.0,71.0,0.08,0.6909638625770611,58.57472548397496,71.67989990062492,0.0095760549383791,1021267605853650.2,12.425274516025041,166.85429729133566,209.73454929086802,180.67470544726032,0.795549888444634,0.9235066794673209
GW231127_165300,45.0,28.0,71.0,0.05,0.6735710998987868,56.91674799814302,69.77344324421514,-0.0172754472645754,1124128819202037.6,14.083252001856977,173.7524582504277,209.73454929086802,182.37702999493055,0.8284398485509464,0.9527102083812716
GW231226_101520,40.2,35.1,71.6,-0.08,0.6591957177628526,58.762984518029526,71.89622391506423,0.0041372055176568,976993046915805.8,12.837015481970468,168.63494096009984,211.50695393276266,185.27706845033632,0.7973021114648945,0.9101770789583848
GW231221_135041,47.0,29.0,73.0,0.01,0.6588818070339559,59.44738992242581,72.68240656221425,-0.0043505950381609,971916316682812.0,13.552610077574187,171.65145215600015,215.6425647638502,188.92946235707032,0.7959998636817149,0.9085478252808695
GW231223_032836,46.0,31.0,73.0,-0.16,0.6123998829600706,60.25706991066545,73.61199031093815,0.008383428916961,855657819038882.6,12.74293008933455,168.2687345834066,215.6425647638502,193.05919810070543,0.7803131759617004,0.8715913887492303
GW230608_205047,48.0,31.0,75.0,0.04,0.6743630540915978,61.961552626668094,75.56714614764594,0.0075619486352792,882727019064900.9,13.038447373331906,169.56691245716974,221.55058023683245,192.5717576866548,0.7653643347532948,0.8805388416980768
GW230707_124047,46.1,36.3,78.0,-0.05,0.6629243342463322,64.77521645544806,78.78963916277954,0.010123579009994,780754141861024.2,13.22478354455194,170.41657081663595,230.41260344630575,201.45969313445178,0.7396147965332505,0.8459090161668318
GW231119_075248,49.0,33.0,79.0,0.0,0.6654840531596173,64.48315904093393,78.45542469891356,-0.0068933582416004,827601112705186.0,14.516840959066073,175.64738072594403,233.3666111827968,203.77713299817523,0.7526671439229963,0.8619582489047822
GW230928_215827,54.0,29.0,79.0,0.4,0.7815205948710897,65.43523512075576,79.544695648129,0.0068948816218859,965971336239966.0,13.564764879244237,171.84116067464598,233.3666111827968,189.479621328036,0.7363570984027457,0.9069110412520116
GW230630_125806,51.0,33.0,80.0,0.18,0.7214483718880278,66.19317403428926,80.4113789273265,0.0051422365915811,833931837479611.4,13.806825965710743,172.8478625001775,236.32061891928794,199.98256956347242,0.7314125330689462,0.8643146394081979
GW230806_204041,51.0,35.0,82.0,0.08,0.6936635462787795,67.86714026204305,82.32405646747283,0.0039519081399125,753599150128726.1,14.132859737956949,174.20034666155183,242.22863439227012,208.35285852887017,0.7191567053936659,0.8360833054633323
GW230824_033047,53.0,36.0,84.0,-0.01,0.6630629234324111,70.41971494487083,85.23689207252755,0.014724905625328,640676345409171.5,13.580285055129167,172.02092233949958,248.13664986525234,216.941364872647,0.6932507649833811,0.7929374024196931
GW231230_170116,53.0,35.0,86.0,-0.18,0.6031044577278704,69.58061359416617,84.27985086547966,-0.0200017341223295,662815567644861.2,16.419386405833833,182.93901541804453,254.0446653382345,228.3432482053882,0.7201057151681574,0.8011579797336339
GW240107_013215,59.0,33.0,87.0,0.32,0.7563616924659583,73.06622713915552,88.25235617760319,0.0143948985931401,699910884996657.4,13.933772860844485,173.51929019417298,256.9986730747256,212.55764580563928,0.6751758214086967,0.8163399135161545
GW230914_111401,60.0,37.0,91.2,0.12,0.696474227213203,77.28227987401672,93.04710827210424,0.0202533801765816,540562894872050.5,13.91772012598328,173.5509311617467,269.4055055679882,231.36299763694925,0.6441996454224234,0.7501239737310101
GW230820_212515,62.0,34.0,92.0,0.21,0.7150379533616875,76.49219307521255,92.14939091100072,0.0016238142500076,606084866630973.8,15.507806924787445,179.71870930169882,271.7687117571811,230.87915711290702,0.6612928623743606,0.7784102798582673
GW231004_232346,64.0,35.0,96.0,-0.04,0.6242223935882427,79.05976267026654,95.0653998613158,-0.0097354181112937,504358546509524.8,16.940237329733463,184.99962295644818,283.5847427031455,252.5671932903691,0.6523609880877989,0.7324768531745116
GW231102_071736,61.0,42.0,98.0,0.06,0.6874077916595925,82.36642642548149,98.81529813399996,0.0083193687142853,481056325740857.75,15.633573574518508,180.31450221559766,289.49275817612767,249.8715724906488,0.6228636023630482,0.7216287167774788
GW230708_230935,64.0,40.0,99.0,0.01,0.660448361437541,83.26828191870422,99.83700476551226,0.0084545935910329,449741966046501.2,15.731718081295782,180.69915121531622,292.44676591261884,256.01834921333915,0.6178873295159226,0.7058054696881914
GW231029_111508,65.0,42.0,101.0,0.14,0.7079495994186341,85.82612565087081,102.73244115497296,0.0171528827225045,441641290811946.2,15.173874349129193,178.65642781915759,298.35478138560103,254.5358557877205,0.5988053115470525,0.7018910057534474
GW230601_224134,64.0,44.0,102.0,-0.03,0.6577142353851219,86.6565816148931,103.6717793148917,0.0163899932832519,399206315443240.5,15.3434183851069,179.31661544518548,301.3087891220921,264.1374595176445,0.5951257378440604,0.6788761267434202
GW230819_171910,70.0,35.0,102.0,-0.04,0.6091750982336298,84.26448289423826,100.96509301301528,-0.0101461469312227,431032608685197.2,17.735517105761744,187.87958889016718,301.3087891220921,270.128715239405,0.6235449999237734,0.6955187593575771
GW230814_061920,69.0,42.0,106.0,0.07,0.6778672276452216,89.29597802372797,106.65494577170156,0.0061787336952976,399265736409556.06,16.70402197627203,184.365552360556,313.1248200680565,271.6646429652398,0.5887925215269899,0.6786512604223806
GW231001_140220,76.0,41.0,111.0,-0.04,0.6220426921128858,94.54391400940844,112.57651400533692,0.0142028288769091,315287331730386.44,16.45608599059156,183.58314213409147,327.89485875051196,292.315532957991,0.5598841739503329,0.6280307456684979
GW230922_040658,76.0,51.0,119.0,0.31,0.7672226386772768,103.05550717900962,122.15477714152172,0.0265107322816951,318119831567380.9,15.944492820990376,181.89911003231802,351.5269206424408,288.4947817312796,0.5174542811682368,0.6305109192642145
GW231005_021030,84.0,50.0,127.0,0.1,0.6856217170521971,109.19620242671976,129.0468336226498,0.0161168001783447,249902322963686.38,17.803797573280235,188.5976648827304,375.15898253436956,324.12948403241086,0.5027139790407453,0.5818590229325508
GW230704_212616,89.0,50.0,132.0,0.27,0.739034469605304,113.58387777715473,133.96276308306014,0.0148694172959101,253392397520533.0,18.416122222845274,190.74743782380955,389.92902121682505,326.30578707957864,0.4891850245682072,0.5845665182067107
GW231028_153006,94.0,59.0,144.0,0.45,0.8094607684425743,125.7106567482077,147.51538579013834,0.0244124013204051,227279710328801.0,18.289343251792303,190.55367437173996,425.3771140547182,337.57374021846516,0.4479640960355666,0.5644801466145463
GW231123_135430,137.0,101.0,222.0,0.32,0.7758613884038505,200.59309641619456,230.3677432544632,0.0376925371822665,66645622457868.64,21.406903583805445,201.72598630205871,655.7897175010239,534.7648414995656,0.30760772991495366,0.37722372648206826
