event,m1,m2,Mf,chi_eff,chi_f,Cf,pred,dev,rho,M_rd,M_outside_choke,R_out_km,rs_km,dM,frac_out
GW230627_015337,8.4,5.74,13.57,0.02,0.6735567893393262,9.317134721841908,13.164447966231377,-0.0298859273226695,8.734774604884584e+16,9.467031764099703,4.128791221802522,143.4932274515368,40.08588498418422,0.30235580220341174,0.30425874884322196
GW231224_024321,9.3,7.31,15.89,-0.01,0.6754331566862944,11.155435902890687,15.4934769879746,-0.0249542487114788,5.021284594830413e+16,11.450929394193569,4.51378629177241,143.04622135619522,46.939182932843565,0.27936253025842867,0.28406458727327943
GW230630_234532,10.0,6.6,16.1,-0.04,0.6499695968133765,11.164017582024062,15.504283167373508,-0.0370010455047511,4.663414174988369e+16,11.460348395684157,4.703842914888462,145.93355694366753,47.55952455750669,0.2881771182804872,0.29216415620425223
GW230904_051013,10.6,7.1,17.1,0.05,0.6814873155729035,11.995045871545148,16.54811145631451,-0.0322741838412568,4.113779260725566e+16,12.38042062842736,4.818986221313527,145.22913697680627,50.51353229399779,0.2759987936592187,0.28181205972593726
GW230731_215307,10.3,7.9,17.4,-0.05,0.6610308947626086,12.361484898320477,17.006812985613845,-0.0225969548497789,3.652035788237302e+16,12.79145523945188,4.73566574455164,143.0844704782056,51.39973461494512,0.26485889428437465,0.27216469796273796
GW231223_075055,11.9,6.8,18.1,0.07,0.6700482009397655,12.779022034720192,17.52837423215974,-0.0315815341348209,3.383349286142211e+16,13.26413391537704,4.9736516366619945,145.50138889988543,53.46754003048889,0.26717492180237357,0.27478738324099417
GW231018_233037,11.6,7.3,18.2,0.01,0.6612708409665188,12.917008383551018,17.7004879709676,-0.027445715880901,3.2381805617069028e+16,13.421407173438253,4.929451456074402,144.57276598879764,53.76294080413799,0.2625600454154806,0.2708489811029891
GW231113_200417,11.6,7.4,18.3,0.13,0.7033535821521902,12.991522200248465,17.793380321039592,-0.0276841354623174,3.4976835922493936e+16,13.506563328733563,4.948286641168934,144.67412262951368,54.05834157778712,0.26193643012384904,0.2703981771130565
GW231223_202619,11.1,8.3,18.7,0.1,0.7069105342740347,13.278953908087988,18.15137939623676,-0.0293380002012429,3.3236967782529896e+16,13.83658084836987,5.033409166596917,145.2481734887737,55.23994467238355,0.26007589046150426,0.26916626559341805
GW231020_142947,12.0,7.4,18.8,0.14,0.7033043282267648,13.302404079622129,18.18056423688258,-0.032948710804118,3.2727740631744868e+16,13.863615126206698,5.10262559296023,146.1471260420976,55.535345446032665,0.2625736634996438,0.27141625494469307
GW230729_082317,12.3,7.6,19.3,0.12,0.6966852473390213,13.685441605386366,18.65680115947612,-0.0333263647939835,2.992754391567104e+16,14.30762963683909,5.183221656993945,146.47621585009546,57.01234931427821,0.25867203954201606,0.2685607076162666
GW231118_090602,12.9,7.4,19.6,0.08,0.6740882083946085,14.004952676246738,19.053391072889085,-0.0278882105668835,2.6943740411820704e+16,14.681656800281806,5.14141890843855,145.3360035821959,57.89855163522554,0.25093587753664265,0.26231729124686476
GW231104_133418,12.2,8.6,20.0,0.14,0.7154414563133452,14.359428178078474,19.49269762646592,-0.025365118676704,2.76957728722022e+16,15.100736187834283,5.155648072625117,144.93534363246482,59.080154729821984,0.24496319060828586,0.2577824036312558
GW230723_101834,16.6,10.6,26.4,-0.18,0.5984924820448827,19.359738110997625,25.624467021472096,-0.0293762491866629,1.0908557431638798e+16,21.686968892662513,5.847469742725253,149.42759400945295,77.98580424336501,0.17852390558096537,0.22149506601232022
GW230706_104333,16.3,11.5,26.6,0.19,0.731669736006576,19.816075836099834,26.178867955153592,-0.0158320317611432,1.301488136673821e+16,22.382956814392063,5.5638909315718665,146.2714281509622,78.57660579066325,0.15853545810556158,0.20916883201397993
GW230605_065343,17.4,11.0,27.3,0.06,0.6787680936190256,20.308029892349797,26.775699504284304,-0.0192051463632123,1.1063083648085716e+16,23.161552962348672,5.666745618923459,147.5001887231587,80.64441120620701,0.15159146658063474,0.2075730995942659
GW231118_005626,20.0,10.8,29.4,0.38,0.7747556478220603,22.246917287104747,29.119962341522324,-0.0095250904244106,1.0950582980826604e+16,26.526748648675497,5.480235434748189,146.40294318356078,86.8478274528383,0.09772963780015312,0.18640256580776154
GW231114_043211,22.8,8.2,30.1,0.08,0.596142852997711,22.539589058363376,29.47278211190093,-0.0208378035913312,7664142246626768.0,27.08752331045585,5.757640815892036,149.5825514865964,88.91563286838209,0.10008228204465618,0.19128374803628026
GW231110_040320,19.4,12.6,30.6,0.17,0.7184460492202069,23.159883144695733,30.21970170898748,-0.0124280487258995,8782525880207566.0,28.25393028691033,5.543049251659249,147.83622516156163,90.39263673662764,0.07666894487221151,0.1811454003810212
GW231014_040532,20.6,14.7,33.8,0.18,0.7292515378012752,25.78193279274406,33.365023984737434,-0.0128691128775906,7034366428774539.0,33.76714971359086,5.430646442789754,149.90966522207214,99.84546149339914,0.0009719019647673442,0.16067001310028858
GW230927_153832,21.7,16.6,36.5,0.03,0.6862487066271388,28.185164090149023,36.23245452578217,-0.0073300129922694,5268430708700060.0,36.49999999999999,5.032225361834331,150.22225180040633,107.8212823819251,1.9466924267400004e-16,0.1378691879954611
GW231231_154016,22.5,17.2,38.1,-0.03,0.6671423243438511,29.316383585362328,37.57757898282516,-0.0137118377211244,4705832183981851.0,38.1,5.0345847778963275,152.79653812860346,112.54769476031088,0.0,0.13214133275318443
GW231108_125142,23.2,17.4,38.9,-0.08,0.6496575948455914,30.04798767562733,38.44605900546018,-0.0116694343069362,4322432193360618.5,38.89999999999999,4.85528428098548,152.79184630525467,114.91090094950374,1.8265880096660674e-16,0.12481450593793009
GW230624_113103,27.1,16.1,41.7,0.17,0.7097029002572898,32.21342946868137,41.01028120772722,-0.0165400189993473,4130484529308535.0,41.699999999999996,4.535962343638152,155.7544909583953,123.18212261167882,1.7039394142928062e-16,0.10877607538700604
GW230712_090405,32.0,12.5,44.0,-0.02,0.5687638551833223,33.43927864198777,42.457908524676526,-0.0350475335300789,3148805442662537.0,44.0,4.719967510164768,161.80582500515314,129.97634040560834,0.0,0.10727198886738108
GW240109_050431,28.7,18.1,45.2,-0.07,0.6342929009659726,35.13651197139019,44.45778140978831,-0.0164207652701701,3012612344811302.0,45.2,3.7253868406372423,157.9184307910194,133.52114968939767,0.0,0.08242006284595668
GW230919_215712,27.3,21.4,46.5,0.18,0.7349639842959805,36.64552656076757,46.23180284848169,-0.005767680677813,3215208823292580.0,46.5,2.944489287539475,156.06801083621568,137.3613597468361,0.0,0.06332235026966612
GW231005_091549,28.8,21.2,48.0,-0.03,0.6641252920138009,37.723938776370886,47.49737578702474,-0.0104713377703178,2674863085493443.0,48.0,2.6630007292116455,158.17710520345668,141.79237135157274,0.0,0.05547918185857595
GW230708_053705,29.1,22.7,49.4,0.06,0.6970146197808593,39.19387241637969,49.219573387903466,-0.0036523605687557,2570146590848559.0,49.39999999999999,1.9081201500578773,157.33542005327564,145.9279821826603,1.4383456189475712e-16,0.03862591396878294
GW230924_124453,28.8,23.2,49.4,0.02,0.6863689413688516,39.35351199996325,49.406418145831616,0.0001299219803971,2483953834182575.0,49.39999999999999,1.749385653504726,156.386447365524,145.9279821826603,1.4383456189475712e-16,0.03541266505070296
GW230704_021211,32.6,20.0,50.7,-0.01,0.6512900806688403,39.91223070041906,50.06006338926216,-0.0126220238804307,2325800122680617.0,50.7,1.8235389803096982,160.3904402024096,149.76819224009873,0.0,0.03596723827040824
GW230805_034249,32.2,22.6,52.4,0.06,0.6891225116554882,41.6908372972932,52.1379523038576,-0.0050009102317251,2218480278646312.8,52.39999999999999,0.8397399156522264,159.52285662350627,154.79000539213357,1.3559975873284355e-16,0.016025570909393633
GW230911_195324,33.9,21.6,53.1,-0.02,0.652570230469455,42.2967777913488,52.844875721134926,-0.0048046003552744,2025441688875720.0,53.1,0.5475480016565248,159.90315945753517,156.85781080767734,0.0,0.01031163844927542
GW230920_071124,32.4,23.8,53.8,0.0,0.6735940573957931,42.838379828818425,53.47633090998308,-0.0060161540895338,2040512794581155.5,53.8,0.3118354044918214,160.63741412309872,158.9256162232211,0.0,0.005796197109513409
GW230811_032116,35.4,22.3,55.3,0.03,0.6681878451233262,44.12358092732516,54.97324932342496,-0.0059086921622972,1895764012889331.2,55.3,0.0,161.5275633871229,163.35662782795777,0.0,0.0
GW230930_110730,34.5,24.4,56.3,0.02,0.676790325371004,45.085917979945776,56.09277289213236,-0.0036807656814855,1825939665877239.2,56.3,0.0,161.57448510211228,166.31063556444886,0.0,0.0
GW230628_231200,32.5,27.0,56.4,-0.01,0.67866365696036,45.55237577130853,56.63501814024395,0.0041669883021977,1762593924824804.8,56.4,0.0,159.65276794741982,166.606036338098,0.0,0.0
GW230702_185453,40.0,18.0,57.0,0.05,0.6256621176990206,44.51669798796553,55.43071415743489,-0.0275313305713176,1810433721510407.5,56.99999999999999,9.057377124007997e-15,168.0235020049667,168.37844097999266,1.246566203087895e-16,1.5890135305277188e-16
GW230609_064958,35.4,25.2,58.0,-0.14,0.625287504320236,46.49707127722817,57.73241499739748,-0.0046135345276297,1582236097152108.5,58.0,0.0,162.84215730359733,171.33244871648373,0.0,0.0
GW230814_230901,33.7,28.2,59.0,-0.01,0.6790245557926518,47.5469034633338,58.95073491020327,-0.0008350015219785,1621991879821083.0,58.99999999999999,0.0,162.49053140567648,174.28645645297482,1.2043097216272884e-16,0.0
GW230927_043729,35.0,27.1,59.0,0.01,0.6807450808202368,47.72645180847927,59.15897425880515,0.0026944789627991,1601285311727343.8,58.99999999999999,0.0,161.59687726711655,174.28645645297482,1.2043097216272884e-16,0.0
GW231213_111417,35.6,27.2,59.6,0.06,0.6956742617983607,48.31230755700585,59.83819794138494,0.0039966097547808,1594440163180933.2,59.60000000000001,0.0,161.62821037655587,176.05886109486948,-1.1921857982552017e-16,0.0
GW230726_002940,35.6,27.9,60.6,-0.02,0.6720804483036129,48.89075334828118,60.508461175796654,-0.0015105416535205,1510918430434503.0,60.6,0.0,163.62490972926486,179.01286883136063,0.0,0.0
GW231206_233134,35.6,28.2,60.6,-0.08,0.6538570141946962,49.13893896424874,60.7959304843839,0.0032331763099653,1437619891963453.8,60.6,0.0,162.42224642673875,179.01286883136063,0.0,0.0
GW230606_004305,37.6,25.7,60.8,-0.11,0.6306863397469549,48.75713269914888,60.35366305744871,-0.0073410681340672,1445296934678005.2,60.8,0.0,165.22308040005112,179.6036703786588,0.0,0.0
GW231113_122623,39.8,26.4,63.0,0.33,0.7730234046615082,51.188662434669226,63.16760506778253,0.00266039790131,1643810954928273.2,63.0,0.0,164.00234828592747,186.10248739893925,0.0,0.0
GW231206_233901,37.6,28.5,63.1,-0.05,0.6601174332313459,51.0684365262246,63.0286153219962,-0.0011312944216133,1346792487257654.5,63.1,0.0,165.0250952533978,186.39788817258835,0.0,0.0
GW230922_020344,39.3,29.2,65.4,0.03,0.6841197385848624,53.08154606208867,65.35400741690707,-0.0007032505060082,1284914459259440.0,65.4,0.0,166.28320105918726,193.1921059665179,0.0,0.0
GW231129_081745,45.0,23.8,66.0,0.03,0.6446532649666135,53.45996550813459,65.79068486731016,-0.0031714414043914,1195987003202609.2,66.0,0.0,167.26647141177602,194.96451060841252,0.0,0.0
GW230825_041334,44.0,27.2,67.0,0.29,0.7545547362915168,55.40582986445322,68.03397622682142,0.0154324809973346,1283698791590463.5,66.99999999999997,2.717213137202399e-14,163.06731682251527,197.91851834490362,4.242046183642389e-16,4.055541995824476e-16
GW231008_142521,45.0,25.6,69.0,-0.01,0.6410021625498179,54.937009887156464,67.4938194959155,-0.0218287029577463,1164974806634890.8,69.0,9.057377124007997e-15,173.78980377871386,203.82653381788583,0.0,1.312663351305507e-16
GW231118_071402,43.0,29.0,69.0,0.12,0.7052448611791696,56.04637075059777,68.7716589711031,-0.0033092902738682,1190272615974411.5,69.0,9.057377124007997e-15,169.06847955158372,203.82653381788583,0.0,1.312663351305507e-16
GW230831_015414,42.0,30.0,69.0,0.04,0.6841447651582783,56.0285990667647,68.75119711305422,-0.0036058389412432,1149349088973716.0,69.0,0.0,169.1441139859712,203.82653381788583,0.0,0.0
GW230803_033412,44.0,29.0,70.0,0.07,0.6865199819069135,56.89508987217368,69.74852340006353,-0.0035925228562352,1115875504555249.8,70.0,0.0,169.72614276184058,206.78054155437695,0.0,0.0
GW240104_164932,42.3,32.2,70.7,0.09,0.7049317766776109,58.11436940081276,71.15078859891877,0.0063760763637731,1073557988696836.8,70.69999999999999,1.8114754248015995e-14,167.53920509748414,208.8483469699207,2.0100218833383314e-16,2.562200035080056e-16
GW230709_122727,45.0,30.0,71.0,0.08,0.6909638625770611,58.57472548397496,71.67989990062492,0.0095760549383791,1021267605853650.2,70.99999999999999,1.8114754248015995e-14,166.85429729133566,209.73454929086802,2.0015288331270428e-16,2.5513738377487315e-16
GW231127_165300,45.0,28.0,71.0,0.05,0.6735710998987868,56.91674799814302,69.77344324421514,-0.0172754472645754,1124128819202037.6,71.0,0.0,173.80307785996476,209.73454929086802,0.0,0.0
GW231226_101520,40.2,35.1,71.6,-0.08,0.6591957177628526,58.762984518029526,71.89622391506423,0.0041372055176568,976993046915805.8,71.59999999999997,2.717213137202399e-14,168.63494096009984,211.50695393276266,3.9695124902798896e-16,3.7949904150871495e-16
GW231221_135041,47.0,29.0,73.0,0.01,0.6588818070339559,59.44738992242581,72.68240656221425,-0.0043505950381609,971916316682812.0,72.99999999999997,2.717213137202399e-14,171.65145215600015,215.6425647638502,3.893384853480001e-16,3.7222097769895874e-16
GW231223_032836,46.0,31.0,73.0,-0.16,0.6123998829600706,60.25706991066545,73.61199031093815,0.008383428916961,855657819038882.6,72.99999999999997,2.717213137202399e-14,168.2687345834066,215.6425647638502,3.893384853480001e-16,3.7222097769895874e-16
GW230608_205047,48.0,31.0,75.0,0.04,0.6743630540915978,61.961552626668094,75.56714614764594,0.0075619486352792,882727019064900.9,74.99999999999997,2.717213137202399e-14,169.5669124571697,221.5505802368324,3.789561257387201e-16,3.6229508496031984e-16
GW230707_124047,46.1,36.3,78.0,-0.05,0.6629243342463322,64.77521645544806,78.78963916277954,0.010123579009994,780754141861024.2,77.99999999999997,1.8114754248015995e-14,170.41657081663598,230.4126034463057,3.643808901333847e-16,2.322404390771281e-16
GW231119_075248,49.0,33.0,79.0,0.0,0.6654840531596173,64.48315904093393,78.45542469891356,-0.0068933582416004,827601112705186.0,78.99999999999997,2.717213137202399e-14,175.64738072594403,233.3666111827968,3.5976847380258237e-16,3.439510300256201e-16
GW230928_215827,54.0,29.0,79.0,0.4,0.7815205948710897,65.43523512075576,79.544695648129,0.0068948816218859,965971336239966.0,78.99999999999997,2.717213137202399e-14,171.84116067464598,233.3666111827968,3.5976847380258237e-16,3.439510300256201e-16
GW230630_125806,51.0,33.0,80.0,0.18,0.7214483718880278,66.19317403428926,80.4113789273265,0.0051422365915811,833931837479611.4,79.99999999999997,2.717213137202399e-14,172.8478625001775,236.32061891928794,3.552713678800501e-16,3.3965164215029984e-16
GW230806_204041,51.0,35.0,82.0,0.08,0.6936635462787795,67.86714026204305,82.32405646747283,0.0039519081399125,753599150128726.1,81.99999999999999,1.8114754248015995e-14,174.20034666155186,242.22863439227012,1.7330310628295127e-16,2.2091163717092677e-16
GW230824_033047,53.0,36.0,84.0,-0.01,0.6630629234324111,70.41971494487083,85.23689207252755,0.014724905625328,640676345409171.5,83.99999999999999,1.8114754248015995e-14,172.02092233949958,248.13664986525228,1.691768418476429e-16,2.1565183628590469e-16
GW231230_170116,53.0,35.0,86.0,-0.18,0.6031044577278704,69.58061359416617,84.27985086547966,-0.0200017341223295,662815567644861.2,85.99999999999997,1.8114754248015995e-14,182.93901541804453,254.0446653382345,3.304849933767908e-16,2.1063667730251157e-16
GW240107_013215,59.0,33.0,87.0,0.32,0.7563616924659583,73.06622713915552,88.25235617760319,0.0143948985931401,699910884996657.4,86.99999999999999,1.8114754248015995e-14,173.51929019417295,256.9986730747256,1.6334315764600004e-16,2.0821556606914937e-16
GW230914_111401,60.0,37.0,91.2,0.12,0.696474227213203,77.28227987401672,93.04710827210424,0.0202533801765816,540562894872050.5,91.19999999999997,1.8114754248015995e-14,173.5509311617467,269.4055055679882,3.1164155077197375e-16,1.9862669131596486e-16
GW230820_212515,62.0,34.0,92.0,0.21,0.7150379533616875,76.49219307521255,92.14939091100072,0.0016238142500076,606084866630973.8,91.99999999999997,1.8114754248015995e-14,179.71870930169882,271.7687117571811,3.089316242435218e-16,1.9689950269582604e-16
GW231004_232346,64.0,35.0,96.0,-0.04,0.6242223935882427,79.05976267026654,95.0653998613158,-0.0097354181112937,504358546509524.8,95.99999999999996,3.622950849603199e-14,184.99962295644818,283.5847427031455,4.440892098500626e-16,3.7739071350033324e-16
GW231102_071736,61.0,42.0,98.0,0.06,0.6874077916595925,82.36642642548149,98.81529813399996,0.0083193687142853,481056325740857.75,97.99999999999996,3.622950849603199e-14,180.31450221559763,289.49275817612767,4.3502616475108174e-16,3.6968886220440806e-16
GW230708_230935,64.0,40.0,99.0,0.01,0.660448361437541,83.26828191870422,99.83700476551226,0.0084545935910329,449741966046501.2,98.99999999999999,1.8114754248015995e-14,180.69915121531622,292.44676591261884,1.4354398702224247e-16,1.829773156365252e-16
GW231029_111508,65.0,42.0,101.0,0.14,0.7079495994186341,85.82612565087081,102.73244115497296,0.0171528827225045,441641290811946.2,100.99999999999996,3.622950849603199e-14,178.6564278191576,298.354781385601,4.221045955010496e-16,3.587080049112078e-16
GW230601_224134,64.0,44.0,102.0,-0.03,0.6577142353851219,86.6565816148931,103.6717793148917,0.0163899932832519,399206315443240.5,101.99999999999999,1.8114754248015995e-14,179.31661544518548,301.3087891220921,1.3932210505100003e-16,1.7759562988250976e-16
GW230819_171910,70.0,35.0,102.0,-0.04,0.6091750982336298,84.26448289423826,100.96509301301528,-0.0101461469312227,431032608685197.2,101.99999999999997,3.622950849603199e-14,187.8795888901672,301.3087891220921,2.7864421010200007e-16,3.551912597650195e-16
GW230814_061920,69.0,42.0,106.0,0.07,0.6778672276452216,89.29597802372797,106.65494577170156,0.0061787336952976,399265736409556.06,105.99999999999997,3.622950849603199e-14,184.36555236055605,313.1248200680565,2.681293342490944e-16,3.417878160003018e-16
GW231001_140220,76.0,41.0,111.0,-0.04,0.6220426921128858,94.54391400940844,112.57651400533692,0.0142028288769091,315287331730386.44,110.99999999999997,3.622950849603199e-14,183.5831421340915,327.89485875051196,2.56051436309946e-16,3.2639196843272064e-16
GW230922_040658,76.0,51.0,119.0,0.31,0.7672226386772768,103.05550717900962,122.15477714152172,0.0265107322816951,318119831567380.9,118.99999999999996,3.622950849603199e-14,181.899110032318,351.5269206424408,3.582568415597144e-16,3.044496512271596e-16
GW231005_021030,84.0,50.0,127.0,0.1,0.6856217170521971,109.19620242671976,129.0468336226498,0.0161168001783447,249902322963686.38,126.99999999999996,3.622950849603199e-14,188.5976648827304,375.15898253436956,3.3568948146146465e-16,2.8527172044119677e-16
GW230704_212616,89.0,50.0,132.0,0.27,0.739034469605304,113.58387777715473,133.96276308306014,0.0148694172959101,253392397520533.0,131.99999999999997,3.622950849603199e-14,190.74743782380958,389.92902121682505,2.153159805333637e-16,2.7446597345478777e-16
GW231028_153006,94.0,59.0,144.0,0.45,0.8094607684425743,125.7106567482077,147.51538579013834,0.0244124013204051,227279710328801.0,143.99999999999994,3.622950849603199e-14,190.55367437173996,425.3771140547182,3.9474596431116675e-16,2.5159380900022216e-16
GW231123_135430,137.0,101.0,222.0,0.32,0.7758613884038505,200.59309641619456,230.3677432544632,0.0376925371822665,66645622457868.64,221.99999999999997,3.622950849603199e-14,201.72598630205877,655.7897175010239,1.28025718154973e-16,1.6319598421636032e-16
