event,m1,m2,Mt,V1_km3,V2_km3,Vjoin_km3,expected_Mf,actual_Mf,diff_Msun,diff_pct
GW150914,36.0,29.0,65.0,311321.73913043475,250786.95652173914,562108.6956521738,62.0,62.0,0.0,0.0
GW190521,85.0,66.0,151.0,735065.2173913042,570756.5217391304,1305821.7391304346,144.0523385566507,142.0,2.05233855665071,1.4453088427117677
GW170104,31.2,19.4,50.599999999999994,269812.17391304346,167767.8260869565,437580.0,48.33811977281684,48.7,-0.36188022718316404,-0.7430805486307269
GW170814,30.5,25.3,55.8,263758.6956521739,218790.0,482548.6956521739,53.21913896486858,53.2,0.01913896486857425,0.03597549787325986
GW151226,14.2,7.5,21.7,122799.13043478261,64858.69565217391,187657.8260869565,20.76059750058195,20.8,-0.039402499418049075,-0.18943509335600517
GW230627_015337,8.4,5.74,14.14,72641.73913043478,49638.52173913044,122280.26086956522,13.498769053531209,13.57,-0.07123094646879125,-0.5249148597552781
GW231224_024321,9.3,7.31,16.61,80424.78260869566,63215.60869565216,143640.39130434784,15.844928349031798,15.89,-0.04507165096820209,-0.2836478978489748
GW230630_234532,10.0,6.6,16.6,86478.26086956522,57075.65217391303,143553.91304347824,15.8509168354963,16.1,-0.24908316450370194,-1.5471004006441114
GW230904_051013,10.6,7.1,17.7,91666.95652173912,61399.565217391304,153066.52173913043,16.899561812268676,17.1,-0.2004381877313257,-1.1721531446276356
GW230731_215307,10.3,7.9,18.200000000000003,89072.60869565218,68317.82608695653,157390.4347826087,17.363556211436347,17.4,-0.036443788563651935,-0.20944706071064334
GW231223_075055,11.9,6.8,18.7,102909.1304347826,58805.21739130434,161714.34782608692,17.876923244567806,18.1,-0.22307675543219574,-1.23246826205633
GW231018_233037,11.6,7.3,18.9,100314.78260869563,63129.13043478261,163443.91304347824,18.05345412401496,18.2,-0.14654587598504065,-0.8051971207969266
GW231113_200417,11.6,7.4,19.0,100314.78260869563,63993.913043478264,164308.6956521739,18.147094395006388,18.3,-0.15290560499361305,-0.8355497540634592
GW231223_202619,11.1,8.3,19.4,95990.86956521738,71776.95652173914,167767.8260869565,18.510662386512614,18.7,-0.18933761348738543,-1.012500606884414
GW231020_142947,12.0,7.4,19.4,103773.91304347826,63993.913043478264,167767.8260869565,18.534018096027843,18.8,-0.2659819039721576,-1.4147973615540297
GW230729_082317,12.3,7.6,19.9,106368.2608695652,65723.47826086957,172091.73913043475,19.011398401024916,19.3,-0.28860159897508453,-1.4953450724097643
GW231118_090602,12.9,7.4,20.3,111556.95652173914,63993.913043478264,175550.8695652174,19.405818699295125,19.6,-0.1941813007048765,-0.9907209219636556
GW231104_133418,12.2,8.6,20.799999999999997,105503.47826086955,74371.30434782608,179874.78260869562,19.852910237235044,20.0,-0.14708976276495633,-0.7354488138247817
GW230723_101834,16.6,10.6,27.200000000000003,143553.91304347827,91666.95652173912,235220.8695652174,25.978807856362273,26.4,-0.4211921436377253,-1.5954247865065354
GW230706_104333,16.3,11.5,27.8,140959.56521739127,99449.99999999999,240409.56521739124,26.53404280879372,26.6,-0.06595719120628019,-0.24795936543714356
GW230605_065343,17.4,11.0,28.4,150472.17391304346,95126.08695652173,245598.2608695652,27.12699199092247,27.3,-0.173008009077531,-0.6337289709799669
GW231118_005626,20.0,10.8,30.8,172956.52173913043,93396.52173913043,266353.04347826086,29.460132853150252,29.4,0.06013285315025385,0.20453351411650972
GW231114_043211,22.8,8.2,31.0,197170.43478260867,70912.17391304347,268082.60869565216,29.797394736320097,30.1,-0.30260526367990437,-1.0053331019265925
GW231110_040320,19.4,12.6,32.0,167767.8260869565,108962.60869565216,276730.43478260865,30.559479332329847,30.6,-0.04052066767015461,-0.1324204825822046
GW231014_040532,20.6,14.7,35.3,178145.21739130435,127123.04347826086,305268.2608695652,33.69026154221619,33.8,-0.10973845778380564,-0.32466999344321196
GW230927_153832,21.7,16.6,38.3,187657.82608695654,143553.91304347827,331211.7391304348,36.540233988683646,36.5,0.040233988683645805,0.11023010598259124
GW231231_154016,22.5,17.2,39.7,194576.08695652176,148742.60869565216,343318.69565217395,37.876030620818604,38.1,-0.2239693791813977,-0.587846139583721
GW231108_125142,23.2,17.4,40.599999999999994,200629.56521739127,150472.17391304346,351101.7391304347,38.73822835984776,38.9,-0.16177164015223866,-0.4158653988489426
GW230624_113103,27.1,16.1,43.2,234356.08695652176,139230.0,373586.0869565217,41.28438269266321,41.7,-0.41561730733679525,-0.9966841902561037
GW230712_090405,32.0,12.5,44.5,276730.4347826087,108097.82608695653,384828.26086956525,42.72565318579669,44.0,-1.2743468142033123,-2.8962427595529827
GW240109_050431,28.7,18.1,46.8,248192.60869565216,156525.65217391305,404718.2608695652,44.70305243513798,45.2,-0.49694756486202607,-1.0994415151814736
GW230919_215712,27.3,21.4,48.7,236085.65217391303,185063.47826086954,421149.1304347826,46.45736539514299,46.5,-0.042634604857006764,-0.09168732227313282
GW231005_091549,28.8,21.2,50.0,249057.39130434784,183333.91304347824,432391.30434782605,47.711736591784565,48.0,-0.2882634082154354,-0.6005487671154903
GW230708_053705,29.1,22.7,51.8,251651.73913043478,196305.65217391303,447957.3913043478,49.41563789427399,49.4,0.015637894273993425,0.03165565642508791
GW230924_124453,28.8,23.2,52.0,249057.39130434784,200629.56521739127,449686.95652173914,49.6,49.4,0.20000000000000284,0.4048582995951474
GW230704_021211,32.6,20.0,52.6,281919.13043478254,172956.52173913043,454875.65217391297,50.25411436205367,50.7,-0.44588563794633274,-0.8794588519651533
GW230805_034249,32.2,22.6,54.800000000000004,278460.0,195440.86956521738,473900.8695652174,52.306145776164634,52.4,-0.09385422383536479,-0.17911111418962747
GW230911_195324,33.9,21.6,55.5,293161.30434782605,186793.04347826086,479954.3478260869,53.00909507858428,53.1,-0.09090492141572071,-0.17119570888082997
GW230920_071124,32.4,23.8,56.2,280189.5652173913,205818.2608695652,486007.8260869565,53.62858645073449,53.8,-0.1714135492655089,-0.3186125451031764
GW230811_032116,35.4,22.3,57.7,306133.0434782608,192846.52173913043,498979.56521739124,55.115144237129336,55.3,-0.18485576287066152,-0.3342780522073445
GW230930_110730,34.5,24.4,58.9,298350.0,211006.9565217391,509356.95652173914,56.21699571736436,56.3,-0.08300428263563475,-0.14743211835814343
GW230628_231200,32.5,27.0,59.5,281054.3478260869,233491.30434782608,514545.65217391297,56.747726570956495,56.4,0.34772657095649606,0.6165364733271207
GW230702_185453,40.0,18.0,58.0,345913.04347826086,155660.86956521738,501573.9130434783,55.58775908315321,57.0,-1.412240916846791,-2.4776156435908616
GW230609_064958,35.4,25.2,60.599999999999994,306133.0434782608,217925.21739130432,524058.2608695651,57.83735133853043,58.0,-0.1626486614695679,-0.2804287266716688
GW230814_230901,33.7,28.2,61.900000000000006,291431.7391304348,243868.69565217392,535300.4347826088,59.03535645507674,59.0,0.03535645507673735,0.059926195045317536
GW230927_043729,35.0,27.1,62.1,302673.9130434783,234356.08695652176,537030.0,59.243452078922296,59.0,0.2434520789222958,0.41263064224117935
GW231213_111417,35.6,27.2,62.8,307862.60869565216,235220.86956521735,543083.4782608695,59.914874063037566,59.6,0.31487406303756416,0.5283121863046378
GW230726_002940,35.6,27.9,63.5,307862.60869565216,241274.34782608695,549136.9565217391,60.57588261685451,60.6,-0.024117383145494387,-0.03979766195626137
GW231206_233134,35.6,28.2,63.8,307862.60869565216,243868.69565217392,551731.304347826,60.85937581160912,60.6,0.25937581160911805,0.42801289044408913
GW230606_004305,37.6,25.7,63.3,325158.26086956525,222249.1304347826,547407.3913043479,60.429324593033286,60.8,-0.3706754069667113,-0.609663498300512
GW231113_122623,39.8,26.4,66.19999999999999,344183.47826086957,228302.60869565213,572486.0869565217,63.21048716307621,63.0,0.21048716307620907,0.3341066080574747
GW231206_233901,37.6,28.5,66.1,325158.26086956525,246463.04347826084,571621.304347826,63.06563837943066,63.1,-0.03436162056934222,-0.05445581706710336
GW230922_020344,39.3,29.2,68.5,339859.56521739124,252516.52173913043,592376.0869565217,65.3619186142464,65.4,-0.03808138575359976,-0.05822841858348587
GW231129_081745,45.0,23.8,68.8,389152.1739130435,205818.2608695652,594970.4347826086,65.82071022048018,66.0,-0.17928977951982006,-0.27165118109063646
GW230825_041334,44.0,27.2,71.2,380504.3478260869,235220.86956521735,615725.2173913042,68.02042191493295,67.0,1.0204219149329532,1.5230177834820195
GW231008_142521,45.0,25.6,70.6,389152.1739130435,221384.34782608697,610536.5217391305,67.49529892180495,69.0,-1.5047010781950547,-2.1807262002826877
GW231118_071402,43.0,29.0,72.0,371856.52173913043,250786.95652173914,622643.4782608696,68.74081479518622,69.0,-0.25918520481377527,-0.37563073161416705
GW230831_015414,42.0,30.0,72.0,363208.6956521739,259434.78260869565,622643.4782608695,68.71629618280731,69.0,-0.2837038171926878,-0.41116495245317075
GW230803_033412,44.0,29.0,73.0,380504.3478260869,250786.95652173914,631291.304347826,69.70651253271227,70.0,-0.2934874672877328,-0.4192678104110469
GW240104_164932,42.3,32.2,74.5,365803.0434782608,278460.0,644263.0434782607,71.0785870551957,70.7,0.3785870551956947,0.535483812157984
GW230709_122727,45.0,30.0,75.0,389152.1739130435,259434.78260869565,648586.9565217391,71.61060670149843,71.0,0.6106067014984262,0.8600094387301779
GW231127_165300,45.0,28.0,73.0,389152.1739130435,242139.13043478262,631291.3043478262,69.73643505951932,71.0,-1.263564940480677,-1.7796689302544748
GW231226_101520,40.2,35.1,75.30000000000001,347642.60869565216,303538.69565217395,651181.3043478262,71.80684396389576,71.6,0.2068439638957642,0.2888882177315143
GW231221_135041,47.0,29.0,76.0,406447.8260869565,250786.95652173914,657234.7826086956,72.60715911632667,73.0,-0.3928408836733297,-0.5381381968127804
GW231223_032836,46.0,31.0,77.0,397799.99999999994,268082.60869565216,665882.6086956521,73.51485020274428,73.0,0.5148502027442845,0.7052742503346363
GW230608_205047,48.0,31.0,79.0,415095.652173913,268082.60869565216,683178.2608695652,75.44681381400757,75.0,0.4468138140075695,0.5957517520100927
GW230707_124047,46.1,36.3,82.4,398664.7826086957,313916.08695652167,712580.8695652173,78.6040004426541,78.0,0.6040004426540975,0.7743595418642275
GW231119_075248,49.0,33.0,82.0,423743.47826086957,285378.2608695652,709121.7391304348,78.28888622443246,79.0,-0.7111137755675401,-0.9001440197057469
GW230928_215827,54.0,29.0,83.0,466982.60869565216,250786.95652173914,717769.5652173914,79.39363706000952,79.0,0.3936370600095245,0.4982747595057272
GW230630_125806,51.0,33.0,84.0,441039.13043478254,285378.2608695652,726417.3913043477,80.22081615463655,80.0,0.2208161546365517,0.2760201932956896
GW230806_204041,51.0,35.0,86.0,441039.13043478254,302673.9130434783,743713.0434782607,82.09774428046728,82.0,0.0977442804672819,0.1192003420332706
GW230824_033047,53.0,36.0,89.0,458334.7826086956,311321.73913043475,769656.5217391304,84.96728054159497,84.0,0.9672805415949739,1.1515244542797307
GW231230_170116,53.0,35.0,88.0,458334.7826086956,302673.9130434783,761008.6956521738,84.02862078862074,86.0,-1.9713792113792579,-2.292301408580532
GW240107_013215,59.0,33.0,92.0,510221.73913043475,285378.2608695652,795600.0,87.96804559003053,87.0,0.9680455900305276,1.1126960804948594
GW230914_111401,60.0,37.0,97.0,518869.5652173913,319969.5652173913,838839.1304347826,92.67009048013922,91.2,1.4700904801392198,1.611941315942127
GW230820_212515,62.0,34.0,96.0,536165.2173913043,294026.08695652167,830191.3043478259,91.80999440346721,92.0,-0.19000559653278515,-0.2065278223182447
GW231004_232346,64.0,35.0,99.0,553460.8695652174,302673.9130434783,856134.7826086957,94.68158384870601,96.0,-1.318416151293988,-1.3733501575979044
GW231102_071736,61.0,42.0,103.0,527517.3913043478,363208.6956521739,890726.0869565217,98.32431942098434,98.0,0.3243194209843381,0.330938184677896
GW230708_230935,64.0,40.0,104.0,553460.8695652174,345913.04347826086,899373.9130434783,99.34706258392333,99.0,0.3470625839233321,0.35056826658922435
GW231029_111508,65.0,42.0,107.0,562108.6956521738,363208.6956521739,925317.3913043477,102.18708527069134,101.0,1.187085270691341,1.1753319511795457
GW230601_224134,64.0,44.0,108.0,553460.8695652174,380504.3478260869,933965.2173913043,103.09831978921288,102.0,1.09831978921288,1.076784107071451
GW230819_171910,70.0,35.0,105.0,605347.8260869565,302673.9130434783,908021.7391304348,100.51217943604223,102.0,-1.4878205639577686,-1.4586476117233027
GW230814_061920,69.0,42.0,111.0,596700.0,363208.6956521739,959908.6956521738,106.05634721982993,106.0,0.05634721982993085,0.05315775455653854
GW231001_140220,76.0,41.0,117.0,657234.7826086957,354560.86956521735,1011795.6521739131,111.91132048460022,111.0,0.9113204846002247,0.821009445585788
GW230922_040658,76.0,51.0,127.0,657234.7826086957,441039.13043478254,1098273.9130434783,121.25522609230113,119.0,2.255226092301129,1.8951479767236379
GW231005_021030,84.0,50.0,134.0,726417.3913043478,432391.3043478261,1158808.6956521738,128.05593839374998,127.0,1.055938393749983,0.831447554133845
GW230704_212616,89.0,50.0,139.0,769656.5217391305,432391.3043478261,1202047.8260869565,132.9027506986631,132.0,0.9027506986631124,0.6839020444417518
GW231028_153006,94.0,59.0,153.0,812895.652173913,510221.73913043475,1323117.3913043477,146.14997975068783,144.0,2.1499797506878338,1.493041493533218
GW231123_135430,137.0,101.0,238.0,1184752.1739130435,873430.4347826088,2058182.6086956523,227.1060602561535,222.0,5.106060256153512,2.300027142411492
