set,event,m1,m2,Mt,E,S,dump_cat,dump_min,expected_Mf,actual_Mf,diff_pct
DEV,GW150914,36.0,29.0,65.0,3.3404985688808275,3.0482638346366353,3.0,3.0482638346366353,61.951736165363364,62.0,-0.07784489457521895
DEV,GW190521,85.0,66.0,151.0,11.78349589121728,5.5571937415909565,9.0,5.5571937415909565,145.44280625840904,142.0,2.424511449583828
DEV,GW170104,31.2,19.4,50.599999999999994,2.2071434141691197,2.474202947882465,1.8999999999999915,2.2071434141691197,48.39285658583088,48.7,-0.6306846286840361
DEV,GW170814,30.5,25.3,55.8,2.6638598107112306,2.7346264505803455,2.5999999999999943,2.6638598107112306,53.13614018928877,53.2,-0.12003723817901467
DEV,GW151226,14.2,7.5,21.7,0.5962460111999421,1.2901862436533689,0.8999999999999986,0.5962460111999421,21.103753988800058,20.8,1.460355715384891
DEV,GW230627_015337,8.4,5.74,14.14,0.33177887946486745,0.9755520337686274,0.5700000000000003,0.33177887946486745,13.808221120535134,13.57,1.7554983090282479
DEV,GW231224_024321,9.3,7.31,16.61,0.43046126197726486,1.1165230120253993,0.7199999999999989,0.43046126197726486,16.179538738022735,15.89,1.82214435508329
DEV,GW230630_234532,10.0,6.6,16.6,0.4195068675030267,1.095716832626491,0.5,0.4195068675030267,16.180493132496974,16.1,0.49995734470169073
DEV,GW230904_051013,10.6,7.1,17.7,0.46309190716374615,1.1518885436854918,0.5999999999999979,0.46309190716374615,17.236908092836252,17.1,0.8006321218494193
DEV,GW230731_215307,10.3,7.9,18.200000000000003,0.49239536659681893,1.193187014386159,0.8000000000000043,0.49239536659681893,17.707604633403182,17.4,1.7678427207079523
DEV,GW231223_075055,11.9,6.8,18.7,0.48665990646964835,1.1716257678402584,0.5999999999999979,0.48665990646964835,18.213340093530352,18.1,0.6261883620461357
DEV,GW231018_233037,11.6,7.3,18.9,0.5050696118904119,1.1995120290324,0.6999999999999993,0.5050696118904119,18.394930388109586,18.2,1.0710460885142117
DEV,GW231113_200417,11.6,7.4,19.0,0.5104470288870089,1.2066196789604084,0.6999999999999993,0.5104470288870089,18.489552971112992,18.3,1.0358085853168946
DEV,GW231223_202619,11.1,8.3,19.4,0.5402255420526538,1.2486206037632452,0.6999999999999993,0.5402255420526538,18.859774457947346,18.7,0.85440886602859
DEV,GW231020_142947,12.0,7.4,19.4,0.5230772214136425,1.219435763117421,0.5999999999999979,0.5230772214136425,18.876922778586355,18.8,0.40916371588486283
DEV,GW230729_082317,12.3,7.6,19.9,0.5436518344725113,1.243198840523882,0.5999999999999979,0.5436518344725113,19.356348165527486,19.3,0.2919594068781601
DEV,GW231118_090602,12.9,7.4,20.3,0.5509445830085036,1.246608927110918,0.6999999999999993,0.5509445830085036,19.749055416991496,19.6,0.7604868213851754
DEV,GW231104_133418,12.2,8.6,20.799999999999997,0.5948486804391366,1.3073023735340814,0.7999999999999972,0.5948486804391366,20.205151319560862,20.0,1.0257565978043104
DEV,GW230723_101834,16.6,10.6,27.200000000000003,0.8744917458329565,1.5755329785279086,0.8000000000000043,0.8744917458329565,26.325508254167048,26.4,-0.28216570391269336
DEV,GW230706_104333,16.3,11.5,27.8,0.9192528090805682,1.6211320448464048,1.1999999999999993,0.9192528090805682,26.880747190919433,26.6,1.0554405673662828
DEV,GW230605_065343,17.4,11.0,28.4,0.9311696039724492,1.6243004957156948,1.0999999999999979,0.9311696039724492,27.46883039602755,27.3,0.6184263590752687
DEV,GW231118_005626,20.0,10.8,30.8,1.0142095747887674,1.6800376584776742,1.4000000000000021,1.0142095747887674,29.785790425211232,29.4,1.3122123306504538
DEV,GW231114_043211,22.8,8.2,31.0,0.8916425793953472,1.527217888099069,0.8999999999999986,0.8916425793953472,30.10835742060465,30.1,0.027765516958969918
DEV,GW231110_040320,19.4,12.6,32.0,1.1195058670820224,1.780298291012521,1.3999999999999986,1.1195058670820224,30.880494132917978,30.6,0.9166474931960007
DEV,GW231014_040532,20.6,14.7,35.3,1.3175435471177768,1.9349760152625706,1.5,1.3175435471177768,33.98245645288222,33.8,0.5398119907758012
DEV,GW230927_153832,21.7,16.6,38.3,1.5027010678059278,2.067545474217834,1.7999999999999972,1.5027010678059278,36.79729893219407,36.5,0.8145176224494997
DEV,GW231231_154016,22.5,17.2,39.7,1.5857141056399713,2.122421017174839,1.6000000000000014,1.5857141056399713,38.11428589436003,38.1,0.03749578572186038
DEV,GW231108_125142,23.2,17.4,40.599999999999994,1.636160116220609,2.153940994539819,1.6999999999999957,1.636160116220609,38.963839883779386,38.9,0.16411281177220363
DEV,GW230624_113103,27.1,16.1,43.2,1.724236998017435,2.189718792272791,1.5,1.724236998017435,41.47576300198257,41.7,-0.5377386043583493
DEV,GW230712_090405,32.0,12.5,44.5,1.5851915546199402,2.042091475323471,0.5,1.5851915546199402,42.91480844538006,44.0,-2.466344442318044
DEV,GW240109_050431,28.7,18.1,46.8,1.9688505278288662,2.342218590211692,1.5999999999999943,1.9688505278288662,44.831149472171134,45.2,-0.8160409907718335
DEV,GW230919_215712,27.3,21.4,48.7,2.160470100085689,2.4681971515183077,2.200000000000003,2.160470100085689,46.539529899914314,46.5,0.0850105374501369
DEV,GW231005_091549,28.8,21.2,50.0,2.230713073649146,2.5026242129752583,2.0,2.230713073649146,47.76928692635085,48.0,-0.4806522367690598
DEV,GW230708_053705,29.1,22.7,51.8,2.368768182915627,2.5804266120965367,2.3999999999999986,2.368768182915627,49.43123181708437,49.4,0.06322230179021898
DEV,GW230924_124453,28.8,23.2,52.0,2.3902662012026545,2.593581854168384,2.6000000000000014,2.3902662012026545,49.60973379879734,49.4,0.4245623457436127
DEV,GW230704_021211,32.6,20.0,52.6,2.3327818681944623,2.5399366107378385,1.8999999999999986,2.3327818681944623,50.26721813180554,50.7,-0.8536131522573187
DEV,GW230805_034249,32.2,22.6,54.800000000000004,2.5421118549414223,2.6620476961424018,2.4000000000000057,2.5421118549414223,52.25788814505858,52.4,-0.27120583004087573
DEV,GW230911_195324,33.9,21.6,55.5,2.5477624180321365,2.655124278865073,2.3999999999999986,2.5477624180321365,52.952237581967864,53.1,-0.27827197369517337
DEV,GW230920_071124,32.4,23.8,56.2,2.6574888362646245,2.723669090016929,2.4000000000000057,2.6574888362646245,53.54251116373538,53.8,-0.478603784878477
DEV,GW230811_032116,35.4,22.3,57.7,2.694692837263245,2.726750676575043,2.4000000000000057,2.694692837263245,55.005307162736756,55.3,-0.5328984398973623
DEV,GW230930_110730,34.5,24.4,58.9,2.83596296071314,2.8072271078676323,2.6000000000000014,2.8072271078676323,56.092772892132366,56.3,-0.3680765681485451
DEV,GW230628_231200,32.5,27.0,59.5,2.933520379461705,2.8649818597560515,3.1000000000000014,2.8649818597560515,56.63501814024395,56.4,0.4166988302197726
DEV,GW230702_185453,40.0,18.0,58.0,2.4821204138615465,2.5692858425651055,1.0,2.4821204138615465,55.517879586138456,57.0,-2.6002112523886742
DEV,GW230609_064958,35.4,25.2,60.599999999999994,2.962491977057107,2.867585002602526,2.5999999999999943,2.867585002602526,57.73241499739747,58.0,-0.461353452762983
DEV,GW230814_230901,33.7,28.2,61.900000000000006,3.114574049534828,2.949265089796741,2.9000000000000057,2.949265089796741,58.950734910203266,59.0,-0.08350015219785376
DEV,GW230927_043729,35.0,27.1,62.1,3.106780553899402,2.941025741194855,3.1000000000000014,2.941025741194855,59.158974258805145,59.0,0.26944789627990684
DEV,GW231213_111417,35.6,27.2,62.8,3.154656178304288,2.9618020586150657,3.1999999999999957,2.9618020586150657,59.838197941384934,59.6,0.3996609754780742
DEV,GW230726_002940,35.6,27.9,63.5,3.216659729796837,2.991538824203347,2.8999999999999986,2.991538824203347,60.508461175796654,60.6,-0.15105416535205815
DEV,GW231206_233134,35.6,28.2,63.8,3.24308192514896,3.0040695156161044,3.1999999999999957,3.0040695156161044,60.795930484383895,60.6,0.3233176309965241
DEV,GW230606_004305,37.6,25.7,63.3,3.1426697904867122,2.9463369425512997,2.5,2.9463369425512997,60.3536630574487,60.8,-0.7341068134067401
DEV,GW231113_122623,39.8,26.4,66.19999999999999,3.343892956278569,3.0323949322174637,3.1999999999999886,3.0323949322174637,63.167605067782524,63.0,0.26603979013099127
DEV,GW231206_233901,37.6,28.5,66.1,3.4033246838677758,3.0713846780038088,2.999999999999993,3.0713846780038088,63.028615321996185,63.1,-0.11312944216135777
DEV,GW230922_020344,39.3,29.2,68.5,3.581419316594775,3.145992583092932,3.0999999999999943,3.145992583092932,65.35400741690707,65.4,-0.07032505060082461
DEV,GW231129_081745,45.0,23.8,68.8,3.367276354530997,3.00931513268983,2.799999999999997,3.00931513268983,65.79068486731016,66.0,-0.31714414043914835
DEV,GW230825_041334,44.0,27.2,71.2,3.679630699834163,3.166023773178577,4.200000000000003,3.166023773178577,68.03397622682142,67.0,1.5432480997334672
DEV,GW231008_142521,45.0,25.6,70.6,3.5661986805595762,3.106180504084486,1.5999999999999943,3.106180504084486,67.4938194959155,69.0,-2.182870295774634
DEV,GW231118_071402,43.0,29.0,72.0,3.803798990881823,3.2283410288969074,3.0,3.2283410288969074,68.7716589711031,69.0,-0.3309290273868211
DEV,GW230831_015414,42.0,30.0,72.0,3.8385158122410905,3.248802886945785,3.0,3.248802886945785,68.75119711305422,69.0,-0.36058389412432196
DEV,GW230803_033412,44.0,29.0,73.0,3.867707416775509,3.2514765999364763,3.0,3.2514765999364763,69.74852340006352,70.0,-0.35925228562354455
DEV,GW240104_164932,42.3,32.2,74.5,4.07434614040272,3.3492114010812433,3.799999999999997,3.3492114010812433,71.15078859891875,70.7,0.6376076363772963
DEV,GW230709_122727,45.0,30.0,75.0,4.0359245612448476,3.320100099375068,4.0,3.320100099375068,71.67989990062493,71.0,0.9576054938379321
DEV,GW231127_165300,45.0,28.0,73.0,3.8251637582933298,3.2265567557848467,2.0,3.2265567557848467,69.77344324421516,71.0,-1.727544726457523
DEV,GW231226_101520,40.2,35.1,75.30000000000001,4.1910250065747086,3.403776084935776,3.700000000000017,3.403776084935776,71.89622391506424,71.6,0.41372055176570677
DEV,GW231221_135041,47.0,29.0,76.0,4.056350535698292,3.3175934377857463,3.0,3.3175934377857463,72.68240656221425,73.0,-0.43505950381609027
DEV,GW231223_032836,46.0,31.0,77.0,4.206291469287609,3.388009689061841,4.0,3.388009689061841,73.61199031093815,73.0,0.8383428916961012
DEV,GW230608_205047,48.0,31.0,79.0,4.337936136547418,3.4328538523540524,4.0,3.4328538523540524,75.56714614764594,75.0,0.7561948635279236
DEV,GW230707_124047,46.1,36.3,82.4,4.757195975935664,3.610360837220456,4.400000000000006,3.610360837220456,78.78963916277955,78.0,1.0123579009994241
DEV,GW231119_075248,49.0,33.0,82.0,4.622055930815496,3.5445753010864203,3.0,3.5445753010864203,78.45542469891357,79.0,-0.6893358241600318
DEV,GW230928_215827,54.0,29.0,83.0,4.480118555165404,3.455304351870998,4.0,3.455304351870998,79.54469564812901,79.0,0.6894881621886167
DEV,GW230630_125806,51.0,33.0,84.0,4.757911972818332,3.5886210726735124,4.0,3.5886210726735124,80.41137892732648,80.0,0.5142236591581018
DEV,GW230806_204041,51.0,35.0,86.0,4.979984899249314,3.6759435325271785,4.0,3.6759435325271785,82.32405646747281,82.0,0.39519081399123757
DEV,GW230824_033047,53.0,36.0,89.0,5.2339168001666545,3.7631079274724404,5.0,3.7631079274724404,85.23689207252755,84.0,1.472490562532801
DEV,GW231230_170116,53.0,35.0,88.0,5.120890363498346,3.7201491345203452,2.0,3.7201491345203452,84.27985086547966,86.0,-2.000173412232954
DEV,GW240107_013215,59.0,33.0,92.0,5.282978636271749,3.7476438223967965,5.0,3.7476438223967965,88.2523561776032,87.0,1.4394898593140275
DEV,GW230914_111401,60.0,37.0,97.0,5.848181122813068,3.952891727895759,5.799999999999997,3.952891727895759,93.04710827210424,91.2,2.0253380176581537
DEV,GW230820_212515,62.0,34.0,96.0,5.603288122556283,3.8506090889993096,4.0,3.8506090889993096,92.1493909110007,92.0,0.16238142500075423
DEV,GW231004_232346,64.0,35.0,99.0,5.863827979443122,3.934600138684199,3.0,3.934600138684199,95.0653998613158,96.0,-0.9735418111293784
DEV,GW231102_071736,61.0,42.0,103.0,6.530807934838283,4.184701866000037,5.0,4.184701866000037,98.81529813399996,98.0,0.8319368714285305
DEV,GW230708_230935,64.0,40.0,104.0,6.510418841450254,4.16299523448773,5.0,4.16299523448773,99.83700476551228,99.0,0.8454593591033092
DEV,GW231029_111508,65.0,42.0,107.0,6.838467737409169,4.267558845027041,6.0,4.267558845027041,102.73244115497296,101.0,1.7152882722504557
DEV,GW230601_224134,64.0,44.0,108.0,7.010386843496018,4.3282206851083,6.0,4.3282206851083,103.6717793148917,102.0,1.6389993283251902
DEV,GW230819_171910,70.0,35.0,105.0,6.248941944421816,4.034906986984736,3.0,4.034906986984736,100.96509301301526,102.0,-1.014614693122291
DEV,GW230814_061920,69.0,42.0,111.0,7.139334233283405,4.345054228298451,5.0,4.345054228298451,106.65494577170155,106.0,0.6178733695297628
DEV,GW231001_140220,76.0,41.0,117.0,7.507049600318721,4.423485994663077,6.0,4.423485994663077,112.57651400533692,111.0,1.420282887690917
DEV,GW230922_040658,76.0,51.0,127.0,8.903317987627007,4.845222858478272,8.0,4.845222858478272,122.15477714152173,119.0,2.6510732281695244
DEV,GW231005_021030,84.0,50.0,134.0,9.423549093641192,4.953166377350207,7.0,4.953166377350207,129.04683362264979,127.0,1.6116800178344766
DEV,GW230704_212616,89.0,50.0,139.0,9.82185023128898,5.037236916939852,7.0,5.037236916939852,133.96276308306014,132.0,1.4869417295910146
DEV,GW231028_153006,94.0,59.0,153.0,11.626996374781703,5.48461420986167,9.0,5.48461420986167,147.51538579013834,144.0,2.4412401320405133
DEV,GW231123_135430,137.0,101.0,238.0,23.170821953766946,7.632256745536851,16.0,7.632256745536851,230.36774325446314,222.0,3.769253718226638
OUT,GW241109_115924,7.3,5.14,12.44,0.27508467333898085,0.8887507587235214,0.5,0.27508467333898085,12.164915326661019,11.94,1.8837129536098771
OUT,GW240413_022019,7.9,5.57,13.47,0.3100105374443526,0.943957900019055,0.5500000000000007,0.3100105374443526,13.159989462555648,12.92,1.8575035801520776
OUT,GW240925_005809,9.02,6.99,16.009999999999998,0.40672535776788454,1.0849218209608165,0.6899999999999977,0.40672535776788454,15.603274642232114,15.32,1.849051189504656
OUT,GW250118_055802,10.3,6.9,17.200000000000003,0.4436191136237026,1.1274549976698016,0.6000000000000014,0.4436191136237026,16.7563808863763,16.6,0.9420535323873325
OUT,GW240910_103535,10.9,6.3,17.2,0.4304565302251049,1.1026720221706108,0.5999999999999979,0.4304565302251049,16.769543469774895,16.6,1.0213462034632148
OUT,GW241130_110422,11.1,6.5,17.6,0.44691226309510207,1.1243588394930242,0.6000000000000014,0.44691226309510207,17.1530877369049,17.0,0.9005160994405933
OUT,GW240601_231004,10.6,7.7,18.3,0.4930403590904258,1.1920162688833067,0.6000000000000014,0.4930403590904258,17.806959640909575,17.7,0.6042917565512762
OUT,GW240916_184352,10.7,7.8,18.5,0.5013881513494577,1.2021645549113673,0.6999999999999993,0.5013881513494577,17.998611848650544,17.8,1.1157969025311418
OUT,GW240915_001357,10.9,7.7,18.6,0.5031770500002438,1.2030121852775577,0.7200000000000024,0.5031770500002438,18.09682294999976,17.88,1.2126563199091687
OUT,GW240629_145256,11.1,7.8,18.9,0.5149867371305508,1.2167588439238664,0.7999999999999972,0.5149867371305508,18.38501326286945,18.1,1.574658910880929
OUT,GW241102_124058,10.9,8.0,18.9,0.5182153078174678,1.2223503763018095,0.7999999999999972,0.5182153078174678,18.38178469218253,18.1,1.5568215037708837
OUT,GW241114_235258,11.3,7.7,19.0,0.5165390604918009,1.2171735984303087,0.8000000000000007,0.5165390604918009,18.4834609395082,18.2,1.5574776896054894
OUT,GW240922_142106,11.5,7.8,19.3,0.5284113800702849,1.230793620427641,0.9000000000000021,0.5284113800702849,18.771588619929716,18.4,2.019503369183247
OUT,GW240915_105151,11.6,7.5,19.1,0.51580259127725,1.2136424395685574,0.6000000000000014,0.51580259127725,18.58419740872275,18.5,0.45512112823108797
OUT,GW240520_213616,11.4,8.0,19.4,0.535446474124463,1.2405176775802382,0.6999999999999993,0.535446474124463,18.864553525875536,18.7,0.8799653790135649
OUT,GW241231_054133,12.4,7.1,19.5,0.5184704751014425,1.2093385826453111,0.8000000000000007,0.5184704751014425,18.98152952489856,18.7,1.5055054807409585
OUT,GW240830_211120,11.9,7.8,19.7,0.5416691765897054,1.244305119321303,0.8000000000000007,0.5416691765897054,19.158330823410292,18.9,1.3668297534936173
OUT,GW240627_131622,13.2,6.7,19.9,0.5178400392831665,1.1995932009666135,0.5999999999999979,0.5178400392831665,19.382159960716834,19.3,0.4256992783255599
OUT,GW241225_042553,12.4,8.1,20.5,0.5746372553874949,1.2812082367704303,0.8999999999999986,0.5746372553874949,19.925362744612507,19.6,1.6600140031250261
OUT,GW240512_024139,12.6,8.0,20.6,0.5757328681364094,1.2807986851835582,0.9000000000000021,0.5757328681364094,20.024267131863592,19.7,1.646026050068999
OUT,GW241009_084816,12.7,8.1,20.799999999999997,0.584651901907202,1.290884872490039,0.6999999999999957,0.584651901907202,20.215348098092797,20.1,0.5738711347900259
OUT,GW240825_055146,13.2,7.9,21.1,0.5895275101629084,1.2922223416552925,0.8000000000000007,0.5895275101629084,20.510472489837092,20.3,1.0368102947639954
OUT,GW250119_190238,11.54,9.95,21.49,0.6384745435670839,1.3609205175517052,0.9299999999999997,0.6384745435670839,20.851525456432913,20.56,1.4179253717554214
OUT,GW240530_012417,14.1,8.3,22.4,0.6424554050553454,1.347398801241784,0.7999999999999972,0.6424554050553454,21.757544594944655,21.6,0.7293731247437649
OUT,GW240526_093944,14.5,8.4,22.9,0.6616424593198797,1.3660299251688777,0.7999999999999972,0.6616424593198797,22.23835754068012,22.1,0.6260522202720294
OUT,GW241110_124123,16.4,8.0,24.4,0.6948871746477054,1.384663271478027,0.6999999999999993,0.6948871746477054,23.705112825352295,23.7,0.021573102752301277
OUT,GW241011_233834,19.5,5.96,25.46,0.6174256995147459,1.2510657654993027,1.0600000000000023,0.6174256995147459,24.842574300485254,24.4,1.8138291003494056
OUT,GW240622_004008,18.6,11.3,29.900000000000002,0.9977038623239487,1.6772591496248705,1.2000000000000028,0.9977038623239487,28.902296137676053,28.7,0.7048645912057636
OUT,GW241113_163507,19.3,14.4,33.7,1.2365078239514686,1.8783931045599649,2.0000000000000036,1.2365078239514686,32.46349217604853,31.7,2.4084926689228183
OUT,GW240531_040326,19.5,14.3,33.8,1.2392070215220676,1.8794379629218567,1.5,1.2392070215220676,32.56079297847793,32.3,0.807408602098855
OUT,GW240428_225440,19.8,14.7,34.5,1.2799831106702515,1.9101490018709182,1.5,1.2799831106702515,33.22001688932975,33.0,0.666717846453784
OUT,GW240930_035959,25.5,11.2,36.7,1.2391263154028165,1.827548513459833,1.2000000000000028,1.2391263154028165,35.46087368459719,35.5,-0.11021497296566471
OUT,GW240527_230910,27.6,10.0,37.6,1.1947067530704842,1.7655623201571622,1.2000000000000028,1.1947067530704842,36.40529324692952,36.4,0.014541887169007148
OUT,GW240920_073424,24.7,13.4,38.1,1.3970610330073987,1.9663270134656559,1.3999999999999986,1.3970610330073987,36.702938966992605,36.7,0.008008084448506475
OUT,GW240507_041632,31.3,8.5,39.8,1.1388797844914842,1.672662446343473,0.8999999999999986,1.1388797844914842,38.66112021550851,38.9,-0.6140868495925131
OUT,GW240513_183302,24.4,16.9,41.3,1.65977583459125,2.1635666995855423,1.8999999999999986,1.65977583459125,39.640224165408746,39.4,0.6097060035755015
OUT,GW240902_143306,24.4,18.3,42.7,1.7647312003753306,2.2347244840438,1.9000000000000057,1.7647312003753306,40.93526879962467,40.8,0.3315411755506759
OUT,GW241006_015333,24.6,20.3,44.900000000000006,1.9219527510170207,2.334524174400478,2.200000000000003,1.9219527510170207,42.97804724898298,42.7,0.6511645175245411
OUT,GW241111_111552,25.3,20.5,45.8,1.9768581316974732,2.3658304419793494,2.5999999999999943,1.9768581316974732,43.82314186830252,43.2,1.4424580284780515
OUT,GW240921_201835,34.9,9.8,44.7,1.3785535442917143,1.8447933426530585,1.0,1.3785535442917143,43.32144645570829,43.7,-0.8662552500954515
OUT,GW240615_160735,28.5,20.0,48.5,2.1165380291746443,2.4360123715681836,2.6000000000000014,2.1165380291746443,46.38346197082536,45.9,1.0532940540857512
OUT,GW241210_060606,29.0,21.4,50.4,2.258274299029696,2.5177383828813404,2.5,2.258274299029696,48.141725700970305,47.9,0.5046465573492828
OUT,GW240630_101703,28.6,21.6,50.2,2.2514711269729677,2.515689300820191,2.200000000000003,2.2514711269729677,47.94852887302704,48.0,-0.10723151452700641
OUT,GW250101_011205,30.0,21.1,51.1,2.289782323933166,2.5308921903640855,2.3999999999999986,2.289782323933166,48.810217676066834,48.7,0.226319663381584
OUT,GW240525_031210,31.1,21.4,52.5,2.376331342672779,2.5748285815419547,2.299999999999997,2.376331342672779,50.12366865732722,50.2,-0.1520544674756584
OUT,GW241129_021832,30.4,23.0,53.4,2.4706771167581114,2.6315337139476664,2.799999999999997,2.4706771167581114,50.92932288324189,50.6,0.650835737632186
OUT,GW241130_034908,29.9,24.3,54.2,2.5456271379922475,2.674263543074192,2.6000000000000014,2.5456271379922475,51.654372862007754,51.6,0.10537376358091674
OUT,GW240505_133552,31.0,23.1,54.1,2.514647483329853,2.6529809256358874,2.3000000000000043,2.514647483329853,51.58535251667015,51.8,-0.4143773809456533
OUT,GW250116_015318,34.2,21.3,55.5,2.5362288330818763,2.646674182578939,2.5,2.5362288330818763,52.96377116691812,53.0,-0.06835628883373306
OUT,GW240531_075248,33.0,22.6,55.6,2.5878845213568233,2.6828328163391495,2.5,2.5878845213568233,53.01211547864318,53.1,-0.16550757317668507
OUT,GW240515_005301,37.1,18.5,55.6,2.4059731718432738,2.548774428224318,2.3999999999999986,2.4059731718432738,53.19402682815673,53.2,-0.011227766622693517
OUT,GW240930_234614,35.8,21.9,57.699999999999996,2.6785247151532965,2.715260883603239,2.1999999999999957,2.6785247151532965,55.0214752848467,55.5,-0.8622066939699073
OUT,GW240420_175625,34.6,23.8,58.400000000000006,2.7878064041436623,2.7814828844339208,2.4000000000000057,2.7814828844339208,55.618517115566085,56.0,-0.6812194364891333
OUT,GW241009_220455,33.2,25.5,58.7,2.85255829090134,2.8218473588725765,2.700000000000003,2.8218473588725765,55.87815264112743,56.0,-0.21758456941530618
OUT,GW250119_025138,33.8,26.7,60.5,2.9938975439751707,2.8903632480812758,3.3999999999999986,2.8903632480812758,57.60963675191872,57.1,0.8925337161448681
OUT,GW241101_220523,41.0,19.3,60.3,2.6700310023010565,2.6703097845151587,2.5999999999999943,2.6700310023010565,57.62996899769894,57.7,-0.12137088787012894
OUT,GW240615_113620,34.0,26.4,60.4,2.981014865238582,2.883213995699633,2.6000000000000014,2.883213995699633,57.516786004300364,57.8,-0.4899896119370812
OUT,GW240703_191355,34.4,26.4,60.8,3.006711266602906,2.8943438024291837,2.5,2.8943438024291837,57.90565619757081,58.3,-0.676404463857948
OUT,GW241007_082943,36.6,26.6,63.2,3.164545658619065,2.9621689891529734,3.1000000000000014,2.9621689891529734,60.23783101084703,60.1,0.22933612453748786
OUT,GW241009_022835,37.1,26.8,63.900000000000006,3.2145324531901296,2.9840712611197,2.9000000000000057,2.9840712611197,60.915928738880304,61.0,-0.13782173954048577
OUT,GW241210_120900,40.0,23.6,63.6,3.075259066504337,2.8975473464512023,1.6000000000000014,2.8975473464512023,60.7024526535488,62.0,-2.092818300727748
OUT,GW250109_010541,37.5,27.4,64.9,3.2955011308336055,3.021074022750856,2.700000000000003,3.021074022750856,61.87892597724915,62.2,-0.5161961780560281
OUT,GW240414_054515,38.8,25.9,64.69999999999999,3.2344871761782508,2.9849120763885266,2.499999999999986,2.9849120763885266,61.71508792361146,62.2,-0.7796014089847901
OUT,GW250114_082203,33.76,32.26,66.02,3.452965072294546,3.103745946383556,3.1199999999999974,3.103745946383556,62.91625405361644,62.9,0.02584110272884393
OUT,GW240621_195059,36.8,29.7,66.5,3.4574033426239006,3.0992571852967408,3.6000000000000014,3.0992571852967408,63.40074281470326,62.9,0.7960935050926207
OUT,GW240907_153833,38.0,28.3,66.3,3.4112993800529208,3.0733924686967797,3.299999999999997,3.0733924686967797,63.226607531303216,63.0,0.35969449413208904
OUT,GW240501_033534,38.6,27.7,66.3,3.394124971099618,3.0625971583221707,3.1999999999999957,3.0625971583221707,63.23740284167783,63.1,0.21775410725487465
OUT,GW240716_034900,40.3,26.5,66.8,3.3841737085125305,3.0489017045404965,2.8999999999999986,3.0489017045404965,63.7510982954595,63.9,-0.23302301180046828
OUT,GW241002_030559,37.3,29.9,67.19999999999999,3.5098762584996948,3.121361618582839,2.999999999999986,3.121361618582839,64.07863838141715,64.2,-0.18903678906986413
OUT,GW250118_170523,38.1,29.6,67.7,3.5376782929106576,3.131049564311133,3.299999999999997,3.131049564311133,64.56895043568888,64.4,0.26234539703240756
OUT,GW240919_061559,38.3,29.6,67.9,3.5513010330041896,3.136449498555188,3.200000000000003,3.136449498555188,64.76355050144481,64.7,0.0982233407184058
OUT,GW240908_082628,39.8,27.7,67.5,3.4706587987901183,3.092563917694025,2.5,3.092563917694025,64.40743608230598,65.0,-0.911636796452342
OUT,GW240920_124024,37.1,31.9,69.0,3.6726888969901657,3.1940662978287326,3.4000000000000057,3.1940662978287326,65.80593370217127,65.6,0.31392332648060867
OUT,GW250109_074552,39.0,30.2,69.2,3.65457513585044,3.180127878589061,3.299999999999997,3.180127878589061,66.01987212141094,65.9,0.1819000324900387
OUT,GW241124_024914,42.0,26.0,68.0,3.4353673603682,3.063273002078926,1.0,3.063273002078926,64.93672699792107,67.0,-3.079511943401388
OUT,GW241114_024711,47.0,25.0,72.0,3.6104591986370655,3.113147768095253,3.0999999999999943,3.113147768095253,68.88685223190475,68.9,-0.019082392010524557
OUT,GW240511_031507,40.5,32.2,72.7,3.946298010558552,3.301626342233207,3.6000000000000085,3.301626342233207,69.3983736577668,69.1,0.4317997941632455
OUT,GW240621_200935,41.6,31.6,73.2,3.9671653238241342,3.3064452611242383,3.200000000000003,3.3064452611242383,69.89355473887576,70.0,-0.15206465874890845
OUT,GW241109_033317,42.4,31.7,74.1,4.032663925538869,3.331145253522291,4.099999999999994,3.331145253522291,70.7688547464777,70.0,1.098363923539572
OUT,GW250118_023225,44.0,31.0,75.0,4.072570020102735,3.3410078056704386,4.0,3.3410078056704386,71.65899219432956,71.0,0.9281580201824738
OUT,GW241102_144729,44.4,31.0,75.4,4.099485658853752,3.350589540721112,3.4000000000000057,3.350589540721112,72.04941045927889,72.0,0.06862563788734535
OUT,GW241230_084504,42.4,33.5,75.9,4.207026059965979,3.404106086611604,3.5,3.404106086611604,72.4958939133884,72.4,0.13245015661380452
OUT,GW240621_214041,45.0,32.0,77.0,4.24244715088885,3.4081888402329508,4.0,3.4081888402329508,73.59181115976705,73.0,0.8107002188589691
OUT,GW240908_125134,45.0,32.0,77.0,4.24244715088885,3.4081888402329508,3.0,3.4081888402329508,73.59181115976705,74.0,-0.5516065408553413
OUT,GW241201_055758,47.0,33.0,80.0,4.4841886776301205,3.4985436759952244,4.0,3.4985436759952244,76.50145632400478,76.0,0.6598109526378656
OUT,GW240924_000316,46.0,34.0,80.0,4.5170901743037115,3.5163053531678448,4.0,3.5163053531678448,76.48369464683215,76.0,0.6364403247791428
OUT,GW250104_015122,45.8,34.5,80.3,4.553496600536627,3.5316748873188906,4.299999999999997,3.5316748873188906,76.76832511268111,76.0,1.0109540956330414
OUT,GW240923_204006,46.1,34.9,81.0,4.615985023955524,3.555275771458355,4.700000000000003,3.555275771458355,77.44472422854165,76.3,1.5002938775119894
OUT,GW240705_053215,47.1,35.3,82.4,4.730304094447843,3.5962309821615546,4.200000000000003,3.5962309821615546,78.80376901783845,78.2,0.7720831430159145
OUT,GW240514_121713,46.8,36.7,83.5,4.850678054794312,3.6438192247429906,4.599999999999994,3.6438192247429906,79.85618077525702,78.9,1.2118894489949432
OUT,GW240527_183429,52.0,33.0,85.0,4.825115128463081,3.609945337913164,5.0,3.609945337913164,81.39005466208684,80.0,1.7375683276085498
OUT,GW240601_061200,52.0,32.0,84.0,4.710791044341691,3.5639760812382404,2.0,3.5639760812382404,80.43602391876176,82.0,-1.9072879039490704
OUT,GW241229_155844,52.0,33.0,85.0,4.825115128463081,3.609945337913164,3.0,3.609945337913164,81.39005466208684,82.0,-0.7438357779428784
OUT,GW241127_061008,63.8,20.8,84.6,3.852591607984667,3.091224710736138,1.5999999999999943,3.091224710736138,81.50877528926385,83.0,-1.796656277995359
OUT,GW240426_031451,52.0,36.0,88.0,5.161986847676485,3.74074923513124,4.0,3.74074923513124,84.25925076486877,84.0,0.3086318629390085
OUT,GW250108_152221,54.0,36.0,90.0,5.3053606141990635,3.7850165516203744,4.0,3.7850165516203744,86.21498344837963,86.0,0.24998075392979874
OUT,GW240612_081540,55.0,38.0,93.0,5.6063091429392395,3.8911142607268494,5.0,3.8911142607268494,89.10888573927315,88.0,1.2600974309922142
OUT,GW241225_082815,55.7,42.2,97.9,6.134103967473527,4.073040932644892,3.9000000000000057,4.073040932644892,93.82695906735512,94.0,-0.18408609855838376
OUT,GW241116_151753,70.0,24.0,94.0,4.613527990967883,3.387868336325427,-1.0,3.387868336325427,90.61213166367457,95.0,-4.618808775079395
OUT,GW240519_012815,65.0,39.0,104.0,6.454635709563931,4.138429868592784,4.0,4.138429868592784,99.86157013140722,100.0,-0.13842986859278028
OUT,GW240618_071627,65.0,40.0,105.0,6.58353062684078,4.182419603539994,4.0,4.182419603539994,100.81758039646,101.0,-0.18061346885148302
OUT,GW241125_010116,60.0,47.0,107.0,7.035551411640882,4.351589601867269,6.0,4.351589601867269,102.64841039813273,101.0,1.632089503101708
OUT,GW240824_205609,70.0,37.0,107.0,6.529819577005932,4.134172928358068,4.0,4.134172928358068,102.86582707164193,103.0,-0.13026497898841655
OUT,GW241230_233618,68.0,49.0,117.0,7.961468345761292,4.605266370410444,5.0,4.605266370410444,112.39473362958955,112.0,0.35244074070495757
