void,Reff,ratio,dist,y_major,y_inter,y_minor,D,Dc
34,23.36656294875389,1.4057142857990572,279.2406194486443,5.814152053692701e-07,2.91150338508882e-07,6.694035319098376e-07,-8.798832654056748e-08,-3.7825319340095557e-07
53,22.99297073297514,1.3586726081485234,152.58817717465146,-1.85953036434131e-07,-8.759195387296713e-08,-3.3222478943254023e-07,1.4627175299840922e-07,2.446328355595731e-07
84,21.260003645245817,1.3107672423960448,263.6730268834231,-4.4137089236219086e-07,-2.6117287832710836e-07,-3.820362199588881e-07,-5.933467240330277e-08,1.2086334163177973e-07
93,20.854182004429745,1.3545800606719622,262.2792774012287,-3.25600738886541e-07,-4.333628683525138e-07,-4.5409010275335175e-07,1.2848936386681077e-07,2.0727234400837933e-08
106,21.197459114655345,1.3358586012710294,275.96370379933506,-2.7495276370770474e-07,-6.148959547078601e-08,-5.338971184318004e-07,2.589443547240956e-07,4.7240752296101435e-07
117,20.45317917051204,1.327943658776869,245.1630472654851,2.77139912249949e-08,1.3602065734593365e-07,1.1731634721954703e-07,-8.960235599455213e-08,1.8704310126386626e-08
118,20.1265860770159,1.3344271390957347,237.42182532706207,4.020393661410185e-08,5.0776614432151956e-08,1.4684969800241222e-08,2.551896681386063e-08,3.6091644631910735e-08
131,20.82377371441888,1.33350863327011,265.1462839001572,1.6387763989023236e-07,-1.9478306725014996e-07,2.4717766330922787e-07,-8.33000234189955e-08,-4.4196073055937783e-07
137,20.43579369753645,1.3694292792744305,298.84077743255165,-8.543544613750651e-08,-1.8713037186525626e-07,2.0811956941205412e-07,-2.935550155495606e-07,-3.952499412773104e-07
171,19.241951702249057,1.3162908235850892,224.17403899026596,2.1376956378277286e-07,4.94023682528456e-08,6.220761793112788e-08,1.5156194585164497e-07,-1.2805249678282283e-08
172,19.937118661864147,1.3194397728505014,249.05478440519397,-1.1214975654797806e-07,-1.0926488097841054e-07,-1.7537458076410213e-07,6.322482421612407e-08,6.610969978569158e-08
180,20.364887703771117,1.3474695552097682,206.03983901066465,3.1591034515330667e-07,-2.5951830704493844e-09,-5.050908339194434e-08,3.66419428545251e-07,4.791390032149496e-08
191,18.60712605573965,1.3210418284889915,314.55195619204994,-1.2524537492081453e-07,2.4937511214747397e-08,-1.609097810698726e-06,1.4838524357779115e-06,1.6340353219134734e-06
196,18.920722099952847,1.3112391495595026,300.1308413573508,2.039026952403154e-08,3.0327858114089677e-07,8.848823111570598e-08,-6.809796159167444e-08,2.147903500251908e-07
197,19.433620307788782,1.361022665844735,164.63932740872733,-3.197351982497046e-08,2.60327812455973e-07,1.5978199126945313e-07,-1.917555110944236e-07,1.0054582118651985e-07
203,19.41691550979484,1.3379320151463916,134.74328989965665,-1.4424856240790368e-07,-2.2975928340535766e-07,-1.8406317621171938e-07,3.98146138038157e-08,-4.5696107193638275e-08
204,19.152033774169592,1.3275735840163876,281.79279790241407,-8.414852699790153e-08,6.914659259878152e-08,-1.024126092176255e-07,1.8264082219723976e-08,1.7155920181640704e-07
209,18.25300018485208,1.3449498700777525,243.8014743534811,3.4140123856787216e-08,-1.037655230220026e-07,-6.232818413668405e-08,9.646830799347126e-08,-4.1437338885318556e-08
224,18.16366839124493,1.3036132668230414,242.84236162762338,-7.718991337060789e-08,-9.710511119879468e-09,-1.4713260513510792e-07,6.994269176450003e-08,1.3742209401522846e-07
227,17.964363354276053,1.3440606021035892,285.3792431620442,-1.022474322322522e-07,-3.85879873095224e-08,-2.2991726552485964e-07,1.2766983329260743e-07,1.9132927821533725e-07
251,18.336162007440027,1.4144397432119227,266.8397711110916,3.151258813807922e-07,-4.4683160962113995e-07,-3.01917649006301e-07,6.170435303870932e-07,-1.4491396061483894e-07
254,18.326440693717625,1.3347211812146862,245.9304960451791,1.4367052551999915e-07,-4.137270512970965e-08,-9.796229636162369e-08,2.4163282188162285e-07,5.658959123191404e-08
255,17.991441078884726,1.3015160262251262,301.9296160304424,-3.047169022074511e-07,-4.513474839028449e-07,-3.871345487814982e-07,8.24176465740471e-08,-6.42129351213467e-08
261,18.921275631325305,1.4367866696699452,149.7677333002358,7.353276172717863e-08,-3.779496069965787e-08,-7.595408243896878e-09,8.112816997107551e-08,-3.0199552455760995e-08
265,18.09212841521113,1.3730749122786874,200.4204088471401,-6.153843127838304e-08,1.7000270604096803e-07,-2.2240970106182082e-07,1.608712697834378e-07,3.924124071027889e-07
266,18.53677123696037,1.382994319931193,307.90988023012324,-2.0317283189689151e-07,3.607212647087765e-08,-1.75509188968505e-07,-2.7663642928386518e-08,2.1158131543938264e-07
269,18.167091700353488,1.3113003842985358,283.60066455986595,5.552387675033514e-08,1.8680365242849967e-07,7.364357821183966e-08,-1.811970146150452e-08,1.1316007421666001e-07
280,18.196662676833277,1.3116758156377393,265.316460342952,1.4613965952287078e-07,-6.733854820397539e-08,7.695585567912883e-08,6.918380384374195e-08,-1.4429440388310423e-07
283,17.95161232015435,1.394907889334706,302.785984994113,1.424350754112855e-06,-1.474439088466973e-07,-2.6431823042562036e-07,1.6886689845384753e-06,1.1687432157892306e-07
289,18.15485548935164,1.4167312370594518,245.43101528844093,7.699561647877244e-08,-2.958372149159411e-07,-1.0530727698723781e-07,1.8230289346601026e-07,-1.9052993792870326e-07
296,17.82746605939422,1.32571356641737,219.65709008975756,-3.2325769055308523e-07,-5.183705892738715e-07,2.1559542676882804e-08,-3.44817233229968e-07,-5.399301319507543e-07
308,18.50827929777619,1.4072686395273772,180.5495317171961,1.088622963420048e-09,-1.2956924240669103e-07,-8.361726957925748e-08,8.470589254267753e-08,-4.595197282743355e-08
316,17.49622467491723,1.3115182541831532,288.22612570845763,8.39678614569433e-08,-2.3464561809521356e-07,-2.0949999786012427e-07,2.934678593170676e-07,-2.5145620235089286e-08
319,17.909338999093187,1.4383737403662171,234.16635639274813,2.8035959647919043e-10,1.7092747326216096e-07,2.5999369457074525e-08,-2.5719009860595334e-08,1.4492810380508644e-07
325,17.84778142339743,1.359867801542873,309.0553832757127,2.641522073593034e-07,-3.217452980235771e-07,6.041750730871425e-08,2.0373470005058914e-07,-3.8216280533229133e-07
326,18.625505222620333,1.3075976386294137,164.6047791554174,-1.2577261383206484e-07,-6.0488906322743094e-09,1.4665495201355086e-07,-2.724275658456157e-07,-1.5270384264582517e-07
331,17.574261244873686,1.4026263708967064,276.866217340175,3.1796838296176556e-08,1.4311230892158275e-07,2.8234896370256447e-07,-2.5055212540638794e-07,-1.3923665478098172e-07
333,17.952097496363287,1.3365195124083202,280.69989013308674,-4.529849813473343e-07,-1.1810818454644321e-07,-9.200833790682182e-09,-4.4378414755665214e-07,-1.0890735075576103e-07
338,17.130355219763484,1.3048557415106987,255.56559020240954,-1.1663956732594514e-07,7.943877832160915e-07,3.9713099907045655e-07,-5.137705663964017e-07,3.972567841456349e-07
341,17.22444638863494,1.364821158349279,187.54822667136108,-1.9046805111510242e-07,-1.592774265142788e-07,3.4514958485178524e-07,-5.356176359668876e-07,-5.044270113660641e-07
345,17.78188982243962,1.310241992001009,278.8397527845852,-8.19506938099281e-08,-3.381687215812817e-07,-4.030471348669519e-08,-4.164598032323291e-08,-2.978640080945865e-07
347,18.350868218900985,1.3223801620620097,215.9235656026307,-2.158534043596249e-07,-2.419222662898679e-07,-3.9409710721286934e-07,1.7824370285324445e-07,1.5217484092300143e-07
349,17.492262480506284,1.395297968322411,292.9362608106549,-3.0176100573447446e-07,-3.561716892058506e-07,-3.5662930443936213e-07,5.486829870488767e-08,4.5761523351154793e-10
353,17.110863714717674,1.3646453269984962,304.9327789767713,-5.73752705731819e-07,-3.9499657575190796e-07,-7.01183719241309e-08,-5.036343338076881e-07,-3.2487820382777706e-07
360,17.631141154582238,1.3611315013065304,226.41896954613023,-8.758857261310758e-08,-3.0359522408000536e-07,9.638870495862856e-09,-9.722744310897044e-08,-3.132340945758682e-07
362,17.482007391497834,1.3406915040383651,176.26590895838854,5.9016935529805563e-08,-4.2748444317958794e-08,-2.6560277023218675e-08,8.557721255302424e-08,-1.618816729474012e-08
367,17.795334257528634,1.3914345895241855,234.32329044272203,-1.884852937621625e-07,-4.0843719655274314e-08,1.5688932166026885e-07,-3.4537461542243136e-07,-1.9773304131554315e-07
373,17.340027471451776,1.3577408673856297,269.80142070062465,-6.506253703727809e-08,1.6988007944576772e-07,-2.3479856524509115e-08,-4.158268051276897e-08,1.9335993597027683e-07
378,16.43420300079733,1.398434230622998,253.97637963772817,-1.0469744192672805e-07,-2.4058490296157e-07,8.563071685311018e-08,-1.9032815877983822e-07,-3.2621561981468016e-07
391,17.383015643416186,1.3297589531916834,262.12974372127917,-1.1940489898978118e-06,-3.2978791032653727e-07,-6.800937572096552e-07,-5.139552326881566e-07,3.5030584688311796e-07
392,16.9566738194482,1.45250672901028,256.27849857229774,-2.0867784787968671e-07,-3.64676645257628e-07,2.1040553747432463e-08,-2.2971840162711918e-07,-3.857171990050605e-07
394,17.065482724017937,1.3566596257636079,297.1342025088415,-4.578865193069647e-07,-2.2423694424298935e-07,4.233499401827248e-09,-4.6212001870879195e-07,-2.284704436448166e-07
395,17.83791454865348,1.3437043012956364,237.86085567066402,9.955362142089475e-07,-2.535308888670136e-07,2.643841161349336e-07,7.311520980740139e-07,-5.179150050019472e-07
397,16.491517681245462,1.3578606594232219,76.82062451306078,-1.0552272559215141e-07,-4.760510303810687e-08,-1.5337414704966169e-07,4.7851421457510276e-08,1.0576904401155481e-07
400,16.98508849217321,1.381885051257701,293.4763698335262,-2.0309416632085642e-07,-1.9848313933698774e-07,1.5113266905628735e-07,-3.5422683537714377e-07,-3.496158083932751e-07
401,16.491793128666206,1.3128619262359096,311.39045815987276,2.2819751716112005e-07,2.938095072569016e-07,8.758888474535327e-07,-6.476913302924127e-07,-5.820793401966311e-07
402,16.66575168054234,1.319641707118192,272.5229949601897,-5.977784353486213e-07,-4.3335641470480815e-07,-4.4072591755588926e-07,-1.5705251779273207e-07,7.3695028510811155e-09
410,15.690390823428569,1.3169035469721901,116.92963847501572,-2.3281961998905002e-07,1.5068737942046123e-07,-1.374321822148767e-07,-9.538743777417332e-08,2.8811956163533793e-07
436,16.32197843882988,1.40233058031537,191.33975239014867,-1.0600776408665065e-07,-2.9760900228311087e-07,-4.321650689549556e-07,3.26157304868305e-07,1.3455606667184475e-07
442,17.385938792549766,1.3025526097061515,258.96858689196335,1.3359934503792724e-07,1.5675536515193977e-07,-2.2937296644934437e-07,3.629723114872716e-07,3.8612833160128414e-07
446,16.684491991473163,1.3809000842869879,202.60087568961143,-1.5814685250837714e-07,-8.885481942485345e-08,-1.4659376593565829e-07,-1.1553086572718858e-08,5.7738946510804835e-08
450,17.125528235696635,1.3216181231386621,262.1238620371108,1.6256090308624679e-09,-2.003213773863288e-07,-2.322490085440198e-07,2.3387461757488228e-07,3.1927631157691017e-08
451,16.640679017627427,1.4143407803274004,291.02543858877146,4.240288904386151e-07,3.771652289683195e-08,-2.1718479480782293e-07,6.412136852464381e-07,2.5490131770465486e-07
454,17.205993477896293,1.4535451903678591,297.70552455277783,2.3440980397300837e-07,4.897439783727035e-07,5.792016728268774e-07,-3.4479186885386904e-07,-8.945769445417389e-08
457,16.94028244590645,1.3312741605132499,214.1202532712908,1.6948039480218288e-07,6.54832099950631e-08,-1.6384191327152316e-07,3.3332230807370603e-07,2.2932512326658625e-07
468,16.457011744709778,1.335579696469254,243.43278155483563,-3.416723687898445e-07,-3.5939151457989133e-07,-2.417525918270138e-07,-9.991977696283071e-08,-1.1763892275287755e-07
470,16.636526207331226,1.3202742178539302,232.81925429864765,6.316178581142521e-08,-2.2838796857698946e-07,5.539254210423238e-07,-4.907636352308986e-07,-7.823133896193133e-07
472,16.823667342732303,1.3159730485445755,230.07682153083454,-2.423946239060492e-07,4.235945597091011e-08,-4.919555875085377e-07,2.4956096360248847e-07,5.343150434794478e-07
484,15.742335137652116,1.3514620464720917,295.153799766045,-9.054146903803055e-08,2.3736897662098098e-07,-1.705054360524236e-07,7.996396701439306e-08,4.078744126734046e-07
486,16.126442929299195,1.354452518707328,284.14456578087936,7.950396741828355e-08,1.4960015697923483e-07,-5.143277686078308e-07,5.938317360261143e-07,6.639279255870656e-07
489,16.303094339458028,1.3445398151562113,197.2348488597214,-4.7231871288724395e-07,-2.0166722018552306e-08,-1.1413865497889791e-07,-3.5818005790834605e-07,9.397193296034561e-08
500,16.75326456898371,1.3917291325657455,183.38829527871192,-9.641635041958628e-09,-2.3064227386502747e-07,-2.3051388368259372e-07,2.208722486406351e-07,-1.2839018243374257e-10
505,15.88834113515093,1.3573566656058185,304.73127200247757,-1.6949330115721982e-07,-3.5645764561438194e-07,-1.234711565641136e-07,-4.6022144593106214e-08,-2.3298648905026833e-07
506,15.270983027278389,1.3320777786567244,290.92883951929457,-3.681010134508471e-08,8.335050543446368e-08,3.1749988277828746e-07,-3.543099841233722e-07,-2.3414937734382378e-07
510,16.593833211270464,1.3309742792152077,275.5034680481523,4.241835647615409e-07,2.552012211687774e-07,1.9037741501237524e-07,2.3380614974916566e-07,6.482380615640216e-08
512,15.902955898913405,1.438931201238381,284.72293457305824,-2.443391123799934e-07,-3.4004650255525534e-08,-1.1503715320986157e-07,-1.2930195917013185e-07,8.103250295433604e-08
521,16.154788368057606,1.345320563661932,258.29911109930123,-2.0662134972373936e-07,-7.564882952941386e-08,-1.627468767277206e-07,-4.387447299601877e-08,8.709804719830673e-08
523,16.11071192636502,1.3900865206382664,234.27675475845896,1.9289336716531385e-08,-5.807941880831279e-08,-1.934400041075276e-07,2.12729340824059e-07,1.3536058529921483e-07
525,14.361897414294903,1.3698826851833783,291.45866227873694,-1.7556248081198014e-07,-1.7911854384632656e-07,-2.146450877126903e-07,3.9082606900710147e-08,3.552654386636373e-08
530,15.798520275119214,1.3147941302114416,271.9052238221759,-2.866580792601264e-07,-2.1423381202974378e-06,-2.986351324763464e-07,1.1977053216220018e-08,-1.8437029878210915e-06
534,15.597111909754185,1.4351162866368816,237.47104111547338,-5.152265967917956e-09,1.5494846633444602e-07,-8.613963104643391e-08,8.098736507851595e-08,2.4108809738087993e-07
540,15.879105938912728,1.4027134873061564,291.96345794201045,5.1735024328610774e-08,-2.2301047881749794e-07,-3.532495973106635e-07,4.049846216392743e-07,1.3023911849316557e-07
541,15.306576930659846,1.3139048377064346,222.0402570282315,4.211933013454642e-07,1.8257652520872777e-07,1.5594718358562057e-06,-1.1382785345107414e-06,-1.376895310647478e-06
548,16.475381096125535,1.3226202430330303,208.1911557152084,-2.4496228610354276e-07,1.554525195752712e-08,-1.700931830394122e-07,-7.486910306413057e-08,1.856384349969393e-07
549,15.714753352820845,1.4374207069565363,195.12553243768622,-8.898302258811527e-08,-2.0931410000548582e-07,-3.299567526816121e-07,2.4097373009349687e-07,1.206426526761263e-07
551,16.056345137240108,1.344342327765944,194.71276450556203,-2.953623960407597e-07,-3.9528017003581304e-07,1.1653407505824734e-07,-4.11896471099007e-07,-5.118142450940604e-07
555,16.005186375205962,1.4180648668365714,150.09773357458937,-3.8867156376321356e-08,3.228100315239742e-08,-6.44702999567106e-08,2.560314358038925e-08,9.675130310910803e-08
556,15.671565191476803,1.3260595013267973,211.62326895502326,-2.7019927867282077e-07,-1.1751847042726316e-07,1.9931947289003205e-07,-4.695187515628528e-07,-3.1683794331729523e-07
559,16.42927895303185,1.3105751717278167,297.07467931385236,1.3842214766522751e-09,-3.4971285473727797e-07,-1.6574004144740684e-07,1.671242629240591e-07,-1.8397281328987112e-07
561,16.13705190972663,1.3721099859153327,114.41592210827103,-1.2331726678473098e-07,5.283193091246431e-08,1.7907510732946283e-07,-3.0239237411419384e-07,-1.2624317641699853e-07
563,16.094673544641033,1.3264617282469178,299.2067005954167,1.1933473621210933e-07,2.9043336558394946e-07,3.5645075100714045e-07,-2.3711601479503112e-07,-6.6017385423191e-08
571,15.3229241173736,1.3667056764583099,304.247179343535,5.901097381891969e-08,7.383132120213318e-08,-1.4679261523938765e-07,2.0580358905830734e-07,2.2062393644152083e-07
577,15.579959395879662,1.4576298129158782,271.3359109653487,-3.3616420707400927e-07,-2.3130807672976143e-07,1.4448033802875353e-07,-4.806445451027628e-07,-3.7578841475851496e-07
578,16.139268339794764,1.4909196659659307,227.70077189092993,1.3630063969180514e-07,1.0437910574060622e-07,-1.1897771405579683e-07,2.55278353747602e-07,2.2335681979640305e-07
582,15.993256365159802,1.3072185401299437,257.473129400016,-2.0365174016205867e-07,1.6008168063754997e-07,1.3280991198677843e-08,-2.1693273136073651e-07,1.4680068943887212e-07
584,15.697463835336402,1.3239640701641897,202.11900224214526,6.1042007181600314e-09,-3.34327448367996e-07,-8.656195733360028e-08,9.266615805176031e-08,-2.4776549103439573e-07
587,16.001214919139773,1.3168502586764916,308.4406172708698,-3.4108422236994667e-07,-1.5016291483648924e-07,-9.36689480110218e-08,-2.4741527435892485e-07,-5.6493966825467434e-08
592,16.47988505968343,1.3403231982906971,171.1541818000756,-2.445170736653589e-07,-3.4822344669871126e-08,-2.7417594307989986e-07,2.9658869414540984e-08,2.3935359841002876e-07
594,14.993366319581964,1.329197223121127,171.6002595729225,1.6926428327768783e-07,7.83577531484089e-08,1.3583306240322274e-07,3.3431220874465096e-08,-5.7475309254813834e-08
596,15.411298834852822,1.3116824914667295,157.43191952605142,1.2104516652156393e-07,2.0566396443412965e-07,2.1078391378878524e-07,-8.973874726722131e-08,-5.119949354655589e-09
599,15.244422340559392,1.3018445587409253,228.65779329548883,-2.6294554593984044e-07,4.568595077837029e-08,7.133808958802592e-08,-3.3428363552786633e-07,-2.5652138809655628e-08
601,16.551350593886035,1.4611010750442346,130.68795670846677,2.865133546006962e-07,2.5918885164020274e-07,8.476800888019143e-08,2.0174534572050477e-07,1.744208427600113e-07
604,15.639731894846976,1.4611634024489817,231.10399470483225,-1.6110207201687277e-07,-4.046801249352578e-07,-2.291116768560113e-07,6.800960483913853e-08,-1.755684480792465e-07
606,15.332379787099194,1.3479840734783848,262.1741549929329,-6.52003545714791e-07,-7.51438322348102e-07,-4.436126001463887e-07,-2.0839094556840232e-07,-3.078257222017133e-07
610,14.952172000646616,1.480648974061596,245.14367657294042,-2.478831444206577e-07,2.658091613655447e-07,2.5197940417848654e-07,-4.998625485991443e-07,1.3829757187058151e-08
611,15.366142132863562,1.330115911944989,287.7320064998446,-4.25391720153094e-08,-1.9818383650869046e-07,7.086455388154353e-08,-1.1340372589685293e-07,-2.69048390390234e-07
615,14.858434988855542,1.384114760826541,178.08544400042618,4.2361300836383985e-07,4.082307064203328e-08,7.728177314643772e-07,-3.4920472310053737e-07,-7.319946608223439e-07
618,15.5236106157453,1.3035891276491578,184.84043682112645,-3.81916232975386e-07,-1.0833071381966094e-07,-9.742003088340098e-08,-2.84496202091985e-07,-1.0910682936259962e-08
619,15.837740873710311,1.3632676026523656,284.93227259101155,-2.3500766615164859e-07,-3.3180008577209153e-07,-4.229215042101314e-07,1.879138380584828e-07,9.112141843803985e-08
623,16.098328553103443,1.4215188767899545,162.7107580996989,-7.910932915894163e-08,-2.729345995157347e-07,-2.460765482798093e-07,1.6696721912086767e-07,-2.6858051235925398e-08
629,15.541783412621148,1.3461857473745733,89.33100887593446,2.03156603665527e-07,-9.278039390315442e-08,2.2375903379205683e-07,-2.060243012652982e-08,-3.165394276952112e-07
637,15.61924355696654,1.390413670574106,219.22737979974733,2.360190618131359e-08,-1.49447418139157e-08,1.0686399267735811e-07,-8.326208649604452e-08,-1.218087344912738e-07
646,15.704501175216905,1.340281832753744,302.1548111729409,1.1483009911570885e-07,-4.0880092771412795e-07,-5.080502964626599e-07,6.228803955783688e-07,9.924936874853199e-08
658,15.140056702781532,1.3112426084274225,169.7942672445171,-2.1148921417790992e-08,-3.290496102239256e-09,-1.8745562077565725e-07,1.6630669935786626e-07,1.84165124673418e-07
661,15.725659976172372,1.4660632288353572,274.6765221652153,-3.32257497401877e-07,8.777372174112868e-08,2.1296394792898605e-07,-5.452214453308631e-07,-1.2519022618785737e-07
668,15.430259898115784,1.3936740737855464,187.47384559037198,-9.855331860358948e-08,-3.087749761173963e-07,-2.1436035957603667e-07,1.1580704097244719e-07,-9.441461654135964e-08
669,15.52652368869373,1.3008212544405728,306.8931678912286,-1.8898791000849385e-07,4.15433831073258e-08,2.928207925425381e-07,-4.81808702551032e-07,-2.5127740943521234e-07
670,15.18102977263634,1.3924334037586237,263.07638580160483,-1.0023659057641603e-08,2.0598515159125583e-07,-5.228142832796716e-08,4.225776927032556e-08,2.58266579919223e-07
673,14.789693005874586,1.4224799345331798,210.5669513620009,4.141698263150979e-07,9.919553937086234e-08,2.167563215095513e-07,1.9741350480554662e-07,-1.1756078213868895e-07
674,15.31913904345631,1.3264310671111623,265.79506998794653,-7.999334757723746e-08,3.1220334454756126e-08,-3.9507044480924646e-07,3.15077097232009e-07,4.262907792640026e-07
676,15.031205821554613,1.3046428060231776,306.41016287592976,-4.896368664066619e-07,-5.338185721964411e-07,-3.5850019641926025e-07,-1.311366699874017e-07,-1.7531837577718089e-07
680,14.531183152133082,1.3267557242303787,280.22481306178906,-3.537297600382091e-07,2.0852175186288312e-07,-2.035560281814646e-07,-1.5017373185674448e-07,4.120777800443477e-07
682,15.6727681321488,1.4895298128633327,81.82840536465264,1.3917333573282408e-07,-8.852456338756232e-08,2.832484590219959e-07,-1.440751232891718e-07,-3.7177302240955817e-07
684,14.902578762306376,1.314516827550216,225.0237016138947,-1.0565004927517786e-07,-4.1387864874419914e-07,1.1969407217146682e-07,-2.2534412144664468e-07,-5.335727209156659e-07
686,14.794878288840827,1.3605322252150935,300.36499250877455,-1.4445540779717045e-07,2.764665601748859e-08,3.725421243734412e-07,-5.169975321706116e-07,-3.448954683559526e-07
689,14.82285476724452,1.3142503806721073,88.64086770700463,1.0743802854315085e-07,1.524852238328444e-08,1.0315725400785402e-07,4.280774535296829e-09,-8.790873162456958e-08
691,15.466594746866148,1.3521627288344606,307.05453894830896,1.323577064540827e-07,-7.08366198435277e-08,-1.2404007463515914e-07,2.5639778108924185e-07,5.320345479163144e-08
692,15.072198012873152,1.3167003449212087,221.67155049780612,-1.8623310925622683e-08,1.0795871769608708e-07,-3.16278591157258e-07,2.9765528023163536e-07,4.242373088533451e-07
694,15.057900597981767,1.308809914423243,206.59863026622173,-1.459005861631733e-07,-4.4880541062609935e-08,-1.0981235925670485e-07,-3.6088226906468466e-08,6.493181819409492e-08
695,15.056558661999343,1.3074145541844318,231.1066311196114,-1.7512311673386797e-07,-1.8139303896747473e-07,-1.0283237126755141e-07,-7.229074546631656e-08,-7.856066769992332e-08
697,14.77644159354136,1.3755351874392112,226.8723813213671,1.1424319866044107e-07,1.5789317482416085e-07,-2.0651777651821196e-07,3.20760975178653e-07,3.644109513423728e-07
702,14.65219798302568,1.338905856755091,309.81956975131544,-2.295633854904148e-09,-1.941599296145531e-07,-6.909719876433026e-08,6.680156490942611e-08,-1.2506273085022286e-07
704,15.0740970424841,1.340892451704253,164.72908526826413,9.300842943165601e-08,-1.189222550956951e-08,-1.698261863723816e-07,2.628346158040376e-07,1.5793396086281212e-07
707,14.944651684578464,1.4163810738802143,277.52129474837136,4.302721680615689e-08,-8.690664947210943e-08,6.766419914508356e-08,-2.4636982338926666e-08,-1.5457084861719299e-07
711,14.446843506814998,1.4090092828706244,270.0773945183274,-2.972525527849036e-08,-1.4947866025854145e-07,-5.559106137325077e-07,5.261853584540174e-07,4.064319534739663e-07
724,15.30587636666481,1.3072621791985004,145.6922125359544,-2.199080518688654e-07,4.240547962946042e-08,5.4852655035949376e-08,-2.7476070690481476e-07,-1.2447175406488959e-08
737,14.118449910170169,1.3145484317256748,181.02850170686335,5.835853613146055e-07,1.3829679375489765e-07,4.275636056772132e-07,1.5602175563739224e-07,-2.8926681192231556e-07
739,15.473520331583035,1.3354565680338168,144.8552414112125,-3.824506894780561e-07,6.536399537390911e-08,1.5227508193456272e-07,-5.347257714126188e-07,-8.691108656065361e-08
746,13.950709553501682,1.3655016129704514,309.170153917818,-1.1741913500718498e-07,-2.0493372444195093e-07,-1.0699569407661593e-07,-1.0423440930569052e-08,-9.7938030365335e-08
749,14.427792739762165,1.3426462383571494,248.41594301762004,-9.906774229538789e-08,1.2408000417288765e-07,2.6985176202436346e-07,-3.6891950431975134e-07,-1.457717578514758e-07
756,14.919650982908369,1.3679494843671276,280.46748581435907,-1.3098696366659469e-07,7.353948783621673e-09,-2.581614446955045e-07,1.271744810289098e-07,2.655153934791262e-07
757,14.880614542945075,1.4068182808575171,212.81994806768952,-1.3480696915039736e-07,-5.231230202829359e-07,-1.8396398523539391e-07,4.915701608499655e-08,-3.3915903504754197e-07
760,14.840325348138633,1.4053494596880989,32.15011537766683,-8.30203012176921e-08,1.261895981004085e-07,-1.0304853672041785e-07,2.0028235502725745e-08,2.2923813482082634e-07
762,14.661218039336864,1.4668082197596306,141.50245161207846,3.0824174714646046e-11,2.5655526167803592e-08,3.9418946964396537e-07,-3.9415864546925073e-07,-3.685339434761618e-07
763,14.84638361063094,1.4267315249402646,285.1681868021984,-2.3794059681403055e-07,-1.2205297444796894e-07,6.738434827360428e-08,-3.053249450876348e-07,-1.8943732272157321e-07
766,15.035492694790252,1.3158920526155113,221.7128371363885,-4.3998005182664346e-07,-3.5765855407750773e-07,-2.1147752011832377e-07,-2.285025317083197e-07,-1.4618103395918397e-07
769,13.97375132311076,1.3482172815208255,318.5052103926014,3.067919158592845e-07,9.902727583358701e-08,1.4663113119701013e-07,1.6016078466227437e-07,-4.760385536342312e-08
772,14.43701066037304,1.306181016694457,286.15987899971145,-3.0797029017006237e-07,-1.7412397990727246e-07,-2.8381006901229705e-07,-2.416022115776532e-08,1.096860891050246e-07
774,15.771778118189962,1.3349154763286775,268.42857801062684,-9.046658076161944e-08,2.4263271491774717e-08,-1.576760801160829e-07,6.720949935446345e-08,1.819393516078576e-07
775,13.958655457617596,1.3402182169151702,275.4959362919506,1.3267343103778353e-08,-4.158905860055641e-07,-2.2616651509468066e-07,2.39433858198459e-07,-1.8972407091088346e-07
778,14.545443728607994,1.327883698082658,296.4684425341709,-8.731265740339786e-08,4.911534283142816e-07,-3.350075319298343e-07,2.4769487452643644e-07,8.261609602441159e-07
782,15.104197976352063,1.3494026007511455,275.11408149474425,1.6012158433448368e-07,8.732860513335097e-08,5.011240656220291e-07,-3.4100248128754545e-07,-4.1379546048867814e-07
787,15.130619749455573,1.3235408297323918,286.92104543134866,-3.778323358199369e-07,-9.382971241518571e-08,-3.3663713217251854e-07,-4.1195203647418345e-08,2.4280741975733284e-07
788,15.006955676222338,1.3362037915722205,260.6596641485342,-5.452810646368738e-07,2.1483870580966614e-07,1.6461516064496182e-07,-7.098962252818356e-07,5.0223545164704317e-08
789,13.814625602779843,1.315421425967885,289.68695334304647,2.7555944283779245e-08,-2.0489649941307324e-07,1.0830381668452851e-07,-8.074787240074926e-08,-3.1320031609760176e-07
795,15.224239244970164,1.3006360670892747,124.18311238280648,7.487803127118858e-08,-1.7051725182728393e-07,3.1909992499845097e-07,-2.442218937272624e-07,-4.896171768257349e-07
796,15.097907494779443,1.3074682487425553,294.68537234020494,-2.8107419653967496e-07,-9.95450293231283e-08,7.17107651592245e-08,-3.527849616988995e-07,-1.7125579448235281e-07
797,14.939273552345952,1.3792058060129204,264.75692054797736,-2.6128796208371173e-07,-3.3226039644088837e-07,-9.805668515017774e-08,-1.63231276933534e-07,-2.3420371129071064e-07
799,14.57782076623582,1.3506982668681158,153.33978470400635,-3.184616673990191e-07,6.839334745032512e-08,9.188107889809132e-08,-4.1034274629711043e-07,-2.34877314477662e-08
800,14.241767543626077,1.4090439033793514,235.50584584567147,-3.3861732760401055e-07,7.055181198024212e-08,-5.927965929456314e-07,2.541792653416208e-07,6.633484049258735e-07
801,13.460534960284743,1.404289257820368,306.9496447874071,4.940866249839151e-07,2.0333432591128643e-07,3.100183338015727e-07,1.840682911823424e-07,-1.0668400789028626e-07
806,14.613757744903774,1.4131814509048461,271.61952361281135,-2.2313399850826912e-07,-3.2384720056317335e-07,-3.455011689556137e-08,-1.8858388161270775e-07,-2.89297083667612e-07
808,15.505537394896828,1.3168377697944347,256.4218526178173,-2.36411402180466e-07,-2.192698249459135e-07,2.628493465951958e-07,-4.992607487756618e-07,-4.821191715411093e-07
810,14.478025118739064,1.3487902106087384,238.20862231208687,-7.545489301961223e-08,-3.060083340824545e-08,-3.214917195775552e-07,2.4603682655794296e-07,2.9089088616930973e-07
811,14.17731146890862,1.3606902366613813,196.40898972832085,3.6768218165016006e-08,8.488781021369095e-08,1.2363962721650608e-06,-1.199628054000045e-06,-1.1515084619513698e-06
812,14.245247559368032,1.3535913934090316,290.00707712813977,-2.577961060305818e-07,1.0104170141174352e-07,-3.1040873219128465e-07,5.261262616070284e-08,4.1145043360302814e-07
813,14.064711863900206,1.4162212484433723,101.72515020565032,-1.4721167523256935e-07,1.340406889720953e-07,8.782251503008704e-08,-2.350341902626564e-07,4.6218173942008266e-08
814,14.348141867311991,1.363288190913426,190.80114037525775,3.823337009486488e-08,-2.3031195039705668e-07,6.615741252174379e-08,-2.792404242687891e-08,-2.964693629188005e-07
815,14.917174972801524,1.3931274510862324,272.56186474605573,1.0382686153124749e-07,1.89371952364213e-07,-1.0832797564146197e-08,1.1465965909539369e-07,2.002047499283592e-07
821,14.792139420742762,1.3009429599294273,241.23262749026614,-1.8532873988682852e-07,-1.36035286082898e-07,-1.1639030388553397e-07,-6.893843600129456e-08,-1.9644982197364026e-08
822,14.833999387586136,1.3500233604675134,269.06134242134334,-6.933300024750769e-09,9.11453877699015e-08,-2.2201006140195046e-07,2.150767613771997e-07,3.1315544917185196e-07
823,14.728020917052003,1.304432798239992,310.158301167315,-5.286436216132515e-08,5.545942860593101e-08,-3.934166182358175e-08,-1.3522700337743401e-08,9.480109042951276e-08
825,14.493142266634464,1.500766546892302,303.3925959680681,1.7390081303526714e-07,-5.0060042162338e-08,1.1184955309272116e-07,6.205125994254599e-08,-1.6190959525505916e-07
828,13.858904587283018,1.3546181174179424,253.99005908640441,-4.464893954331295e-07,2.265750935626695e-08,-2.6875741358107595e-07,-1.7773198185205355e-07,2.914149229373429e-07
835,14.096713753576363,1.3625286137512143,221.45598003722213,2.1477633266113963e-07,1.5247758113591452e-07,2.0648610098587336e-08,1.941277225625523e-07,1.318289710373272e-07
836,15.054865733344744,1.3052844864121333,79.47562936969226,9.735434612172494e-08,-6.439824182382437e-08,9.293713982165777e-08,4.417206300067177e-09,-1.5733538164548212e-07
837,13.89127186641048,1.3722854371253108,243.46573952708565,-8.015243235893641e-08,1.567100087377577e-07,-1.6967669197745202e-08,-6.318476316119121e-08,1.736776779355029e-07
838,13.974403984201954,1.3406097020490153,124.24737976703608,-2.3249637298149534e-07,-1.1700056497391942e-07,-3.145755218960745e-07,8.207914891457918e-08,1.975749569221551e-07
842,14.988038664529828,1.3441216424814026,256.99540321458755,-3.416262747581751e-07,-2.8233856723080056e-07,-1.7310735847127462e-07,-1.685189162869005e-07,-1.0923120875952594e-07
843,14.558117100969913,1.3331773600376593,126.59682639598748,-3.5404732066732696e-07,2.1647534005284377e-07,7.886082680057973e-07,-1.1426555886731243e-06,-5.721329279529535e-07
844,14.51974152989137,1.3232246572706061,145.17817002630613,5.521442530739994e-10,2.0203835091894244e-07,-2.278791461919372e-08,2.334005887226772e-08,2.2482626553813616e-07
846,14.746421926613849,1.3143401574313751,306.5373055198226,-1.4138329505942693e-07,-3.151856117278396e-07,-3.107201456782273e-07,1.6933685061880036e-07,-4.4654660496123115e-09
850,13.813234861420083,1.4322810850498782,143.0572907931558,-1.6612191089688925e-07,2.2930765448869152e-09,-3.368469020979185e-08,-1.3243722068709742e-07,3.5977766754678766e-08
866,13.93677489890744,1.4184865407888028,132.34724088799973,2.2500470871676219e-07,2.6606888742208656e-07,-7.180548322134582e-08,2.96810191938108e-07,3.378743706434324e-07
867,13.59362419662292,1.5516575011861389,170.97259942133942,-1.8850388268791736e-07,-3.5023299130195446e-07,-2.5778282034558466e-07,6.92789376576673e-08,-9.24501709563698e-08
870,12.898024982130686,1.3801410676141845,292.0744174981544,-4.5239204104720433e-07,-3.9667390831897927e-07,-3.58361452328417e-07,-9.403058871878736e-08,-3.83124559905623e-08
879,13.729072697359555,1.3476661506530332,287.3123286585494,-4.442566306052824e-07,-5.063284960013435e-07,-1.6171312962084678e-07,-2.8254350098443565e-07,-3.4461536638049667e-07
881,14.63485599673246,1.4131342363924388,282.4882078014212,1.1340559493976883e-07,-3.6656223877805205e-07,-6.079371465703163e-07,7.213427415100851e-07,2.4137490779226423e-07
884,13.53464786720678,1.300866867901931,284.2283421938359,-3.1295198947796425e-07,-1.1405579550691573e-07,-2.425821690406913e-07,-7.036982043727297e-08,1.2852637353377555e-07
888,14.67976299786621,1.3258954332951995,183.37239575653228,-1.9774635021511548e-07,5.21018972083383e-07,2.130435986624211e-07,-4.1078994887753657e-07,3.0797537342096186e-07
893,14.197831078270529,1.3025352506632888,306.0399714226866,3.0704467148402166e-07,3.817375182047716e-07,-1.7157736117791767e-07,4.786220326619394e-07,5.533148793826893e-07
896,14.355757721580856,1.300799304232581,258.3304329984532,-4.558980651773376e-07,7.767469530981521e-07,-3.6368662923064866e-07,-9.221143594668894e-08,1.1404335823288008e-06
898,13.695091436204365,1.3439074771802748,284.4026889120708,-1.9300119307052791e-07,-2.7168356978541695e-07,-5.948095003483118e-07,4.0180830727778384e-07,3.231259305628948e-07
900,13.782779754918998,1.3402763904058386,177.4008811878354,-1.543712258922455e-07,-3.5500043144585826e-07,-1.9264166006190282e-08,-1.3510705988605522e-07,-3.35736265439668e-07
913,13.84509416813964,1.385191858230233,306.9105148427373,-2.101285265325545e-08,-2.186653801307371e-07,-4.2270966071724536e-07,4.016968080639899e-07,2.0404428058650825e-07
919,14.41615344335514,1.4707330141371966,298.7956321299524,-1.8246830406565692e-07,-1.3360226121634545e-07,-4.074535514209595e-07,2.249852473553026e-07,2.738512902046141e-07
920,13.756424635613753,1.3476969831891186,247.37376153366728,2.0464704932574424e-08,-5.076883498425732e-08,8.38410056392221e-08,-6.337630070664768e-08,-1.3460984062347942e-07
925,15.016755079880111,1.4194318641013477,305.7651310880856,6.437053256791928e-07,-1.0494552904647417e-06,-2.627469029857001e-07,9.064522286648929e-07,-7.867083874790416e-07
928,13.298320820820228,1.4471298786966968,207.5206339739095,-2.5880134718161388e-08,9.235833764383331e-08,1.937586970559828e-07,-2.196388317741442e-07,-1.014003594121495e-07
930,13.935307187490483,1.392924598981488,290.5860754325639,-2.067288730251365e-07,2.906567158697729e-09,-5.687403347093124e-07,3.620114616841759e-07,5.716469018680102e-07
932,14.31816819675949,1.3431709068303606,314.1966002119458,-3.973473081767002e-07,7.395228136797029e-08,-1.4749681926256816e-08,-3.825976262504434e-07,8.87019632942271e-08
939,14.363920338700575,1.3014702994503198,296.65756757876886,-1.2279251375859984e-07,-4.716473213782796e-07,8.129428044156053e-07,-9.357353181742051e-07,-1.284590125793885e-06
944,13.416366500386042,1.4020054554220416,138.8920772672723,1.1760238987934771e-07,-5.486283285999098e-08,-6.522326167269637e-08,1.828256515520441e-07,1.0360428812705388e-08
945,13.090258755570805,1.3209634306689324,161.23034155273615,-1.2803793652273257e-07,-2.9273367180841193e-07,-1.8757293965260087e-07,5.9535003129868303e-08,-1.0516073215581105e-07
946,12.536098719855952,1.4413350343380045,243.76685744092234,-5.704213576736304e-08,-1.8919110429250678e-07,-1.8446955695036185e-07,1.274274211829988e-07,-4.721547342144935e-09
948,13.884845466110974,1.3315618655700387,311.2733369971034,-1.8337753870944545e-07,2.5031823145661966e-07,1.82407265057725e-07,-3.6578480376717044e-07,6.791096639889464e-08
950,13.923121811434957,1.3513863217752404,290.8242993195897,-1.581880027961554e-07,2.1019128546046316e-07,9.276852882427194e-08,-2.5095653162042737e-07,1.1742275663619122e-07
951,13.7342322756373,1.3503517455036738,241.6732676456792,2.35106947662472e-07,-3.2253955806276177e-07,-1.882503652784751e-07,4.233573129409471e-07,-1.3428919278428668e-07
952,13.452311175506958,1.4818258230140742,194.95659704783125,1.6633152113037488e-07,3.5568638432486545e-07,8.74351069847212e-08,7.889641414565368e-08,2.6825127734014425e-07
957,12.654377983261496,1.3018390910106141,175.77817343878147,2.9346969285122204e-07,-1.2824495067104163e-07,6.530415077063154e-07,-3.5957181485509336e-07,-7.81286458377357e-07
960,12.717383513605892,1.3377814148421139,265.94041845366024,7.167739784390628e-08,2.644341963171767e-07,6.40209036943378e-07,-5.685316390994717e-07,-3.7577484062620126e-07
961,13.673926822944065,1.4179162582254807,227.4803391601237,7.214988078134595e-08,7.803914452762494e-08,8.771907275831782e-08,-1.5569191976971868e-08,-9.679928230692872e-09
962,13.69737532984534,1.4775489242237734,248.073816558628,5.8141695142733056e-08,4.2093242934921664e-08,-3.501861817911128e-08,9.316031332184434e-08,7.711186111403294e-08
963,13.53932799577046,1.3566418112568137,302.1992059231913,-4.042409371779247e-07,2.79045414799574e-07,2.7004055236507315e-07,-6.742814895429978e-07,9.004862434500846e-09
968,12.826227524080092,1.3344339426074565,226.6100103549891,-3.4843562865005494e-08,-2.2640103506780285e-07,-3.858202752918979e-08,3.738464664184295e-09,-1.8781900753861305e-07
971,13.389108637453026,1.3221635529381646,239.55212876610983,1.2439552168622258e-07,2.7543080540813487e-07,2.5308033270877104e-07,-1.2868481102254846e-07,2.235047269936382e-08
972,13.456856915294544,1.359854012877105,317.5916831573998,5.283628360545614e-07,5.159673663969638e-07,9.369925771684912e-08,4.3466357833771226e-07,4.222681086801147e-07
978,14.106328687379738,1.3549916355155809,280.27518788918184,-4.072615094500564e-07,-1.5509288234607801e-07,-4.861874221824332e-07,7.892591273237685e-08,3.3109453983635523e-07
979,14.099695031200977,1.4126983302904499,279.8024927418188,-1.8540570409389122e-07,-2.1381791292060182e-07,8.51271096133668e-08,-2.70532813707258e-07,-2.989450225339686e-07
980,14.211428811413215,1.3289647943916567,151.68993302695213,4.7504254578132613e-07,-2.7582653836512002e-08,-1.5437159721275826e-07,6.294141429940843e-07,1.2678894337624625e-07
982,13.67058810795486,1.3217662349211756,285.3466244804287,-1.0199043970040624e-07,7.268958610000922e-07,1.274436163420952e-07,-2.2943405604250142e-07,5.99452244657997e-07
986,13.885203808868114,1.3288024363855457,297.7565254426344,1.791639381556573e-07,-6.545325004685053e-08,-1.0460915764230754e-07,2.837730957979648e-07,3.9155907595457005e-08
987,13.1274655715383,1.3971237235032017,218.44410034607475,8.560398251808522e-09,8.962494982775052e-08,5.188850946575056e-07,-5.10324696405697e-07,-4.292601448297551e-07
990,13.335051998435077,1.3400449377722388,302.85090589153356,3.981197620496622e-07,2.536109320096318e-07,1.0249977406415344e-07,2.9561998798550875e-07,1.511111579454784e-07
992,12.933139705523292,1.3199221556751901,166.76205997721488,2.912904892952999e-07,1.630671399436449e-07,2.2060063821128784e-08,2.6923042547417115e-07,1.4100707612251611e-07
999,14.190712364644051,1.3485643070028852,242.49313573907375,3.588683247298591e-07,-2.439304547961739e-09,1.8309055240919346e-07,1.7577777232066565e-07,-1.855298569571552e-07
1004,13.57052104317443,1.394137907632386,219.91139971675815,-9.798461549223679e-08,2.240611680552192e-07,8.956971864999065e-08,-1.8755433414222743e-07,1.3449144940522855e-07
1005,13.801253932532216,1.3112620023325745,249.6066476016657,-3.1707152158904607e-07,-2.0786242801465018e-07,1.984845927844748e-07,-5.155561143735208e-07,-4.06347020799125e-07
1006,13.146348534490478,1.3297036174084393,302.2614875528427,1.0892134182466944e-07,1.2415637634045158e-07,7.682349973137074e-08,3.2097842093298704e-08,4.733287660908084e-08
1008,14.06687300118471,1.3368044296639865,235.92355984648836,1.1251671501154024e-07,5.580869141366471e-08,2.1988617674580117e-07,-1.0736946173426093e-07,-1.6407748533213645e-07
1009,13.41343003880528,1.3352547478246783,314.9186911897808,1.1235186409127993e-07,-3.152721294430085e-07,3.303856028026431e-07,-2.1803373871136316e-07,-6.456577322456516e-07
1023,13.747550778698905,1.4005160232894132,314.6668300372297,3.3250804622726467e-07,2.281720022392847e-07,2.1856243533441672e-07,1.1394561089284795e-07,9.609566904867992e-09
1024,13.923134238776663,1.3975208346089767,308.99856132103486,-3.988498606956392e-08,2.393109654502421e-07,-1.5632853217396685e-08,-2.4252132852167238e-08,2.549438186676388e-07
1025,13.124499905273044,1.4539076069072219,297.44852558008444,1.0433384181885725e-06,5.359632413763055e-07,1.0957478760990526e-06,-5.240945791048018e-08,-5.597846347227471e-07
1030,13.626563531856323,1.4712684640789557,304.0836807969237,-4.576832833794178e-08,-4.4484129716798235e-07,-2.4080027374906773e-07,1.9503194541112595e-07,-2.0404102341891462e-07
1032,13.389452392343768,1.3407037789894125,277.3506800389141,-2.919158266660244e-07,-3.044799014175064e-07,-1.4435714076923726e-07,-1.4755868589678716e-07,-1.6012276064826914e-07
1035,12.828795344747322,1.3179394191060902,296.2580850448604,4.373408335623704e-08,-2.1458041192904113e-07,-1.8613071432636882e-07,2.2986479768260586e-07,-2.8449697602672312e-08
1038,12.208728945920454,1.3228942761565177,232.0234391903533,-3.228475457611068e-07,1.7057376598056406e-08,-1.7924743539068906e-07,-1.4360011037041774e-07,1.9630481198874546e-07
1039,13.183737966240637,1.3173904804822414,259.21652157280465,-3.9591181117332534e-07,-1.9181084078008404e-07,-2.109606333541592e-07,-1.8495117781916615e-07,1.9149792574075147e-08
1043,14.009339359530806,1.3727467138790408,278.5303651122807,-4.6438661146640337e-07,-1.0210645727873828e-07,-1.9649740079308985e-07,-2.678892106733135e-07,9.439094351435157e-08
1044,13.69384124838484,1.4000761179915706,252.2030631075038,-3.336605867723103e-07,1.7695078362416e-07,-3.4026204411973504e-06,3.0689598544250403e-06,3.5795712248215104e-06
1051,12.857090369261348,1.501204073179084,220.24590803971986,4.1576867111319766e-08,-4.3396422884263313e-07,-3.3584265624170024e-07,3.7741952335302e-07,-9.812157260093289e-08
1052,13.294281168283954,1.379685341107833,263.8447280492645,1.1787820293520597e-06,5.824821171083043e-07,5.911555191051732e-07,5.876265102468865e-07,-8.673401996868827e-09
1053,12.965838439918093,1.4741758533778535,309.4928788093857,-3.118362681806506e-07,1.6219755160745478e-07,-2.5744570629562636e-07,-5.439056188502425e-08,4.1964325790308114e-07
1057,13.3591502510718,1.3819143765445547,231.5787430241795,-3.651357982779546e-07,-3.181022321727379e-08,-1.0977304470780764e-07,-2.55362753570147e-07,7.796282149053385e-08
1058,12.98327188224673,1.3033105866330514,244.95405983026478,-4.0291969017324476e-07,1.6130178252073307e-07,-5.247629095829738e-07,1.2184321940972902e-07,6.860646921037068e-07
1059,13.12327400580753,1.391391591602262,260.9891529638188,1.0602891624058182e-07,-5.149226263012712e-08,8.642208483934119e-08,1.9606831401240626e-08,-1.3791434746946832e-07
1063,13.171936256003573,1.342587525466628,288.5242490385762,-3.72188012774241e-08,-3.697575215068407e-07,6.538929495528327e-08,-1.0260809623270737e-07,-4.35146816462124e-07
1070,12.3164546974051,1.5672447813761317,263.38505067925223,-3.8168929218235264e-07,1.2276598291110778e-07,-2.2365442407244713e-07,-1.580348681099055e-07,3.464204069835549e-07
1074,13.03355787937405,1.3856351029056733,316.9560858708785,-6.240429204948252e-07,-3.84086264430782e-07,-1.8692627656024727e-07,-4.3711664393457797e-07,-1.9715998787053473e-07
1076,13.527599941659023,1.352110267501146,294.13352243020586,4.006452142908279e-07,-1.9338407119361188e-07,2.761854035644087e-08,3.7302667393438703e-07,-2.2100261155005274e-07
1077,12.565212918298078,1.3148147286769643,317.19673210199835,-1.8089530301887628e-07,-2.3290104894890853e-07,-3.887238747719051e-07,2.0782857175302884e-07,1.558228258229966e-07
1078,13.19723398025068,1.3374994807844296,227.21262341171806,3.233701456542788e-08,3.7601206033152954e-07,-3.9733290440601276e-08,7.207030500602916e-08,4.157453507721308e-07
1081,14.031255278988992,1.3559658134364387,115.77459715890832,-9.84987048467432e-08,-1.518570544181191e-07,2.404038890448289e-07,-3.389025938915721e-07,-3.92260943462948e-07
1082,13.659662594529314,1.3952920062761738,148.69846356712006,1.323465989525045e-07,-1.1290238220511607e-07,-7.746054752540843e-08,2.0980714647791292e-07,-3.544183467970764e-08
1088,13.303850153719608,1.317557708454972,149.81064032421497,-6.863398388090645e-08,5.15361943547961e-07,4.790271653261676e-07,-5.47661149207074e-07,3.633477822179338e-08
1089,12.61118380253462,1.335569840005073,223.5323855615248,6.896140640131712e-07,-3.258047028733023e-08,4.6127370598540107e-07,2.283403580277701e-07,-4.938541762727313e-07
1091,13.171215529079506,1.350234636431952,97.6206057042427,-2.0715991472912947e-07,6.499690802405274e-08,-4.6553236910028835e-08,-1.6060667781910063e-07,1.1155014493408158e-07
1092,12.222345594993048,1.4057536389983571,293.9666637599503,1.2495682061462773e-07,-5.481374159309835e-07,-2.411086309171346e-07,3.660654515317623e-07,-3.0702878501384894e-07
1099,13.59832602325641,1.5068711559740442,216.5795736868151,-1.4040583552141432e-07,9.566143090972482e-08,5.066276556747958e-08,-1.910686010888939e-07,4.499866534224524e-08
1114,13.319215279690129,1.3347349196749496,215.93636080379036,5.3762217934070435e-08,-1.8905857904145645e-07,-2.9916982073183946e-07,3.529320386659099e-07,1.1011124169038302e-07
1118,12.364574437167994,1.4571842050895953,282.2363502909094,9.103800512653436e-07,3.4737889680684494e-07,1.1235174091317318e-07,7.980283103521705e-07,2.3502715589367176e-07
1120,13.1260796558384,1.4387972170722276,288.85796281032407,-2.972628263816599e-08,-1.6216597443739753e-07,1.396575103432345e-07,-1.6938379298140047e-07,-3.01823484780632e-07
1123,12.790256496760168,1.3429064775578006,103.78849647256784,-7.973906518488839e-08,-7.166009930427452e-08,1.4594315527624204e-09,-8.11984967376508e-08,-7.311953085703693e-08
1126,13.372594120417329,1.349137342600163,198.7959590876683,4.540704393294516e-08,1.5630897447045368e-08,2.8056503835474696e-07,-2.3515799442180179e-07,-2.649341409077016e-07
1127,13.208103251091725,1.3161111028862833,235.78782676981524,-5.51330506804547e-08,-3.037174812339744e-08,-1.881526981407179e-07,1.330196474602632e-07,1.5778095001732045e-07
1131,13.49719598458996,1.3638319771637217,291.6915396466554,-2.559162326416759e-07,2.777231151606322e-07,1.617998624092645e-08,-2.7209621888260235e-07,2.615431289197058e-07
1133,13.68176271805383,1.3775423643886462,237.83601726182042,2.133663260493885e-09,-1.9933048499729054e-07,-4.71205032455009e-07,4.733386957155029e-07,2.718745474577185e-07
1134,13.35501878526214,1.4560975609815305,306.8651629959835,-9.341675991925104e-09,-5.5905097653396826e-08,2.2541348654941864e-08,-3.188302464686697e-08,-7.84464463083387e-08
1141,13.518454498268063,1.302012761920999,269.0600929747158,-2.476173244152049e-07,-3.3898555420261193e-07,-2.2447157124046533e-07,-2.3145753174739554e-08,-1.1451398296214661e-07
1142,13.85104065343751,1.3917584986748135,197.74595960561655,-2.665183895440781e-07,2.897021693058343e-07,2.478708686659094e-07,-5.143892582099874e-07,4.1831300639924923e-08
1144,12.89274137337116,1.3350783600329958,296.28721692626834,2.004791904255495e-07,-2.395919264665367e-07,-3.760332935263151e-07,5.765124839518646e-07,1.364413670597784e-07
1146,13.621488327536555,1.434303342272168,299.95896586050793,3.1975399226896617e-07,3.579979922265032e-07,2.667717161216792e-07,5.2982276147286946e-08,9.122627610482397e-08
1147,13.758348704315544,1.4573550849811954,229.39991505358591,-6.311676342030993e-08,-9.867534648621987e-08,-1.6713529578966593e-07,1.0401853236935599e-07,6.845994930344605e-08
1148,13.24238282621314,1.59271721838358,318.4110771448941,-4.6792797316130966e-08,1.2663657976399583e-07,8.461849420327305e-08,-1.31411291519404e-07,4.201808556072278e-08
1149,13.558356971686829,1.3186753772889306,199.25051806661287,2.4358330877010382e-06,-2.4535429483689197e-07,-2.309057159325699e-09,2.438142144860364e-06,-2.4304523767756625e-07
1151,13.468485245801071,1.4625202103172028,293.4334572310143,5.703966341201533e-08,4.711516467008175e-10,-1.323532231084481e-07,1.8939288652046344e-07,1.328243747551489e-07
1152,13.299849006897189,1.4838178184505264,310.1063881343856,-2.8563184755531818e-08,3.083650525898322e-07,1.6179379768239855e-08,-4.4742564523771676e-08,2.921856728215923e-07
1153,12.652596203136476,1.4553858443228127,233.72934348229094,-1.5636846770487105e-07,-4.780652926033325e-08,-4.569538502258944e-07,3.0058538252102336e-07,4.0914732096556113e-07
1156,12.42567956263508,1.4357902735714045,186.42050182727107,3.527539058526302e-07,-7.70040308906771e-08,-1.7242712237293996e-07,5.251810282255701e-07,9.542309148226286e-08
1160,13.18131061369869,1.3187596910931094,168.38397816601784,-3.041739247265188e-07,-2.4788095506392625e-07,-4.1290483889663925e-07,1.0873091417012045e-07,1.65023883832713e-07
