gal,lamR,FS,logsig,logML_JAM,q,logL,fDM,logML_star,A,logMs,slow,logML_Salp,C,logMs_pop,BV
NGC0474,0.213,F,2.16,0.618,1.0,10.314,0.0,0.62,-0.002,10.934,0.0,0.724,-0.10599999999999998,11.038,0.8199999928474426
NGC0502,0.234,F,1.989,0.465,1.0,9.952,0.0,0.466,-0.001,10.418,0.0,0.725,-0.25999999999999995,10.677,0.9100000262260437
NGC0661,0.139,S,2.251,0.958,1.0,9.974,0.08,0.929,0.0289999999999999,10.903,1.0,0.754,0.20399999999999996,10.728,0.8799999952316284
NGC0680,0.406,F,2.262,0.75,1.0,10.276,0.08,0.713,0.037,10.989,0.0,0.739,0.01100000000000001,11.015,0.9100000262260437
NGC0821,0.273,F,2.254,0.822,2.0,10.273,0.18,0.734,0.0879999999999999,11.007,0.0,0.773,0.04899999999999993,11.046,0.9300000071525574
NGC0936,0.657,F,2.225,0.719,2.0,10.594,0.38,0.504,0.2149999999999999,11.098,0.0,0.824,-0.10499999999999998,11.418,0.949999988079071
NGC1023,0.391,F,2.222,0.532,3.0,10.287,0.0,0.531,0.001,10.818,0.0,0.827,-0.29499999999999993,11.114,0.9300000071525574
NGC1248,0.535,F,1.906,0.324,2.0,9.894,0.0,0.326,-0.002,10.22,0.0,0.488,-0.16399999999999998,10.382,0.7900000214576721
NGC1289,0.178,S,2.095,0.634,1.0,10.083,0.14,0.577,0.057,10.66,1.0,0.578,0.05600000000000005,10.661,0.8500000238418579
NGC2549,0.572,F,2.152,0.782,3.0,9.653,0.17,0.666,0.1159999999999999,10.319,0.0,0.71,0.07200000000000006,10.363,0.9300000071525574
NGC2577,0.696,F,2.293,0.874,3.0,10.047,0.06,0.843,0.031,10.89,0.0,0.79,0.08399999999999996,10.837,0.949999988079071
NGC2685,0.691,F,2.019,0.455,3.0,9.857,0.18,0.327,0.128,10.184,0.0,0.62,-0.16499999999999998,10.476999999999999,0.8199999928474426
NGC2695,0.575,F,2.257,0.736,2.0,10.199,0.11,0.672,0.0639999999999999,10.871,0.0,0.795,-0.05900000000000005,10.994,0.9200000166893005
NGC2764,0.658,F,2.029,0.648,2.0,9.989,0.0,0.649,-0.001,10.638000000000002,0.0,0.154,0.494,10.143,0.699999988079071
NGC2768,0.253,F,2.297,0.933,1.0,10.601,0.0,0.933,0.0,11.534,0.0,0.772,0.16100000000000003,11.373000000000001,0.9200000166893005
NGC2778,0.572,F,2.121,0.855,2.0,9.642,0.04,0.842,0.013,10.484,0.0,0.768,0.08699999999999997,10.41,0.9100000262260437
NGC2859,0.359,F,2.212,0.568,2.0,10.404,0.06,0.546,0.0219999999999999,10.95,0.0,0.732,-0.16400000000000003,11.136,0.9100000262260437
NGC2880,0.581,F,2.121,0.68,1.0,9.936,0.25,0.58,0.1,10.516,0.0,0.675,0.0050000000000000044,10.611,0.8799999952316284
NGC2950,0.436,F,2.193,0.588,1.0,9.887,0.11,0.539,0.0489999999999999,10.426,0.0,0.661,-0.07300000000000006,10.548,0.8799999952316284
NGC2962,0.43,F,2.162,0.814,1.0,10.284,0.0,0.813,0.001,11.097,0.0,0.782,0.03199999999999992,11.066,0.9900000095367432
NGC2974,0.663,F,2.355,0.981,3.0,10.152,0.07,0.95,0.031,11.102,0.0,0.787,0.19399999999999995,10.939,0.949999988079071
NGC3156,0.648,F,1.837,0.382,1.0,9.69,0.23,0.245,0.137,9.935,0.0,0.132,0.25,9.822,0.75
NGC3193,0.195,F,2.252,0.558,2.0,10.595,0.08,0.532,0.026,11.127,0.0,0.794,-0.236,11.389000000000001,0.9200000166893005
NGC3226,0.251,F,2.183,0.873,2.0,10.12,0.0,0.873,0.0,10.993,0.0,0.784,0.08899999999999997,10.904,0.8799999952316284
NGC3245,0.626,F,2.248,0.637,3.0,10.173,0.11,0.588,0.049,10.761,0.0,0.727,-0.08999999999999997,10.9,0.8899999856948853
NGC3301,0.603,F,2.045,0.402,3.0,10.078,0.21,0.297,0.105,10.375,0.0,0.448,-0.045999999999999985,10.526,0.7799999713897705
NGC3377,0.522,F,2.108,0.58,1.0,9.888,0.06,0.553,0.0269999999999999,10.441,0.0,0.731,-0.15100000000000002,10.619,0.6000000238418579
NGC3379,0.157,F,2.269,0.706,3.0,10.209,0.33,0.6,0.1059999999999999,10.809,0.0,0.838,-0.132,11.046999999999999,0.9399999976158142
NGC3384,0.407,F,2.14,0.473,3.0,10.091,0.22,0.404,0.0689999999999999,10.495,0.0,0.724,-0.251,10.815,0.9100000262260437
NGC3412,0.406,F,1.967,0.404,1.0,9.758,0.47,0.211,0.193,9.969,0.0,0.648,-0.244,10.405999999999999,0.8899999856948853
NGC3414,0.073,S,2.277,0.779,1.0,10.326,0.14,0.714,0.065,11.04,1.0,0.826,-0.04699999999999993,11.152000000000001,0.9599999785423279
NGC3489,0.589,F,2.005,0.26,2.0,9.927,0.24,0.113,0.147,10.04,0.0,0.394,-0.134,10.321,0.8199999928474426
NGC3605,0.434,F,1.923,0.46,1.0,9.542,0.0,0.459,0.001,10.001,0.0,0.668,-0.20800000000000002,10.209999999999999,0.8500000238418579
NGC3607,0.209,F,2.315,0.681,2.0,10.661,0.07,0.661,0.02,11.322,0.0,0.799,-0.118,11.459999999999999,0.9200000166893005
NGC3610,0.53,F,2.26,0.496,3.0,10.248,0.12,0.409,0.087,10.657,0.0,0.566,-0.06999999999999995,10.814,0.8399999737739563
NGC3613,0.222,F,2.294,0.772,2.0,10.456,0.0,0.772,0.0,11.228,0.0,0.761,0.01100000000000001,11.216999999999999,0.9100000262260437
NGC3626,0.66,F,2.118,0.437,1.0,10.102,0.23,0.332,0.1049999999999999,10.434,0.0,0.261,0.176,10.363,0.8100000023841858
NGC3640,0.377,F,2.246,0.603,2.0,10.62,0.17,0.534,0.0689999999999999,11.154,0.0,0.722,-0.119,11.341999999999999,0.8799999952316284
NGC3658,0.546,F,2.101,0.573,3.0,10.109,0.0,0.572,0.001,10.681,0.0,0.721,-0.14800000000000002,10.83,0.9200000166893005
NGC3665,0.41,F,2.335,0.796,2.0,10.76,0.14,0.748,0.048,11.508,0.0,0.764,0.03200000000000003,11.524,0.9300000071525574
NGC3838,0.676,F,2.125,0.589,2.0,9.772,0.0,0.589,0.0,10.361,0.0,0.694,-0.10499999999999998,10.466000000000001,0.8600000143051147
NGC3941,0.468,F,2.081,0.4,1.0,9.94,0.0,0.4,0.0,10.34,0.0,0.693,-0.2929999999999999,10.633,0.8999999761581421
NGC3945,0.524,F,2.249,0.628,1.0,10.394,0.22,0.549,0.0789999999999999,10.943,0.0,0.76,-0.132,11.154,0.9200000166893005
NGC3998,0.454,F,2.35,0.971,2.0,9.967,0.15,0.92,0.0509999999999999,10.887,0.0,0.818,0.15300000000000002,10.785,0.9399999976158142
NGC4026,0.548,F,2.195,0.675,2.0,9.906,0.08,0.633,0.042,10.539,0.0,0.747,-0.07199999999999995,10.653,0.8999999761581421
NGC4036,0.685,F,2.26,0.698,2.0,10.463,0.0,0.697,0.001,11.159999999999998,0.0,0.783,-0.08500000000000008,11.245999999999999,0.8899999856948853
NGC4111,0.619,F,2.213,0.652,2.0,9.973,0.0,0.651,0.001,10.624,0.0,0.616,0.03600000000000003,10.589,0.8799999952316284
NGC4150,0.513,F,1.915,0.416,3.0,9.521,0.2,0.336,0.0799999999999999,9.857,0.0,0.358,0.057999999999999996,9.879000000000001,0.7900000214576721
NGC4179,0.587,F,2.224,0.772,3.0,9.981,0.08,0.724,0.048,10.705,0.0,0.771,0.0010000000000000009,10.752,0.8999999761581421
NGC4215,0.553,F,2.124,0.609,2.0,10.126,0.04,0.589,0.02,10.715,0.0,0.652,-0.04300000000000004,10.777999999999999,0.9200000166893005
NGC4233,0.564,F,2.288,0.834,2.0,10.238,0.22,0.724,0.1099999999999999,10.962,0.0,0.812,0.02199999999999991,11.049999999999999,0.9700000286102295
NGC4251,0.584,F,2.11,0.405,1.0,10.211,0.08,0.36,0.045,10.571,0.0,0.684,-0.279,10.895,0.8299999833106995
NGC4261,0.085,S,2.424,0.929,1.0,10.793,0.28,0.82,0.1090000000000001,11.613,1.0,0.859,0.07000000000000006,11.652,0.9700000286102295
NGC4262,0.309,F,2.207,0.753,2.0,9.726,0.02,0.751,0.002,10.477,0.0,0.782,-0.029000000000000026,10.508000000000001,0.8999999761581421
NGC4267,0.282,F,2.092,0.598,1.0,9.975,0.17,0.548,0.0499999999999999,10.523,0.0,0.831,-0.23299999999999998,10.806,0.9100000262260437
NGC4268,0.492,F,2.188,0.853,1.0,9.889,0.2,0.744,0.1089999999999999,10.633,0.0,0.672,0.18099999999999994,10.561,0.949999988079071
NGC4270,0.406,F,2.096,0.541,1.0,10.204,0.0,0.542,-0.001,10.746,0.0,0.669,-0.128,10.873000000000001,0.8600000143051147
NGC4278,0.178,F,2.328,0.829,1.0,10.247,0.26,0.734,0.0949999999999999,10.981,0.0,0.846,-0.017000000000000015,11.093,0.8999999761581421
NGC4281,0.651,F,2.357,0.956,2.0,10.263,0.0,0.956,0.0,11.219,0.0,0.788,0.16799999999999993,11.051,0.9399999976158142
NGC4283,0.171,F,2.0,0.57,1.0,9.457,0.0,0.568,0.002,10.025,0.0,0.77,-0.20000000000000007,10.227,0.8999999761581421
NGC4324,0.592,F,1.956,0.476,1.0,9.735,0.32,0.31,0.1659999999999999,10.045,0.0,0.62,-0.14400000000000002,10.354999999999999,0.8799999952316284
NGC4350,0.638,F,2.242,0.771,3.0,9.949,0.08,0.717,0.054,10.666,0.0,0.826,-0.05499999999999994,10.775,0.9300000071525574
NGC4365,0.088,S,2.345,0.741,2.0,10.784,0.18,0.688,0.053,11.472,1.0,0.862,-0.121,11.646,0.949999988079071
NGC4371,0.482,F,2.158,0.705,1.0,10.106,0.27,0.596,0.1089999999999999,10.702,0.0,0.789,-0.08400000000000007,10.895,0.9700000286102295
NGC4374,0.024,S,2.412,0.816,1.0,10.769,0.15,0.761,0.0549999999999999,11.53,1.0,0.846,-0.030000000000000027,11.615,0.9399999976158142
NGC4379,0.398,F,1.994,0.6,1.0,9.669,0.0,0.6,0.0,10.269,0.0,0.735,-0.135,10.404,0.8899999856948853
NGC4387,0.399,F,1.998,0.574,1.0,9.608,0.0,0.574,0.0,10.182,0.0,0.759,-0.18500000000000005,10.367,0.8600000143051147
NGC4406,0.052,S,2.28,0.754,1.0,10.846,0.17,0.717,0.037,11.563,1.0,0.816,-0.061999999999999944,11.662,0.8999999761581421
NGC4417,0.548,F,2.133,0.644,2.0,9.904,0.13,0.569,0.075,10.473,0.0,0.771,-0.127,10.675,0.8899999856948853
NGC4434,0.288,F,1.999,0.417,1.0,9.793,0.0,0.416,0.001,10.209,0.0,0.753,-0.336,10.546,0.8700000047683716
NGC4435,0.599,F,2.184,0.592,3.0,10.096,0.13,0.518,0.0739999999999999,10.614,0.0,0.734,-0.14200000000000002,10.83,0.9100000262260437
NGC4442,0.363,F,2.231,0.672,3.0,10.145,0.0,0.672,0.0,10.817,0.0,0.838,-0.16599999999999993,10.982999999999999,0.9300000071525574
NGC4452,0.648,F,1.901,0.705,3.0,9.554,0.0,0.706,-0.001,10.26,0.0,0.679,0.025999999999999912,10.233,0.8799999952316284
NGC4458,0.072,S,1.947,0.527,1.0,9.505,0.15,0.46,0.067,9.965000000000002,1.0,0.74,-0.21299999999999997,10.245000000000001,0.8399999737739563
NGC4459,0.438,F,2.199,0.646,1.0,10.273,0.2,0.572,0.074,10.845,0.0,0.721,-0.07499999999999996,10.994,0.9200000166893005
NGC4461,0.511,F,2.106,0.642,3.0,9.91,0.06,0.621,0.021,10.531,0.0,0.792,-0.15000000000000002,10.702,0.8700000047683716
NGC4472,0.077,S,2.398,0.746,1.0,11.029,0.0,0.746,0.0,11.775,1.0,0.856,-0.10999999999999999,11.885,0.949999988079071
NGC4473,0.229,F,2.271,0.715,2.0,10.213,0.24,0.574,0.141,10.787,0.0,0.78,-0.06500000000000006,10.992999999999999,0.9200000166893005
NGC4474,0.446,F,1.93,0.502,2.0,9.685,0.05,0.482,0.02,10.167,0.0,0.66,-0.15800000000000003,10.345,0.8399999737739563
NGC4477,0.221,F,2.173,0.721,1.0,10.222,0.47,0.602,0.119,10.824,0.0,0.788,-0.06700000000000006,11.01,0.9399999976158142
NGC4478,0.233,F,2.14,0.714,3.0,9.854,0.0,0.715,-0.001,10.569,0.0,0.775,-0.061000000000000054,10.629,0.8799999952316284
NGC4483,0.465,F,1.941,0.63,1.0,9.508,0.3,0.472,0.158,9.98,0.0,0.757,-0.127,10.264999999999999,0.8999999761581421
NGC4486,0.021,S,2.422,0.858,2.0,10.869,0.13,0.815,0.043,11.684,1.0,0.883,-0.025000000000000022,11.751999999999999,0.9700000286102295
NGC4486A,0.351,F,2.091,0.656,1.0,9.535,0.0,0.656,0.0,10.191,0.0,0.705,-0.04899999999999993,10.24,0.9700000286102295
NGC4494,0.212,F,2.176,0.599,1.0,10.394,0.2,0.511,0.0879999999999999,10.905,0.0,0.699,-0.09999999999999998,11.093,0.8500000238418579
NGC4503,0.523,F,2.128,0.733,3.0,9.955,0.0,0.733,0.0,10.688,0.0,0.815,-0.08199999999999996,10.77,0.9599999785423279
NGC4526,0.453,F,2.32,0.748,1.0,10.495,0.0,0.748,0.0,11.243,0.0,0.775,-0.027000000000000024,11.27,0.949999988079071
NGC4528,0.096,S,2.007,0.583,2.0,9.54,0.01,0.58,0.003,10.12,1.0,0.641,-0.05800000000000005,10.181,0.8999999761581421
NGC4546,0.639,F,2.274,0.736,3.0,10.021,0.0,0.737,-0.001,10.758,0.0,0.81,-0.07400000000000007,10.831000000000001,0.9599999785423279
NGC4550,0.105,S,2.062,0.706,3.0,9.69,0.21,0.537,0.1689999999999999,10.227,1.0,0.656,0.04999999999999993,10.346,0.8399999737739563
NGC4551,0.295,F,1.971,0.697,2.0,9.565,0.0,0.697,0.0,10.262,0.0,0.769,-0.07200000000000006,10.334,0.8999999761581421
NGC4552,0.049,S,2.351,0.811,2.0,10.391,0.21,0.743,0.068,11.134,1.0,0.861,-0.04999999999999993,11.252,0.9399999976158142
NGC4564,0.619,F,2.189,0.683,3.0,9.9,0.04,0.669,0.014,10.569,0.0,0.792,-0.10899999999999999,10.692,0.8999999761581421
NGC4570,0.603,F,2.223,0.689,3.0,10.073,0.15,0.574,0.1149999999999999,10.647,0.0,0.82,-0.131,10.893,0.9200000166893005
NGC4578,0.596,F,2.028,0.64,1.0,9.811,0.38,0.514,0.126,10.325,0.0,0.739,-0.09899999999999998,10.55,0.8399999737739563
NGC4596,0.297,F,2.099,0.677,2.0,10.237,0.18,0.638,0.039,10.875,0.0,0.776,-0.09899999999999998,11.013,0.9200000166893005
NGC4608,0.203,F,2.04,0.633,2.0,9.985,0.0,0.633,0.0,10.618,0.0,0.766,-0.133,10.751,0.949999988079071
NGC4621,0.291,F,2.296,0.765,3.0,10.354,0.03,0.759,0.006,11.113,0.0,0.846,-0.08099999999999996,11.2,0.9200000166893005
NGC4638,0.691,F,2.134,0.469,3.0,9.939,0.05,0.433,0.0359999999999999,10.372,0.0,0.703,-0.23399999999999999,10.642,0.9200000166893005
NGC4643,0.255,F,2.171,0.682,2.0,10.21,0.14,0.635,0.047,10.845,0.0,0.755,-0.07299999999999995,10.965000000000002,0.9300000071525574
NGC4649,0.127,F,2.428,0.838,2.0,10.881,0.29,0.774,0.0639999999999999,11.655,0.0,0.871,-0.03300000000000003,11.752,0.949999988079071
NGC4660,0.553,F,2.263,0.688,2.0,9.811,0.1,0.601,0.0869999999999999,10.412,0.0,0.817,-0.129,10.628,0.9100000262260437
NGC4697,0.322,F,2.229,0.704,3.0,10.364,0.0,0.703,0.001,11.067,0.0,0.8,-0.09600000000000009,11.164000000000001,0.8899999856948853
NGC4710,0.652,F,2.02,0.647,1.0,10.114,0.0,0.645,0.002,10.759,0.0,0.587,0.06000000000000005,10.701,0.8799999952316284
NGC4753,0.467,F,2.241,0.604,1.0,10.784,0.25,0.519,0.0849999999999999,11.303,0.0,0.615,-0.01100000000000001,11.399000000000001,0.8999999761581421
NGC4754,0.467,F,2.204,0.679,2.0,10.132,0.21,0.596,0.083,10.728,0.0,0.815,-0.1359999999999999,10.947,0.8999999761581421
NGC4762,0.724,F,2.126,0.563,3.0,10.543,0.23,0.417,0.1459999999999999,10.96,0.0,0.76,-0.19700000000000006,11.302999999999999,0.8500000238418579
NGC5198,0.061,S,2.228,0.793,1.0,10.393,0.0,0.794,-0.001,11.187,1.0,0.809,-0.016000000000000014,11.202,0.9100000262260437
NGC5273,0.517,F,1.824,0.517,1.0,9.732,0.55,0.247,0.27,9.979,0.0,0.502,0.015000000000000013,10.234,0.8399999737739563
NGC5308,0.651,F,2.315,0.814,3.0,10.343,0.09,0.744,0.0699999999999999,11.087,0.0,0.79,0.02399999999999991,11.133,0.8999999761581421
NGC5322,0.073,S,2.351,0.688,1.0,10.844,0.16,0.634,0.0539999999999999,11.478,1.0,0.7,-0.01200000000000001,11.543999999999999,0.8899999856948853
NGC5353,0.618,F,2.449,0.838,2.0,10.665,0.11,0.769,0.0689999999999999,11.434,0.0,0.855,-0.017000000000000015,11.52,0.949999988079071
NGC5493,0.74,F,2.296,0.471,3.0,10.494,0.2,0.305,0.1659999999999999,10.799,0.0,0.514,-0.04300000000000004,11.008,0.8299999833106995
NGC5507,0.495,F,2.216,0.825,3.0,9.904,0.17,0.708,0.1169999999999999,10.612,0.0,0.786,0.038999999999999924,10.69,0.9399999976158142
NGC5557,0.049,S,2.306,0.662,1.0,10.671,0.01,0.659,0.003,11.33,1.0,0.774,-0.11199999999999999,11.445,0.8799999952316284
NGC5576,0.102,S,2.191,0.453,2.0,10.426,0.0,0.454,-0.001,10.88,1.0,0.705,-0.25199999999999995,11.131,0.8700000047683716
NGC5582,0.564,F,2.17,0.722,1.0,10.14,0.37,0.599,0.123,10.739,0.0,0.752,-0.030000000000000027,10.892000000000001,0.8700000047683716
NGC5687,0.479,F,2.216,0.907,1.0,10.064,0.12,0.864,0.043,10.928,0.0,0.768,0.139,10.832,0.8299999833106995
NGC5838,0.521,F,2.35,0.9,3.0,10.257,0.0,0.901,-0.001,11.158,0.0,0.834,0.06600000000000006,11.091,0.9399999976158142
NGC5845,0.404,F,2.357,0.695,3.0,9.792,0.0,0.695,0.0,10.487,0.0,0.81,-0.1150000000000001,10.602,0.9700000286102295
NGC5846,0.032,S,2.349,0.908,1.0,10.665,0.14,0.844,0.064,11.509,1.0,0.853,0.05500000000000005,11.517999999999999,0.9599999785423279
NGC5854,0.678,F,2.02,0.421,3.0,10.025,0.12,0.356,0.065,10.381,0.0,0.472,-0.05099999999999999,10.497,0.8100000023841858
NGC6548,0.326,F,2.153,0.867,1.0,10.001,0.2,0.768,0.0989999999999999,10.769,0.0,0.698,0.16900000000000004,10.699,0.8899999856948853
NGC6703,0.041,S,2.178,0.776,1.0,10.2,0.0,0.775,0.001,10.975,1.0,0.736,0.040000000000000036,10.936,0.9100000262260437
NGC7280,0.557,F,2.024,0.545,1.0,9.853,0.36,0.406,0.139,10.259,0.0,0.444,0.10100000000000003,10.297,0.8500000238418579
NGC7332,0.561,F,2.097,0.336,1.0,10.201,0.07,0.288,0.048,10.489,0.0,0.528,-0.192,10.729000000000001,0.8700000047683716
NGC7457,0.519,F,1.873,0.482,1.0,9.736,0.45,0.238,0.244,9.974,0.0,0.455,0.02699999999999997,10.191,0.8299999833106995
UGC04551,0.277,F,2.219,0.687,2.0,9.878,0.04,0.658,0.029,10.536,0.0,0.737,-0.04999999999999993,10.615,0.8999999761581421
