recno,Name,Meth,Nbin,rmax,K0,e_K0,sigK0,K100,e_K100,alpha,e_alpha,DOF,chi2,p-val,z,<kT>,K_core,K_500kpc,entropy_ratio_outer_to_core
3,1E0657 56,flat,,,307.5,19.3,15.9,18.6,6.5,1.88,0.17,45,42.87,0.563,0.296,11.64,307.5,690.8333039723311,2.2466123706417274
7,2A 335+096,flat,,,7.1,0.1,49.3,138.6,1.9,1.52,0.02,34,209.16,4.39e-27,0.0347,2.88,7.1,1607.3861142630499,226.3924104595845
11,2PIGG J0011.5-2850,flat,,,102.0,42.9,2.4,214.7,51.5,0.84,0.29,24,2.79,1.0,0.0753,5.15,102.0,931.7874231740328,9.135170815431694
15,2PIGG J2227.0-3041,flat,,,17.1,1.0,17.4,113.9,3.6,1.37,0.06,20,11.5,0.932,0.0729,2.79,17.1,1050.1292770482405,61.41106883323043
19,3C 28.0,flat,,,23.9,1.3,18.6,107.8,3.9,1.79,0.09,9,22.93,0.00635,0.1952,5.53,23.9,1945.9959720876939,81.42242561036376
23,3C 295,flat,,,14.5,2.5,5.8,81.9,6.3,1.47,0.07,14,8.36,0.87,0.4641,5.16,14.5,887.0087844270676,61.17301961565983
27,3C 388,flat,,,17.0,5.8,3.0,214.3,8.5,0.76,0.07,21,10.9,0.965,0.0917,3.23,17.0,745.1810526194897,43.83417956585234
31,4C 55.16,flat,,,23.3,2.9,8.1,161.6,7.7,1.29,0.06,18,7.92,0.98,0.242,4.98,23.3,1311.8837849039815,56.30402510317517
35,Abell 13,flat,,,182.6,26.2,7.0,182.0,36.8,1.37,0.22,32,11.58,1.0,0.094,6.84,182.6,1833.2701354063195,10.039814542203283
39,Abell 68,flat,,,217.3,89.0,2.4,142.3,98.3,0.89,0.39,28,1.72,1.0,0.2546,9.01,217.3,813.3575645174451,3.74301686386307
43,Abell 85,flat,,,12.5,0.5,23.7,158.8,1.9,1.12,0.02,36,59.03,0.0091,0.0558,6.4,12.5,975.6565955110689,78.05252764088551
47,Abell 119,flat,,,233.9,87.7,2.7,191.3,102.8,0.75,0.61,20,0.1,1.0,0.0442,5.86,233.9,873.5501017099476,3.7347161253097374
51,Abell 133,flat,,,17.3,0.5,35.0,170.1,4.1,1.59,0.04,17,54.26,9.02e-06,0.0558,4.31,17.3,2215.497049000333,128.06341323701346
55,Abell 141,flat,,,205.0,27.4,7.5,42.6,20.8,1.78,0.33,30,175.31,1.84e-22,0.23,5.31,205.0,952.4397779530417,4.646047697331911
59,Abell 160,flat,,,155.8,27.7,5.6,116.3,29.2,0.98,0.57,25,0.33,1.0,0.0447,1.88,155.8,718.8802813994537,4.614122473680704
63,Abell 193,flat,,,185.5,13.3,13.9,36.0,16.8,2.23,1.89,23,0.02,1.0,0.0485,2.5,185.5,1488.683613531105,8.025248590464178
67,Abell 209,flat,,,105.5,26.9,3.9,149.3,35.2,0.8,0.21,16,2.73,1.0,0.206,8.28,105.5,646.5480189353998,6.128417241093837
71,Abell 222,flat,,,126.0,15.0,8.4,82.2,19.0,1.0,0.15,34,4.94,1.0,0.213,4.6,126.0,537.0,4.261904761904762
75,Abell 223,flat,,,183.9,46.1,4.0,160.7,59.2,1.24,0.31,27,1.35,1.0,0.207,5.28,183.9,1366.2299259200702,7.429200249701306
79,Abell 262,flat,,,10.6,0.8,13.8,205.1,7.9,0.98,0.04,27,60.17,0.00025,0.0164,2.18,10.6,1003.6160422616333,94.68075870392768
83,Abell 267,flat,,,168.6,17.6,9.6,51.8,21.0,1.82,0.38,19,0.62,1.0,0.23,6.79,168.6,1137.8932036769784,6.749070009946491
87,Abell 368,flat,,,50.9,8.2,6.2,144.1,15.4,1.21,0.11,25,6.18,1.0,0.22,6.23,50.9,1061.1240097256755,20.847230053549616
91,Abell 370,flat,,,321.9,90.8,3.5,78.7,89.3,1.24,0.68,17,2.41,1.0,0.3747,7.35,321.9,900.9252966391383,2.798773832367625
95,Abell 383,flat,,,13.0,1.6,8.3,110.9,5.2,1.4,0.09,10,6.3,0.789,0.1871,4.91,13.0,1068.5761090179546,82.19816223215035
99,Abell 399,flat,,,153.2,18.8,8.2,204.3,22.4,0.74,0.12,28,4.19,1.0,0.0716,7.95,153.2,825.4118588780693,5.387805867350322
103,Abell 400,flat,,,162.8,3.9,41.6,35.3,5.7,1.76,0.28,70,0.71,1.0,0.024,2.31,162.8,762.5384777757347,4.6838972836347335
107,Abell 401,flat,,,166.9,7.7,21.7,81.8,10.4,1.4,0.11,57,8.36,1.0,0.0745,8.07,166.9,945.4944609347941,5.665035715606915
111,Abell 426,flat,,,19.4,0.2,124.4,119.9,0.5,1.74,0.01,53,1045.73,2.32e-184,0.0179,3.55,19.4,1991.9453225521418,102.6775939459867
115,Abell 478,flat,,,7.8,0.9,8.5,122.0,2.6,0.97,0.02,46,22.58,0.999,0.0883,7.07,7.8,589.0470140640908,75.51884795693472
119,Abell 496,flat,,,8.9,0.7,13.4,216.3,10.5,1.27,0.05,23,6.95,1.0,0.0328,5.03,8.9,1679.0228770073631,188.65425584352394
123,Abell 520,flat,,,325.5,29.2,11.1,10.2,11.8,2.09,0.71,30,2.86,1.0,0.202,9.29,325.5,620.2457019455768,1.9055167494487766
127,Abell 521,flat,,,259.9,36.2,7.2,245.4,61.8,1.91,0.69,5,0.32,0.997,0.2533,7.03,259.9,5567.610985006533,21.422127683749647
131,Abell 539,flat,,,22.6,4.5,5.0,493.3,165.6,1.05,0.2,8,2.12,0.977,0.0288,3.24,22.6,2695.7887208803195,119.2826867646159
135,Abell 562,flat,,,202.1,39.3,5.1,34.6,45.3,1.09,1.19,24,1.66,1.0,0.11,3.04,202.1,402.064731123862,1.9894345923991192
139,Abell 576,flat,,,95.3,15.4,6.2,221.2,31.5,1.41,0.41,18,4.71,0.999,0.0385,4.43,95.3,2234.901180039292,23.451219097998866
143,Abell 586,flat,,,94.7,19.2,4.9,92.1,25.5,1.25,0.32,14,3.47,0.998,0.171,6.47,94.7,783.308113752372,8.271468994217233
147,Abell 611,flat,,,124.9,18.6,6.7,164.4,31.5,1.25,0.2,16,1.98,1.0,0.288,7.06,124.9,1354.0766981638435,10.84128661460243
151,Abell 644,flat,,,132.4,9.1,14.5,85.9,11.7,1.55,0.13,50,15.09,1.0,0.0698,7.73,132.4,1173.2704292230198,8.861559133104379
155,Abell 665,flat,,,134.6,23.5,5.7,106.3,25.1,1.06,0.13,43,3.79,1.0,0.181,7.45,134.6,719.9848373237827,5.3490701138468255
159,Abell 697,flat,,,166.7,24.4,6.8,108.2,29.1,1.1,0.18,27,4.28,1.0,0.282,9.52,166.7,802.1688482106183,4.812050679127885
163,Abell 744,flat,,,63.4,10.2,6.2,229.3,15.2,0.79,0.13,15,1.27,1.0,0.0729,2.5,63.4,881.0931473092917,13.897368254089775
167,Abell 754,flat,,,270.4,23.8,11.4,69.7,26.5,1.48,0.34,55,13.35,1.0,0.0543,9.94,270.4,1024.9853764756883,3.790626392291747
171,Abell 773,flat,,,244.3,31.7,7.7,41.1,22.5,1.6,0.33,32,3.28,1.0,0.217,7.83,244.3,784.0514638049742,3.2093797126687442
175,Abell 907,flat,,,23.4,3.2,7.3,187.0,8.1,1.05,0.05,28,7.62,1.0,0.1527,5.59,23.4,1036.7514915966344,44.30561929900147
179,Abell 963,flat,,,55.8,12.9,4.3,169.1,20.3,0.9,0.1,21,3.37,1.0,0.2056,6.73,55.8,775.6079044913233,13.89978323461153
183,Abell 1060,flat,,,72.0,5.2,13.8,178.3,100.9,1.25,0.49,22,2.61,1.0,0.0125,3.29,72.0,1405.1034384587183,19.515325534148865
187,Abell 1063S,flat,,,169.6,19.7,8.6,42.2,17.7,1.72,0.27,21,2.98,1.0,0.354,11.96,169.6,841.8655528716505,4.963829910799826
191,Abell 1068,flat,,,9.1,1.0,8.8,108.8,3.2,1.31,0.06,14,3.44,0.998,0.1375,4.62,9.1,905.0413916319858,99.45509798153691
195,Abell 1201,flat,,,64.8,16.9,3.8,198.9,25.2,1.03,0.21,11,2.19,0.998,0.1688,5.61,64.8,1108.495684143521,17.10641487875804
199,Abell 1204,flat,,,15.3,1.4,10.8,81.8,3.6,1.4,0.11,8,1.91,0.984,0.1706,3.63,15.3,793.8944609347941,51.888526858483274
203,Abell 1240,flat,,,462.4,41.7,11.1,8.3,18.2,2.37,1.48,34,0.03,1.0,0.159,4.77,462.4,838.7890693371553,1.8139902018537097
207,Abell 1361,flat,,,18.6,4.9,3.8,117.9,10.5,1.06,0.18,11,4.08,0.968,0.1171,5.32,18.6,667.8650265331513,35.90672185662103
211,Abell 1413,flat,,,64.0,8.3,7.7,123.2,13.0,1.19,0.28,7,6.18,0.519,0.1426,7.41,64.0,900.3441297953516,14.067877028052369
215,Abell 1423,flat,,,68.3,12.9,5.3,124.2,21.1,1.2,0.17,20,1.67,1.0,0.213,6.01,68.3,925.1121197674144,13.544833378732275
219,Abell 1446,flat,,,152.4,43.8,3.5,119.5,49.5,0.67,0.27,31,6.87,1.0,0.1035,3.96,152.4,503.6997236782895,3.305116297101637
223,Abell 1569,flat,,,110.1,27.8,4.0,149.1,28.9,0.51,0.19,26,7.39,1.0,0.0735,2.51,110.1,448.9069774322693,4.077265916732691
227,Abell 1576,flat,,,186.2,49.1,3.8,98.3,47.6,1.38,0.29,30,41.62,0.0771,0.279,10.1,186.2,1092.2081905209172,5.8657797557514355
231,Abell 1644,flat,,,19.0,1.2,16.4,585.7,81.8,1.76,0.11,8,1.25,0.996,0.0471,4.6,19.0,9969.901598675575,524.7316630881882
235,Abell 1650,flat,,,38.0,10.0,3.8,159.9,12.1,0.84,0.17,12,2.0,0.999,0.0843,6.17,38.0,655.9925894994311,17.262962881563976
239,Abell 1651,flat,,,89.5,11.1,8.1,115.5,15.2,0.97,0.19,24,13.26,0.962,0.084,6.26,89.5,639.7789354459221,7.1483679938091855
243,Abell 1664,flat,,,14.4,1.0,14.8,141.8,6.1,1.7,0.09,10,16.24,0.0931,0.1276,4.39,14.4,2201.785043342434,152.90173912100238
247,Abell 1689,flat,,,78.4,7.6,10.4,111.8,13.8,1.35,0.14,17,7.34,0.979,0.1843,10.1,78.4,1060.2639377648295,13.52377471638813
251,Abell 1736,flat,,,150.4,38.3,3.9,127.3,37.9,0.99,0.83,12,0.1,1.0,0.0338,3.45,150.4,776.7379232008407,5.164480872346015
255,Abell 1758,flat,,,230.8,37.2,6.2,144.0,50.2,1.21,0.32,17,1.98,1.0,0.2792,12.14,230.8,1240.3229521200365,5.374016257019222
259,Abell 1763,flat,,,214.7,32.8,6.5,70.8,29.1,1.37,0.25,36,2.87,1.0,0.1866,7.78,214.7,856.8288219053154,3.990818918981441
263,Abell 1795,flat,,,19.0,1.1,18.1,130.4,2.8,1.18,0.03,50,35.74,0.936,0.0625,7.8,19.0,890.0883319897705,46.846754315251076
267,Abell 1835,flat,,,11.4,2.5,4.6,111.7,7.9,1.26,0.09,13,8.76,0.791,0.2532,9.77,11.4,860.102298933234,75.44757008186264
271,Abell 1914,flat,,,107.2,18.0,5.9,131.1,28.3,1.05,0.18,26,4.42,1.0,0.1712,9.62,107.2,817.6298425043784,7.6271440532124855
275,Abell 1942,flat,,,107.7,77.7,1.4,194.1,88.7,0.66,0.41,9,1.21,0.999,0.224,4.77,107.7,669.1947995250523,6.213507887883494
279,Abell 1991,flat,,,1.5,0.3,4.8,152.2,4.2,1.09,0.03,16,43.79,0.000212,0.0587,2.67,1.5,881.1136438454275,587.4090958969517
283,Abell 1995,flat,,,374.3,60.1,6.2,26.8,32.9,2.08,0.81,23,0.99,1.0,0.3186,3.4,374.3,1136.3656793765392,3.0359756328520953
287,Abell 2029,flat,,,10.5,0.7,15.8,163.6,2.1,0.95,0.02,55,58.95,0.333,0.0765,7.38,10.5,765.2529226951011,72.88123073286677
291,Abell 2034,flat,,,232.6,23.0,10.1,85.1,22.6,1.14,0.17,64,10.87,1.0,0.113,7.15,232.6,765.6345563567546,3.2916360978364345
295,Abell 2052,flat,,,9.5,0.7,14.3,164.7,2.6,1.25,0.03,26,387.05,5.510000000000001e-66,0.0353,2.98,9.5,1240.9197213356751,130.62312856165002
299,Abell 2063,flat,,,53.5,2.6,20.6,129.0,3.9,1.07,0.05,49,37.82,0.877,0.0351,3.61,53.5,775.4175752455802,14.493786453188415
303,Abell 2065,flat,,,43.9,6.5,6.8,195.3,10.6,1.02,0.1,26,7.97,1.0,0.073,5.75,43.9,1052.3436780288766,23.971382187445936
307,Abell 2069,flat,,,453.2,35.6,12.7,54.6,36.3,1.47,0.51,36,5.71,1.0,0.116,6.5,453.2,1034.8725229513784,2.283478647289008
311,Abell 2104,flat,,,160.6,42.2,3.8,210.1,53.9,1.2,0.77,6,0.74,0.994,0.1554,8.53,160.6,1610.0060093650059,10.024944018462055
315,Abell 2107,flat,,,21.2,5.8,3.6,396.1,92.5,0.91,0.16,3,15.79,0.00125,0.0411,3.82,21.2,1734.6346545730141,81.8223893666516
319,Abell 2111,flat,,,107.4,97.3,1.1,194.0,118.7,0.65,0.38,19,1.06,1.0,0.23,7.13,107.4,659.6455598423984,6.1419512089608785
323,Abell 2124,flat,,,98.3,23.9,4.1,260.8,30.8,0.9,0.28,16,3.24,1.0,0.0658,4.73,98.3,1208.4472589671032,12.29346143404988
327,Abell 2125,flat,,,225.2,32.0,7.0,32.9,41.2,1.35,1.73,7,0.06,1.0,0.2465,2.88,225.2,514.1384933136214,2.2830306097407704
331,Abell 2142,flat,,,68.1,2.5,27.5,120.6,4.4,1.22,0.04,72,17.98,1.0,0.0898,8.24,68.1,927.2929663667783,13.616636804211137
335,Abell 2147,flat,,,151.9,27.2,5.6,136.2,30.5,0.55,0.19,54,31.13,0.995,0.0356,4.09,151.9,481.97346323672946,3.1729655249290944
339,Abell 2151,flat,,,0.4,3.6,0.1,135.2,5.4,0.56,0.06,17,36.91,0.00346,0.0366,2.9,0.4,333.3660039644239,833.4150099110597
343,Abell 2163,flat,,,438.0,82.6,5.3,72.2,50.6,1.87,0.43,39,7.08,1.0,0.1695,19.2,438.0,1902.23608556289,4.34300476155911
347,Abell 2199,flat,,,13.3,0.8,15.6,331.5,90.0,1.35,0.15,4,11.09,0.0256,0.03,4.55,13.3,2924.640745698041,219.89780042842412
351,Abell 2204,flat,,,9.7,0.9,11.1,166.2,6.0,1.41,0.05,12,22.73,0.0301,0.1524,6.97,9.7,1617.3026949481477,166.73223659259256
355,Abell 2218,flat,,,288.6,20.0,14.4,10.7,7.1,2.35,0.41,39,4.83,1.0,0.1713,7.35,288.6,758.4543888230623,2.6280470853189963
359,Abell 2219,flat,,,411.6,43.2,9.5,17.0,19.2,1.97,0.66,31,3.7,1.0,0.2256,12.75,411.6,816.5671819298993,1.9838852816567039
363,Abell 2244,flat,,,57.6,4.2,13.6,109.1,6.0,1.0,0.05,31,14.02,0.996,0.0967,5.68,57.6,603.1,10.47048611111111
367,Abell 2255,flat,,,529.1,28.2,18.8,5.8,16.6,2.63,2.69,37,0.24,1.0,0.0805,6.12,529.1,928.7861552460328,1.7554075888225906
371,Abell 2256,flat,,,349.6,11.6,30.2,7.0,7.6,2.54,0.93,60,2.24,1.0,0.0579,6.9,349.6,766.9321579765833,2.1937418706424006
375,Abell 2259,flat,,,114.0,18.9,6.0,61.0,20.4,1.36,0.24,33,1.37,1.0,0.164,5.18,114.0,658.4136941766246,5.7755587208475845
379,Abell 2261,flat,,,61.1,8.1,7.5,106.0,14.1,1.27,0.16,15,3.62,0.999,0.224,7.63,61.1,879.5605869754067,14.395426955407638
383,Abell 2294,flat,,,156.3,52.7,3.0,235.7,76.3,1.03,0.33,19,0.83,1.0,0.178,9.98,156.3,1393.0977513958162,8.912973457426846
387,Abell 2319,flat,,,270.2,4.8,56.0,39.4,7.1,1.76,0.15,71,9.83,1.0,0.0562,10.87,270.2,939.5964879423213,3.477411132280982
391,Abell 2384,flat,,,38.5,3.0,13.0,139.2,7.3,1.49,0.11,20,7.85,0.993,0.0945,4.75,38.5,1569.9560636630529,40.77807957566371
395,Abell 2390,flat,,,14.7,7.0,2.1,202.9,15.6,1.07,0.15,8,0.96,0.999,0.2301,11.15,14.7,1150.181209436653,78.24361968956823
399,Abell 2409,flat,,,73.8,20.7,3.6,120.8,27.3,0.97,0.33,13,9.06,0.768,0.1479,5.94,73.8,649.3298303191981,8.798507185896993
403,Abell 2420,flat,,,332.6,67.5,4.9,64.3,62.6,1.12,0.58,61,5.54,1.0,0.0846,6.47,332.6,722.5935081320008,2.172560156740832
407,Abell 2462,flat,,,129.7,27.0,4.8,83.2,31.1,0.77,0.24,55,1.23,1.0,0.0737,2.42,129.7,416.99643015194624,3.215084272567049
411,Abell 2537,flat,,,110.4,19.4,5.7,124.7,29.0,1.26,0.27,11,1.05,1.0,0.295,8.4,110.4,1057.876962193145,9.582218860445153
415,Abell 2554,flat,,,105.1,71.8,1.5,318.4,86.2,0.66,0.21,27,0.87,1.0,0.1103,5.29,105.1,1026.1713249292973,9.763761417024712
419,Abell 2556,flat,,,12.4,1.3,9.2,115.8,4.0,1.13,0.07,14,4.5,0.992,0.0862,3.5,12.4,726.1476055292262,58.560290768485984
423,Abell 2589,flat,,,52.0,39.2,1.3,109.6,34.8,0.61,0.51,22,1.06,1.0,0.0415,3.65,52.0,344.5379790352803,6.625730366063082
427,Abell 2597,flat,,,10.6,1.5,7.0,98.9,15.2,1.26,0.19,5,4.1,0.535,0.0854,4.02,10.6,762.0472458773219,71.8912496110681
431,Abell 2626,flat,,,23.2,2.9,8.1,144.1,6.3,1.05,0.09,19,11.88,0.891,0.0573,3.29,23.2,804.0767376421123,34.658480070780705
435,Abell 2631,flat,,,308.8,37.4,8.3,29.2,23.4,1.44,0.41,35,0.21,1.0,0.2779,7.06,308.8,605.2146454139062,1.9598919864439965
439,Abell 2657,flat,,,65.4,12.0,5.5,153.5,15.1,0.91,0.13,48,7.69,1.0,0.0402,3.77,65.4,729.4045934788126,11.152975435455849
443,Abell 2667,flat,,,19.3,3.4,5.7,93.4,7.6,1.31,0.17,8,1.66,0.99,0.23,6.75,19.3,788.4261578899584,40.851096263728415
447,Abell 2717,flat,,,27.0,8.4,3.2,151.2,10.2,0.75,0.13,23,2.15,1.0,0.0475,1.69,27.0,532.567670562175,19.724728539339814
451,Abell 2744,flat,,,438.4,58.7,7.5,46.4,44.0,1.41,0.55,24,7.87,0.999,0.308,9.18,438.4,887.2132674223469,2.0237528910181273
455,Abell 2813,flat,,,267.6,43.8,6.1,90.4,67.3,1.76,0.8,11,2.64,0.995,0.2924,8.96,267.6,1803.4741753803519,6.739440117265889
459,Abell 3084,flat,,,96.7,13.4,7.2,193.7,22.8,1.08,0.17,31,4.48,1.0,0.0977,5.3,96.7,1198.2830007107138,12.391758021827444
463,Abell 3088,flat,,,82.8,8.4,9.8,216.8,25.8,1.71,0.25,7,0.59,0.999,0.2534,6.71,82.8,3481.3838183788157,42.04569828959922
467,Abell 3112,flat,,,11.4,1.4,8.0,169.1,7.0,1.17,0.07,15,5.32,0.989,0.072,5.17,11.4,1122.9743396594451,98.50652102275835
471,Abell 3120,flat,,,17.3,3.5,4.9,206.2,10.9,0.99,0.08,26,7.14,1.0,0.069,4.4,17.3,1031.8395111077248,59.64390237616906
475,Abell 3158,flat,,,166.0,11.7,14.1,80.9,12.9,0.9,0.1,69,22.54,1.0,0.058,4.94,166.0,510.36699865965744,3.0744999919256473
479,Abell 3266,flat,,,72.5,49.7,1.5,376.7,48.0,0.64,0.28,12,1.26,1.0,0.059,9.07,72.5,1127.7039857645923,15.55453773468403
483,Abell 3364,flat,,,268.6,33.2,8.1,34.5,18.0,1.97,0.32,52,3.99,1.0,0.1483,7.88,268.6,1090.4451633283252,4.059736274491158
487,Abell 3376,flat,,,282.9,9.3,30.3,59.0,10.6,1.71,0.18,64,5.46,1.0,0.0456,4.08,282.9,1207.7913527875928,4.269322561992198
491,Abell 3391,flat,,,367.5,16.0,22.9,23.6,14.8,1.64,0.47,72,3.59,1.0,0.056,6.07,367.5,698.0390770380193,1.8994260599673993
495,Abell 3395,flat,,,247.2,25.2,9.8,105.9,29.8,1.65,1.01,21,0.01,1.0,0.051,5.13,247.2,1754.4887831780925,7.097446533891961
499,Abell 3528S,flat,,,31.6,2.3,14.0,270.0,10.3,1.17,0.06,21,32.23,0.0555,0.053,5.44,31.6,1806.4377983917811,57.16575311366396
503,Abell 3558,flat,,,126.2,11.8,10.7,132.5,17.2,2.11,0.58,22,6.87,0.999,0.048,6.6,126.2,4080.2539207954646,32.33164754988482
507,Abell 3562,flat,,,77.4,8.9,8.7,159.8,10.4,0.81,0.13,23,35.16,0.0501,0.049,4.59,77.4,665.894595066309,8.603289341941975
511,Abell 3571,flat,,,79.3,14.8,5.4,191.3,14.8,0.82,0.16,28,375.69,1.65e-62,0.0391,7.77,79.3,795.229690592301,10.02811715753217
515,Abell 3581,flat,,,9.5,0.8,12.2,138.1,5.7,1.22,0.05,43,21.56,0.997,0.0218,2.1,9.5,993.368562647198,104.56511185759979
519,Abell 3667,flat,,,160.4,15.5,10.4,110.6,16.8,0.78,0.1,53,22.84,1.0,0.0556,6.51,160.4,548.5072274253822,3.4196211186121084
523,Abell 3822,flat,,,108.7,76.4,1.4,200.3,90.8,0.66,0.33,39,3.24,1.0,0.0759,4.89,108.7,688.1302336160122,6.330544927470213
527,Abell 3827,flat,,,164.6,12.5,13.2,94.8,13.7,1.34,0.1,64,1368.56,6.589999999999999e-244,0.0984,8.05,164.6,983.8720580655627,5.977351507081183
531,Abell 3921,flat,,,101.2,17.9,5.7,151.5,23.0,0.86,0.11,44,7.55,1.0,0.0927,5.69,101.2,705.8817155776989,6.975115766578051
535,Abell 4038,flat,,,37.9,1.2,31.2,117.9,2.7,1.11,0.05,39,60.31,0.0158,0.03,3.11,37.9,741.5723883196762,19.5665537815218
539,Abell 4059,flat,,,7.1,1.0,6.7,203.2,2.4,0.88,0.02,30,54.25,0.00431,0.0475,4.69,7.1,844.6626598621256,118.966571811567
543,Abell S0405,flat,,,16.9,27.9,0.6,274.2,27.3,0.45,0.1,31,9.79,1.0,0.0613,4.11,16.9,582.6231519580739,34.47474271941266
547,Abell S0592,flat,,,58.7,14.4,4.1,195.5,23.6,0.99,0.13,20,9.7,0.973,0.2216,9.08,58.7,1020.5936683877798,17.38660423147836
549,AC 114,flat,20.0,0.45,199.8,28.0,7.1,70.0,32.6,1.5,0.36,17,3.69,1.0,0.312,7.53,199.8,982.4237921249264,4.917035996621253
555,AWM7,flat,,,8.4,1.3,6.5,227.6,23.1,0.8,0.06,10,13.19,0.213,0.0172,3.71,8.4,833.1992572652175,99.19038776966875
559,Centaurus,flat,,,2.2,0.04,56.6,474.9,6.3,1.33,0.01,24,483.38,4.67e-87,0.0109,3.96,2.2,4040.813338902779,1836.7333358648993
563,CID 72,flat,,,9.4,0.3,29.9,133.2,2.2,0.99,0.02,34,129.24,5.04e-13,0.0344,1.91,9.4,664.7669392800626,70.71988715745347
567,CL J1226.9+3332,flat,,,166.0,45.2,3.7,99.0,58.7,1.41,0.5,7,0.75,0.998,0.89,10.0,166.0,1123.597273164059,6.768658272072645
571,Cygnus A,flat,,,23.6,0.9,27.1,210.1,6.9,1.57,0.05,16,22.48,0.128,0.0561,7.68,23.6,2652.7112238871073,112.4030179613181
575,ESO 3060170,flat,,,8.0,1.0,8.0,1400.9,578.9,1.8,0.21,2,0.81,0.667,0.0358,2.79,8.0,25391.595771152093,3173.9494713940117
579,ESO 5520200,flat,,,5.9,4.2,1.4,121.8,6.5,0.67,0.09,31,0.52,1.0,0.0314,2.37,5.9,363.9611409541059,61.68832897527218
583,EXO 422-086,flat,,,13.8,0.8,17.5,193.8,11.8,1.25,0.06,16,11.24,0.795,0.0397,3.4,13.8,1462.7929690033627,105.99949050749005
587,HCG 62,flat,,,3.4,0.07,47.4,219.0,11.4,1.28,0.03,24,138.5,4.39e-18,0.0146,1.1,3.4,1721.8057625224724,506.4134595654331
591,HCG 42,flat,,,1.9,0.3,5.7,126.5,12.6,0.87,0.05,19,45.28,0.000625,0.0133,0.7,1.9,514.9910382928132,271.0479148909543
595,Hercules A,flat,,,9.2,1.3,6.8,143.9,3.3,1.07,0.04,13,6.24,0.937,0.1541,5.21,9.2,814.5018533165814,88.53281014310669
599,Hydra A,flat,,,13.3,0.7,20.0,114.9,1.4,1.03,0.02,54,72.66,0.046,0.0549,4.0,13.3,616.2192262850203,46.33227265300905
603,M49,flat,,,0.9,0.05,18.9,495.3,32.9,1.14,0.02,51,75.65,0.0141,0.0033,1.33,0.9,3103.273863260876,3448.0820702898623
607,M87,flat,,,3.5,0.08,43.7,146.6,1.0,0.8,0.0,85,763.71,1.06e-109,0.0044,2.5,3.5,534.7634934757508,152.78956956450023
611,MACS J0011.7-1523,flat,,,18.8,6.3,3.0,109.1,11.5,1.04,0.1,13,2.28,1.0,0.36,5.42,18.8,600.5729909746643,31.945371860354484
615,MACS J0035.4-2015,flat,,,93.4,15.7,6.0,76.4,20.8,1.26,0.17,26,1.0,1.0,0.3644,7.39,93.4,673.891097927476,7.215108114855203
619,MACS J0159.8-0849,flat,,,18.8,3.7,5.0,123.9,9.9,1.31,0.09,12,3.68,0.989,0.405,9.59,18.8,1039.0861987426752,55.27054248631251
623,MACS J0242.5-2132,flat,,,10.9,1.9,5.7,74.6,5.0,1.29,0.07,19,11.84,0.893,0.314,5.58,10.9,605.7536531796845,55.57372964951234
627,MACS J0257.1-2325,flat,,,234.5,68.2,3.4,195.8,107.3,1.39,0.57,10,0.24,1.0,0.5053,10.5,234.5,2068.4225620181733,8.820565296452765
631,MACS J0257.6-2209,flat,,,155.9,25.0,6.2,82.1,32.4,1.55,0.34,14,1.01,1.0,0.3224,8.02,155.9,1150.7249387568093,7.381173436541432
635,MACS J0308.9+2645,flat,,,212.8,53.9,3.9,70.1,42.2,1.43,0.35,27,0.86,1.0,0.324,10.54,212.8,913.0371117940392,4.290587931362966
639,MACS J0329.6-0211,flat,,,11.1,2.5,4.4,96.7,6.4,1.26,0.07,11,11.91,0.371,0.45,5.2,11.1,745.8315336333369,67.19203005705738
643,MACS J0417.5-1154,flat,,,27.1,7.3,3.7,99.7,15.1,1.42,0.23,8,1.16,0.997,0.44,11.07,27.1,1007.1146422497899,37.162901928036526
647,MACS J0429.6-0253,flat,,,17.2,4.3,4.0,88.9,9.0,1.23,0.11,12,2.52,0.998,0.399,5.66,17.2,660.8279069050847,38.42022714564446
651,MACS J0520.7-1328,flat,,,88.6,22.0,4.0,84.9,28.2,1.2,0.24,18,0.75,1.0,0.3398,6.27,88.6,674.2952412902857,7.61055577077072
655,MACS J0547.0-3904,flat,,,23.1,4.4,5.2,121.6,10.2,1.2,0.1,21,7.65,0.996,0.21,3.58,23.1,861.9756341684185,37.314962518113354
659,MACS J0717.5+3745,flat,,,220.1,96.4,2.3,160.1,112.2,0.76,0.4,13,1.03,1.0,0.548,10.5,220.1,764.1120696424653,3.4716586535323275
663,MACS J0744.8+3927,flat,,,42.4,10.9,3.9,112.0,17.2,1.11,0.12,14,3.88,0.996,0.686,11.29,42.4,710.858926987309,16.76554073083276
667,MACS J1115.2+5320,flat,,,292.3,60.5,4.8,27.6,42.3,1.73,1.01,15,3.47,0.999,0.439,8.03,292.3,739.1144292096361,2.528615905609429
671,MACS J1115.8+0129,flat,,,22.7,4.9,4.7,253.8,18.4,1.32,0.12,17,5.5,0.996,0.12,6.78,22.7,2146.5900164596883,94.56343684844443
675,MACS J1131.8-1955,flat,,,97.3,23.0,4.2,156.3,34.7,1.15,0.19,20,0.69,1.0,0.307,8.64,97.3,1092.18866529953,11.224960588895478
679,MACS J1149.5+2223,flat,,,280.7,39.2,7.2,33.1,20.6,1.47,0.3,29,1.62,1.0,0.544,8.4,280.7,633.3256503606342,2.2562367308893276
683,MACS J1206.2-0847,flat,,,69.0,10.1,6.8,94.7,14.5,1.28,0.11,27,1.87,1.0,0.44,10.21,69.0,812.0731767620006,11.769176474811603
687,MACS J1311.0-0310,flat,,,47.4,4.1,11.5,63.5,7.3,1.62,0.12,11,2.39,0.997,0.494,5.6,47.4,908.6022034275262,19.168822857120805
691,MACS J1621.3+3810,flat,,,20.1,5.4,3.7,129.8,11.4,1.18,0.08,14,7.04,0.933,0.461,7.53,20.1,887.1802568425783,44.138321235949164
695,MACS J1931.8-2634,flat,,,14.6,3.6,4.1,87.5,9.2,1.27,0.11,13,5.8,0.953,0.352,6.97,14.6,690.2160505693216,47.275071956802854
699,MACS J2049.9-3217,flat,,,195.8,67.6,2.9,92.7,71.5,1.06,0.48,18,0.87,1.0,0.3254,6.98,195.8,706.2908223886609,3.6072054258869297
703,MACS J2211.7-0349,flat,,,165.5,25.5,6.5,78.3,26.3,1.59,0.24,26,0.89,1.0,0.27,11.3,165.5,1177.368482873169,7.114008959958724
707,MACS J2214.9-1359,flat,,,297.7,83.2,3.6,172.0,147.7,1.46,0.76,10,0.1,1.0,0.5026,8.8,297.7,2100.82009419179,7.0568360570768895
711,MACS J2228.5+2036,flat,,,118.8,39.2,3.0,107.2,45.9,1.0,0.26,19,0.6,1.0,0.412,7.86,118.8,654.8,5.511784511784511
715,MACS J2229.7-2755,flat,,,12.4,2.0,6.1,75.0,5.2,1.36,0.08,14,13.61,0.479,0.324,5.01,12.4,681.7610993974893,54.98073382237816
719,MACS J2245.0+2637,flat,,,42.0,6.5,6.5,105.9,13.1,1.33,0.13,20,0.53,1.0,0.304,6.06,42.0,942.5878134129382,22.44256698602234
723,MKW3S,flat,,,23.9,1.6,14.7,131.1,2.5,0.96,0.03,43,27.65,0.967,0.045,2.18,23.9,638.5302003483212,26.716744784448586
727,MKW 4,flat,,,6.9,0.3,23.0,392.7,29.4,1.26,0.04,13,19.05,0.121,0.0198,2.06,6.9,2990.654635551307,433.428208050914
731,MKW 8,flat,,,130.7,22.4,5.8,228.5,54.2,0.87,0.4,16,0.44,1.0,0.027,3.29,130.7,1057.5087134380065,8.09111486945682
735,MS J0016.9+1609,flat,,,162.1,22.5,7.2,64.2,26.5,1.29,0.3,13,3.17,0.997,0.541,8.94,162.1,674.024993755171,4.158081392690752
739,MS J0116.3-0115,flat,,,12.8,31.0,0.4,220.8,24.1,0.63,0.22,19,2.53,1.0,0.0452,1.84,12.8,621.4255384712003,48.54887019306252
743,MS J0440.5+0204,flat,,,25.5,7.6,3.4,164.0,15.2,1.11,0.13,16,6.15,0.986,0.19,5.46,25.5,1004.3148573742739,39.38489636761858
747,MS J0451.6-0305,flat,,,568.1,115.6,4.9,15.6,49.9,2.81,2.27,13,0.56,1.0,0.5386,8.9,568.1,2004.350889085485,3.5281656206398258
751,MS J0735.6+7421,flat,,,16.0,2.1,7.5,106.8,4.6,1.14,0.05,15,25.59,0.0426,0.216,5.55,16.0,684.9552364148225,42.809702275926405
755,MS J0839.8+2938,flat,,,19.2,2.9,6.7,105.8,6.3,1.33,0.11,13,2.5,0.999,0.194,4.68,19.2,918.9373999913962,47.861322916218555
759,MS J0906.5+1110,flat,,,104.2,14.9,7.0,97.3,19.6,1.15,0.17,26,1.25,1.0,0.163,5.38,104.2,723.538881213335,6.943751259245057
763,MS J1006.0+1202,flat,,,160.3,21.3,7.5,82.8,26.9,1.32,0.24,26,6.68,1.0,0.221,5.61,160.3,853.2002890577705,5.322522077715349
767,MS J1008.1-1224,flat,,,97.6,41.5,2.4,262.0,56.8,0.76,0.18,20,1.5,1.0,0.301,7.45,97.6,987.863349446133,10.12155071153825
771,MS J1455.0+2232,flat,,,16.9,1.5,11.1,81.5,4.0,1.39,0.07,13,10.09,0.686,0.259,4.77,16.9,780.2538754059301,46.168868367214806
775,MS J2137.3-2353,flat,,,14.7,1.8,7.9,89.9,5.3,1.39,0.06,19,5.76,0.998,0.313,6.01,14.7,856.7308392514494,58.28100947288772
779,MS J1157.3+5531,flat,,,5.9,0.4,13.9,277.0,17.7,1.45,0.05,10,7.22,0.704,0.081,3.28,5.9,2863.4002387379005,485.322074362356
783,NGC 507,flat,,,0.0,2.1,0.0,99.9,2.7,0.65,0.01,58,46.55,0.86,0.0164,1.4,0.0,284.3779970528639,
787,NGC 4636,flat,,,1.4,0.1,13.9,11962.1,8977.0,1.96,0.18,9,8.95,0.442,0.0031,0.66,1.4,280408.26192168775,200291.6156583484
791,NGC 5044,flat,,,2.3,0.3,8.9,82.2,7.2,0.96,0.05,63,48.05,0.918,0.009,1.22,2.3,387.6745420948284,168.55414873688193
795,NGC 5813,flat,,,1.4,0.2,8.9,102.5,7.1,0.91,0.03,57,107.52,6e-05,0.0066,0.76,1.4,444.79068945653603,317.7076353260972
799,NGC 5846,flat,,,1.8,0.2,10.7,685.8,344.9,1.44,0.15,13,1.16,1.0,0.0057,0.64,1.8,6963.483692632083,3868.6020514622683
803,Ophiuchus,flat,,,8.9,1.2,7.5,247.5,7.6,0.73,0.03,15,95.06,1.12e-13,0.028,11.12,8.9,810.2519654303254,91.03954667756464
807,PKS 0745-191,flat,,,12.4,0.7,18.3,110.7,2.7,1.39,0.04,31,19.54,0.945,0.1028,8.5,12.4,1049.2499878213064,84.61693450171825
811,RBS 461,flat,,,95.7,3.0,31.4,68.8,4.5,1.39,0.1,67,22.14,1.0,0.029,2.6,95.7,740.1017991156809,7.733561119286112
815,RBS 533,flat,,,2.2,0.05,43.7,164.3,2.5,1.0,0.01,41,215.65,1.46e-25,0.0123,1.29,2.2,823.7,374.4090909090909
819,RBS 797,flat,,,20.9,2.4,8.9,93.2,9.1,1.75,0.15,21,104.7,4.22e-13,0.354,7.68,20.9,1579.0649105950633,75.55334500454849
823,RCS J2327-0204,flat,,,68.5,19.9,3.4,217.2,36.9,1.28,0.26,15,31.0,0.0088,0.2,7.06,68.5,1772.7818795428354,25.88002743858154
827,RXCJ0331.1-2100,flat,,,11.4,1.5,7.7,134.1,5.8,1.3,0.07,22,356.18,4.25e-62,0.188,4.61,11.4,1098.0502480824975,96.32019720021908
831,RX J0220.9-3829,flat,,,43.0,6.3,6.8,159.9,14.0,1.23,0.12,19,4.2,1.0,0.2287,5.02,43.0,1200.6614433534648,27.922359147754996
835,RX J0232.2-4420,flat,,,44.6,12.4,3.6,166.5,24.7,1.16,0.18,11,0.71,1.0,0.2836,7.83,44.6,1121.609273750543,25.148189994406792
839,RX J0439+0520,flat,,,14.9,2.9,5.2,95.5,6.2,1.19,0.1,15,6.64,0.967,0.208,4.6,14.9,663.2024707423382,44.510232935727394
843,RX J0439.0+0715,flat,,,66.8,18.5,3.6,129.6,28.4,1.06,0.2,19,6.2,0.997,0.23,6.5,66.8,780.4959070288074,11.684070464503106
847,RX J0528.9-3927,flat,,,72.9,13.8,5.3,99.8,22.4,1.47,0.23,18,1.67,1.0,0.2632,7.89,72.9,1136.1036225375012,15.584411831790138
851,RX J0647.7+7015,flat,,,225.1,47.1,4.8,48.8,31.9,1.7,0.39,21,0.42,1.0,0.584,9.07,225.1,977.8813125184117,4.344208407456294
855,RX J0819.6+6336,flat,,,20.7,14.3,1.5,170.6,19.4,0.68,0.12,25,10.13,0.996,0.119,3.87,20.7,530.357746687066,25.621147182950047
859,RX J1000.4+4409,flat,,,27.7,4.4,6.3,151.1,9.9,1.09,0.09,20,1.94,1.0,0.154,3.42,27.7,900.9563836073858,32.52550121326303
863,RX J1022.1+3830,flat,,,51.6,9.8,5.3,194.8,18.7,1.04,0.22,15,8.26,0.913,0.0491,3.04,51.6,1090.3660737109496,21.13112545951453
867,RX J1130.0+3637,flat,,,29.9,2.3,12.9,149.6,9.2,1.14,0.1,23,2.81,1.0,0.06,2.0,29.9,966.9384210454816,32.339077626939186
871,RX J1320.2+3308,flat,,,8.8,0.7,13.1,140.3,23.4,1.28,0.12,8,7.01,0.536,0.0366,1.01,8.8,1109.6782122461318,126.09979684615134
875,RX J1347.5-1145,flat,,,12.5,20.7,0.6,179.9,35.3,1.06,0.34,5,4.0,0.549,0.451,10.88,12.5,1003.1936240315006,80.25548992252004
879,RX J1423.8+2404,flat,,,10.2,5.0,2.0,119.9,10.8,1.27,0.17,4,1.75,0.782,0.545,5.92,10.2,935.9870224372761,91.76343357228198
883,RX J1504.1-0248,flat,,,13.1,0.9,13.9,95.6,3.5,1.5,0.04,24,2.89,1.0,0.215,8.0,13.1,1081.9404932448995,82.5908773469389
887,RX J1532.9+3021,flat,,,16.9,1.8,9.3,76.3,5.0,1.51,0.07,18,2.38,1.0,0.345,5.44,16.9,883.800482162379,52.29588651848397
891,RX J1539.5-8335,flat,,,25.9,2.9,9.1,110.0,5.8,1.41,0.12,26,13.52,0.979,0.0728,4.29,25.9,1089.896970182288,42.08096409970224
895,RX J1720.1+2638,flat,,,21.0,1.9,10.9,109.1,5.4,1.39,0.06,27,5.56,1.0,0.164,6.37,21.0,1042.8638994697787,49.660185689037085
899,RX J1720.2+3536,flat,,,24.0,3.3,7.2,94.4,7.8,1.42,0.11,10,2.67,0.988,0.3913,5.65,24.0,951.9175750088282,39.66323229203451
903,RX J1852.1+5711,flat,,,18.7,8.3,2.3,170.4,11.8,0.83,0.16,9,5.06,0.829,0.1094,3.66,18.7,666.7592204212808,35.655573284560475
907,RX J2129.6+0005,flat,,,21.1,3.7,5.7,97.9,8.0,1.26,0.1,19,7.16,0.993,0.235,5.91,21.1,764.9491948573287,36.25351634394923
911,SC 1327-312,flat,,,64.6,9.9,6.5,160.8,12.5,0.81,0.14,28,1.03,1.0,0.0531,3.53,64.6,656.7772896537077,10.166831109190523
915,Sersic 159-03,flat,,,10.5,0.7,15.0,77.8,2.4,1.17,0.06,20,16.81,0.665,0.058,2.65,10.5,521.9162248699281,49.70630713046934
919,SS2B153,flat,,,1.1,0.2,6.9,71.4,2.1,0.8,0.02,35,24.19,0.915,0.0186,0.8,1.1,259.8463399329374,236.2239453935794
923,UGC 3957,flat,,,12.9,1.0,12.5,175.1,7.1,0.98,0.04,33,6.95,1.0,0.0341,2.85,12.9,860.6674744027888,66.71840886843324
927,UGC 12491,flat,,,3.0,0.2,13.8,148.5,11.7,1.12,0.04,20,445.44,7.289999999999999e-82,0.0174,0.87,3.0,903.6848515956783,301.2282838652261
931,ZWCL 1215,flat,,,163.2,35.6,4.6,131.3,43.6,1.0,0.32,33,2.94,1.0,0.075,6.62,163.2,819.7,5.022671568627452
935,ZWCL 1358+6245,flat,,,20.7,3.2,6.4,98.0,9.4,1.43,0.09,23,5.65,1.0,0.328,10.66,20.7,999.6334801114958,48.29147246915439
939,ZWCL 1742,flat,,,23.8,1.7,14.4,126.5,9.0,1.3,0.12,14,24.08,0.0449,0.0757,4.4,23.8,1048.8652974081724,44.06997047933498
943,ZWCL 1953,flat,,,194.5,56.6,3.4,62.1,57.0,1.39,0.65,14,0.99,1.0,0.38,7.37,194.5,776.1475541436596,3.990475856779741
947,ZWCL 3146,flat,,,11.4,2.0,5.7,105.5,6.4,1.29,0.08,12,5.24,0.949,0.29,7.48,11.4,852.6474585852108,74.79363671800094
951,ZWCL 7160,flat,,,21.1,3.1,6.8,86.3,7.2,1.37,0.1,18,2.82,1.0,0.2578,4.53,21.1,803.8078718987109,38.09515980562611
955,Zwicky 2701,flat,,,39.7,3.9,10.1,126.0,10.2,1.45,0.1,21,5.67,1.0,0.21,5.21,39.7,1339.5015526389006,33.74059326546349
959,ZwCl 0857.9+2107,flat,,,24.2,5.0,4.9,89.3,10.4,1.4,0.18,13,0.88,1.0,0.235,4.29,24.2,874.1814836366397,36.12320180316693
