ID,GLON,GLAT,Dist,Rgc,Z,Mass,Mline,nH2,NH2,Tmin,Tmax,fA,fL,Lsumw,DGMF,Vgrad,Morph,feed_proxy,smoothing_proxy,density_proxy,ambient_resistance_proxy,choke_F1,choke_F2
1.0,5.37,0.13,2.9,5.4,25.1,4.6,364.1,5.8,1.8,10.8,18.0,7.03,3.02,10.0,0.2,0.41,"L,C",0.2,4.242640687119285,5.8,0.18083134527076072,0.047140452079103175,6.414817067600307
2.0,6.2,-0.12,3.0,5.4,12.0,5.8,521.4,6.6,2.3,16.1,26.0,7.06,5.73,7.8,0.32,0.91,X  ,0.32,5.0990195135927845,6.6,0.1973340812101459,0.0627571632442189,10.702662140509219
3.0,6.16,-0.61,3.0,5.4,-13.7,9.7,824.8,3.7,2.2,14.6,25.0,4.43,3.11,5.0,0.38,1.02,S  ,0.38,5.0,3.7,0.19511025378166455,0.076,7.206182006063941
5.0,8.16,0.22,3.0,5.4,29.8,11.1,820.0,7.9,3.1,11.2,29.5,10.15,5.27,8.3,0.46,0.54,"L,H",0.46,5.431390245600108,7.9,0.17525314463423367,0.08469286484664576,20.735719222524814
6.0,8.51,-0.64,3.0,5.4,-15.1,2.6,200.4,4.3,1.1,11.9,26.8,5.21,1.86,11.7,0.26,0.49,X  ,0.26,5.176871642217914,4.3,0.19329769650479847,0.05022338160360663,5.78382474398626
8.0,11.09,-0.1,2.9,5.5,13.8,20.0,801.2,5.7,2.6,10.5,15.8,5.99,3.84,13.2,0.32,0.65,S  ,0.32,3.9749213828703582,5.7,0.1894881913023355,0.08050473686826042,9.625929655372245
9.0,12.49,-0.21,2.6,5.9,9.9,8.3,496.1,6.7,2.2,10.0,18.5,9.75,5.04,12.2,0.2,0.24,S  ,0.2,4.301162633521313,6.7,0.1734763004571308,0.04649905549752772,7.724398067453247
11.0,13.2,0.04,2.6,5.9,21.5,14.7,923.7,10.2,3.8,10.5,26.8,7.42,3.66,10.4,0.38,1.29,"S,H",0.38,5.176871642217914,10.2,0.1605664153746434,0.0734034038821943,24.139543695711705
12.0,12.69,-0.16,4.8,3.8,1.4,36.2,2803.2,7.5,5.6,13.7,26.9,11.25,1.58,4.1,0.35,1.21,"X,H",0.35,5.186520991955976,7.5,0.3345236768704245,0.06748261513697366,7.84697820063952
13.0,13.21,-0.34,2.6,5.9,4.0,15.3,637.5,9.9,3.1,9.3,26.0,2.81,3.29,18.6,0.26,0.91,X  ,0.26,5.0990195135927845,9.9,0.18043567202907038,0.050990195135927854,14.26547184963125
14.0,14.0,-0.14,3.1,5.4,10.7,7.6,639.5,5.9,2.4,16.2,33.7,7.49,2.64,7.1,0.47,1.07,C  ,0.47,5.805170109479997,5.9,0.19905174236101458,0.08096231309957265,13.931051128257332
15.0,14.36,-0.14,3.1,5.4,10.8,42.5,830.3,6.1,2.8,10.1,29.2,4.63,2.69,27.3,0.43,0.76,X  ,0.43,5.403702434442518,6.1,0.19891908542333303,0.07957507009624257,13.186266136393186
16.0,14.72,-0.18,3.1,5.4,8.5,19.7,1058.4,6.7,3.3,8.5,27.5,4.11,2.29,9.2,0.33,0.8,"S,X",0.33,5.244044240850758,6.7,0.20199268208809604,0.0629285308902091,10.94594109620123
19.0,15.65,-0.22,11.6,4.2,-44.2,44.8,1088.6,3.3,2.3,16.6,20.9,17.49,7.44,14.1,0.19,0.07,C  ,0.19,4.571651780264984,3.3,0.22432336672508574,0.04156047072968168,2.7950721726123398
20.0,13.87,0.25,3.9,4.6,34.1,10.9,565.4,4.9,2.1,15.6,33.8,2.98,1.51,11.2,0.28,0.15,"C,H",0.28,5.813776741499453,4.9,0.21403428904378416,0.04816146413076471,6.410187854149554
22.0,16.38,-0.6,3.3,5.2,-16.6,17.3,651.2,7.8,2.8,10.7,16.5,4.13,1.97,18.1,0.34,0.61,"C,X",0.34,4.06201920231798,7.8,0.20262851487423578,0.08370221386594626,13.087990116524326
23.0,16.39,-0.13,3.5,5.1,9.8,8.8,697.9,10.3,3.3,15.9,26.8,5.57,4.89,9.5,0.21,0.57,S  ,0.21,5.176871642217914,10.3,0.21817098462568818,0.04056503898752843,9.914242279792697
24.0,18.28,-0.26,4.9,4.0,-6.8,35.2,2266.1,2.7,3.0,11.1,19.8,26.81,11.36,3.3,0.41,0.58,L  ,0.41,4.449719092257398,2.7,0.30477225805542013,0.0921406478699764,3.632220357138614
25.0,18.61,-0.09,3.4,5.3,13.0,13.6,990.5,6.8,3.2,12.0,23.7,9.72,5.45,7.1,0.29,0.27,"L,H",0.29,4.868264577855234,6.8,0.20170432713055125,0.05956948217628767,9.776686638574892
26.0,19.0,-0.05,5.0,4.0,10.9,24.9,2185.5,4.9,4.0,15.1,28.0,3.39,3.16,3.3,0.39,0.84,S  ,0.39,5.291502622129181,4.9,0.29655463546075744,0.07370307223679931,6.444006505010034
27.0,18.92,-0.41,5.0,4.0,-20.8,94.9,1015.8,2.3,1.9,11.9,31.3,8.25,2.83,27.8,0.45,0.42,C  ,0.45,5.594640292279746,2.3,0.27761394720356486,0.08043412560785576,3.7281988546528955
28.0,19.62,-0.11,5.1,3.9,5.0,36.1,1069.5,5.2,2.9,13.8,31.6,4.49,2.18,14.6,0.27,0.58,C  ,0.27,5.621387729022079,5.2,0.3173915646582382,0.048030844520125356,4.423558015827558
29.0,20.74,-0.08,11.7,4.9,-14.3,170.2,2146.9,1.3,2.0,16.5,29.5,2.09,2.04,12.0,0.43,0.33,C  ,0.43,5.431390245600108,1.3,0.2241738676524968,0.07916941713925581,2.4936001945888453
30.0,22.4,0.35,5.4,3.9,47.2,41.4,2073.4,3.0,3.1,14.7,23.0,4.57,1.57,4.7,0.39,0.08,"L,X",0.39,4.795831523312719,3.0,0.23955975819628195,0.08132062148225917,4.883958845213757
31.0,22.57,-0.2,4.2,4.8,2.2,12.4,983.2,16.5,4.9,11.6,17.1,13.38,7.0,10.2,0.23,0.49,S  ,0.23,4.135214625627067,16.5,0.2500497857127395,0.05561984584176756,15.176977613409141
32.0,22.94,-0.28,4.2,4.8,-3.5,19.5,861.5,4.7,2.5,13.3,25.0,9.78,10.09,10.5,0.27,0.62,L  ,0.27,5.0,4.7,0.247892051258334,0.054000000000000006,5.119163739048438
33.0,23.08,-0.4,4.6,4.5,-15.9,50.2,2009.7,2.9,3.0,13.4,20.9,13.65,5.54,5.9,0.31,0.24,C  ,0.31,4.571651780264984,2.9,0.2486486841743129,0.0678091890852701,3.615542961690335
34.0,22.75,-0.46,4.6,4.5,-20.6,33.6,845.2,6.6,2.9,11.5,19.8,12.41,4.66,21.9,0.21,0.42,S  ,0.21,4.449719092257398,6.6,0.24097848603329938,0.04719399037242694,5.75155078287145
35.0,23.4,-0.21,5.9,3.8,-7.8,322.9,4156.3,4.9,5.5,12.0,44.1,5.63,1.63,16.6,0.45,0.47,X  ,0.45,6.640783086353597,4.9,0.3205508728058145,0.06776309271789384,6.8787833291465095
36.0,23.28,-0.27,4.6,4.5,-6.0,22.4,1336.4,7.4,3.9,11.9,26.2,9.1,4.29,7.8,0.25,0.9,C  ,0.25,5.118593556827891,7.4,0.26561316762317017,0.04884154157278522,6.965016141912911
37.0,23.22,0.03,5.9,3.8,16.3,29.2,1603.6,6.6,4.0,13.0,25.6,3.68,1.97,7.3,0.33,0.77,C  ,0.33,5.059644256269407,6.6,0.30289140035732376,0.06522197674097283,7.190696062782217
38.0,23.97,0.15,4.8,4.4,28.4,38.4,2079.4,3.2,3.2,13.5,38.7,8.11,2.13,4.5,0.38,0.62,"L,H",0.38,6.220932405998316,3.2,0.23539832717816167,0.0610840908082522,5.165712155123636
39.0,24.04,0.18,7.8,3.4,34.0,101.1,2226.4,3.0,3.2,10.9,27.8,6.75,2.8,10.4,0.27,0.97,"L,X",0.27,5.272570530585627,3.0,0.30176846190412093,0.05120841882223451,2.6841771167503796
40.0,23.92,0.51,5.8,3.8,65.0,82.4,979.2,2.9,2.1,10.3,24.0,15.88,10.22,28.3,0.27,0.2,L  ,0.27,4.898979485566356,2.9,0.21892028320796783,0.05511351921262152,3.5766443772419803
42.0,24.48,-0.52,11.3,5.1,-99.0,76.8,1382.1,2.5,2.3,10.9,17.6,4.3,2.31,14.7,0.19,0.08,X  ,0.19,4.1952353926806065,2.5,0.12037506641343251,0.04528947298916563,3.9459998997516257
43.0,25.77,0.24,8.7,3.8,45.0,79.3,1794.8,1.2,1.8,19.8,31.2,7.54,3.22,7.1,0.43,0.22,C  ,0.43,5.585696017507576,1.2,0.2501450609204698,0.07698234895923904,2.0628030715507717
44.0,25.72,-0.16,10.2,4.5,-21.9,162.8,2176.6,3.0,3.2,10.3,30.0,8.49,4.47,17.3,0.29,0.22,S  ,0.29,5.477225575051661,3.0,0.23889902981380126,0.05294651389216606,3.641705873305894
45.0,25.36,-0.38,2.7,6.0,1.9,6.8,451.8,8.1,2.3,16.4,22.3,4.16,2.26,12.5,0.26,0.94,"L,X",0.26,4.722287581247038,8.1,0.17782552945875302,0.055058061485391475,11.843068913726984
47.0,28.24,0.04,6.1,4.2,17.9,61.3,3404.2,6.2,5.7,15.5,29.9,3.09,2.03,4.8,0.41,0.64,"S,H",0.41,5.468089245796926,6.2,0.26731345154375546,0.07498048798584414,9.509435403717086
48.0,28.66,0.03,7.4,4.0,15.9,67.9,2244.3,2.5,2.9,18.3,27.0,12.38,3.7,6.2,0.27,0.76,C  ,0.27,5.196152422706632,2.5,0.2868324180902166,0.05196152422706632,2.3532904840194675
49.0,28.79,0.2,7.4,4.0,36.9,41.3,1905.2,2.3,2.6,18.5,26.5,4.46,2.82,4.7,0.43,0.72,"S,H",0.43,5.1478150704935,2.3,0.24936012484608322,0.08353058416272471,3.9661513668653203
50.0,28.57,-0.28,4.7,4.8,-6.5,40.6,2352.5,4.9,4.2,10.3,29.7,11.08,4.49,4.9,0.42,0.43,"L,C",0.42,5.449770637375485,4.9,0.24298345976670915,0.07706746355884524,8.469712308713962
51.0,26.55,-0.29,7.6,3.7,-27.3,25.3,889.1,3.1,2.0,16.7,26.8,4.35,1.79,10.4,0.4,0.31,C  ,0.4,5.176871642217914,3.1,0.28963236788921276,0.07726674092862558,4.2812894464693
52.0,30.03,0.1,5.2,4.7,24.6,23.3,925.3,7.4,3.2,12.9,31.9,3.49,1.65,14.1,0.22,0.53,X  ,0.22,5.648008498577175,7.4,0.22160535863020228,0.03895178274880811,7.3463927499906685
53.0,30.6,-0.11,5.2,4.7,5.8,33.8,2206.7,7.6,5.0,15.0,23.6,7.27,5.24,5.6,0.32,0.64,S  ,0.32,4.857983120596447,7.6,0.25119548719844476,0.06587095756740946,9.68170259395909
54.0,30.34,-0.22,5.2,4.7,-4.1,96.5,1102.1,3.8,2.5,12.0,30.0,2.87,1.96,31.9,0.28,0.33,X  ,0.28,5.477225575051661,3.8,0.25405856283652856,0.05112077203381551,4.188010780351537
55.0,30.86,0.1,2.7,6.2,25.1,13.7,1043.6,5.8,3.0,17.1,31.3,6.02,1.96,6.1,0.24,0.52,C  ,0.24,5.594640292279746,5.8,0.14388197913952924,0.04289820032418974,9.674595862002363
56.0,32.03,0.07,5.2,4.8,21.9,30.9,1859.0,2.4,2.6,10.4,27.2,11.45,5.8,3.8,0.45,0.86,S  ,0.45,5.215361924162119,2.4,0.21927501265570268,0.08628356124532918,4.925321799870445
57.0,33.22,0.01,6.5,4.6,14.6,42.0,1314.1,2.2,2.1,18.8,27.8,4.56,1.68,8.2,0.31,0.18,S  ,0.31,5.272570530585627,2.2,0.24374832336776756,0.058794851240343324,2.7979679637467627
58.0,33.63,-0.01,6.5,4.6,12.5,92.8,1485.7,2.5,2.4,10.4,27.3,13.9,6.21,16.0,0.36,0.32,L  ,0.36,5.224940191045253,2.5,0.24718479909609437,0.06890031021158574,3.641000592638062
60.0,35.56,0.02,10.4,6.1,11.1,115.8,1491.5,0.8,1.3,14.7,28.0,4.68,2.48,11.1,0.41,0.6,"L,X",0.41,5.291502622129181,0.8,0.16253577577031394,0.07748271696689157,2.01801725463513
62.0,41.16,-0.21,8.9,6.1,-20.1,64.1,1138.0,2.3,2.0,16.6,27.9,9.16,8.32,15.9,0.29,0.47,S  ,0.29,5.282045058497703,2.3,0.15307042905908375,0.05490297731054959,4.357471290176787
64.0,48.6,0.03,10.8,8.2,17.6,75.1,2069.3,0.8,1.6,17.3,34.3,4.12,1.9,4.4,0.42,0.19,C  ,0.42,5.856620185738529,0.8,0.08541867919306947,0.07171371656006362,3.9335658567202674
65.0,49.02,-0.29,5.3,6.3,-7.6,69.9,844.2,1.6,1.4,14.6,29.0,5.16,2.47,22.7,0.49,0.41,X  ,0.49,5.385164807134504,1.6,0.15713237646991418,0.09099071570675542,4.989423679658476
67.0,49.38,-0.27,5.3,6.3,-6.3,47.0,1841.2,2.8,2.8,15.8,30.0,3.93,2.34,6.2,0.46,0.42,S  ,0.46,5.477225575051661,2.8,0.1585001086779083,0.08398412548412547,8.126177393463964
68.0,53.18,0.06,4.0,6.8,25.5,6.1,369.2,3.5,1.4,12.8,21.8,11.06,6.34,10.1,0.36,0.36,L  ,0.36,4.669047011971501,3.5,0.12089206662146643,0.07710352863806147,10.422520147209278
69.0,54.11,-0.07,4.0,6.8,16.4,7.0,445.7,3.6,1.6,15.2,33.4,6.28,2.32,8.8,0.41,0.43,X  ,0.41,5.779273310719955,3.6,0.12845322146823027,0.07094317537111323,11.490564293594241
70.0,59.59,-0.21,2.2,7.5,15.6,1.7,162.0,3.3,0.9,15.3,20.8,3.13,2.67,9.2,0.37,0.39,S  ,0.37,4.560701700396552,3.3,0.10573100035649889,0.0811278667859002,11.548174101097016
71.0,354.64,0.49,4.4,4.0,53.1,31.8,941.8,2.4,1.8,11.8,25.6,3.62,2.65,10.6,0.43,0.31,S  ,0.43,5.059644256269407,2.4,0.22383252951118285,0.08498621211702519,4.6105899006446265
72.0,354.18,-0.05,11.4,3.3,-10.2,63.0,1392.5,1.3,1.6,13.6,40.2,5.87,2.51,8.5,0.29,0.19,S  ,0.29,6.340346993658944,1.3,0.36390692563125604,0.04573882159604709,1.0359791843643313
74.0,352.61,-0.2,7.6,1.3,-18.6,44.9,2063.2,1.8,2.4,13.6,31.8,2.87,2.43,4.0,0.47,0.17,"X,H",0.47,5.639148871948674,1.8,0.609309718594759,0.08334591100049926,1.3884564355072422
76.0,353.4,-0.09,10.2,2.2,-12.4,131.8,5257.9,1.8,3.8,15.7,37.4,4.57,2.27,2.9,0.51,0.56,X  ,0.51,6.115553940568262,1.8,0.4910358717815224,0.0833939173713854,1.8695171834787003
77.0,353.56,-0.05,10.2,2.2,-5.4,108.9,2348.5,2.0,2.7,16.6,32.6,3.11,2.06,8.4,0.35,0.22,"C,X",0.35,5.709640969448079,2.0,0.5144939778830269,0.061299826359105136,1.3605601427644871
78.0,351.59,0.17,11.5,3.5,35.1,154.5,3173.0,1.2,2.4,20.9,36.5,9.2,4.26,5.9,0.47,0.22,S  ,0.47,6.041522986797286,1.2,0.2911257425960852,0.07779495352862258,1.9373072094916284
79.0,351.94,0.68,1.3,7.0,37.6,3.7,207.9,12.4,2.0,12.3,27.4,4.53,3.06,26.8,0.29,1.03,S  ,0.29,5.2345009313209605,12.4,0.1053289818290023,0.055401652192813074,34.14065091636386
81.0,350.19,0.08,10.5,2.7,16.4,525.0,3552.9,1.3,2.6,13.2,28.7,5.65,2.57,17.4,0.52,0.26,"C,X",0.52,5.357238094391549,1.3,0.4144670069659499,0.09706494108305247,1.631010402851043
82.0,349.87,0.1,10.7,2.9,21.4,174.2,3300.5,0.6,1.8,14.3,22.3,5.42,3.11,4.6,0.29,0.09,C  ,0.29,4.722287581247038,0.6,0.37861398762357956,0.06141091473370587,0.4595709764769491
83.0,349.3,0.16,10.5,2.8,31.5,118.2,3277.0,1.9,3.1,13.6,20.0,6.3,4.11,5.4,0.33,0.12,S  ,0.33,4.47213595499958,1.9,0.3642189795715233,0.07379024325749306,1.7214918364156067
84.0,349.12,0.1,10.5,2.8,20.2,301.3,4878.1,1.2,3.0,16.0,26.7,3.61,2.68,6.0,0.38,0.25,X  ,0.38,5.167204273105526,1.2,0.392716749299445,0.07354073497303744,1.1611422248056493
85.0,349.14,0.01,19.7,11.6,-14.4,427.8,7324.3,0.7,2.9,18.6,26.4,4.56,2.44,3.7,0.38,0.19,S  ,0.38,5.138093031466052,0.7,0.03303176138141441,0.07395739969534468,8.052855460189509
86.0,348.94,0.11,10.5,2.8,23.3,88.5,2152.1,2.2,2.7,16.1,19.9,3.49,3.08,8.2,0.26,0.17,C  ,0.26,4.460941604639093,2.2,0.3846838952142048,0.058283659156088644,1.4869351358769294
87.0,347.89,0.03,12.9,5.0,3.3,118.4,1906.5,0.8,1.5,16.3,30.2,9.12,4.44,8.0,0.31,0.06,"L,C",0.31,5.495452665613635,0.8,0.23443628621906887,0.05641027570663002,1.057856716635822
88.0,347.69,0.24,9.8,2.4,44.8,106.6,2972.1,2.1,3.1,10.3,21.6,3.41,2.1,5.9,0.27,0.22,C  ,0.27,4.6475800154489,2.1,0.37367047517040436,0.05809475019311126,1.5173797173604149
89.0,347.62,0.2,9.8,2.4,38.5,135.7,2604.9,0.9,1.9,17.9,39.3,4.77,2.9,6.1,0.54,0.25,C  ,0.54,6.268971207462991,0.9,0.3896988754273889,0.08613853567506402,1.2471167628261595
90.0,347.91,-0.37,6.9,2.2,-34.4,43.6,1187.3,1.4,1.6,10.9,23.8,3.92,1.76,7.9,0.48,0.27,C  ,0.48,4.878524367060187,1.4,0.4240496371277071,0.09839040740289452,1.5847201392548766
91.0,350.51,-0.37,3.3,5.1,-3.3,8.3,586.1,6.8,2.4,12.3,20.4,4.36,1.86,9.4,0.36,0.3,C  ,0.36,4.516635916254486,6.8,0.22783289004833254,0.07970533969860857,10.744717321018403
92.0,349.92,-0.53,3.3,5.1,-12.5,14.5,563.5,1.8,1.3,12.9,31.3,5.26,3.25,9.2,0.43,0.96,S  ,0.43,5.594640292279746,1.8,0.21427903949059288,0.07685927558083995,3.6121125138512653
93.0,345.3,-0.17,1.4,7.0,18.0,2.6,200.3,16.0,2.2,11.2,24.1,7.96,6.02,22.6,0.2,0.68,"L,X",0.2,4.909175083453431,16.0,0.12003162851145674,0.04074004218633553,26.659639960600614
95.0,343.79,-0.15,2.6,5.9,13.0,10.6,456.3,3.7,1.6,10.0,34.8,4.21,2.39,13.0,0.38,0.65,"C,S",0.38,5.89915248150105,3.7,0.16992791651041794,0.064416032843977,8.274096622103885
96.0,343.49,-0.03,2.6,5.9,18.2,8.1,456.6,4.8,1.8,17.4,36.9,3.84,2.16,11.3,0.49,0.81,"C,X",0.49,6.074537019394976,4.8,0.1641380201114278,0.08066458372638316,14.329403988200331
99.0,342.54,0.18,12.5,5.2,38.2,122.1,2841.1,1.7,2.7,11.5,23.2,19.11,6.89,6.6,0.35,0.1,L  ,0.35,4.8166378315169185,1.7,0.17545354843703315,0.07266479487202246,3.3912109803440873
100.0,342.06,0.42,10.9,3.9,81.8,146.6,5040.5,1.3,3.1,13.1,22.3,12.46,8.08,2.9,0.42,0.27,L  ,0.42,4.722287581247038,1.3,0.19021142779738698,0.08893994547640162,2.870489992754792
101.0,340.93,-0.32,3.3,5.4,-0.1,19.2,891.4,5.8,2.8,10.2,21.5,2.85,1.86,10.8,0.29,0.37,X  ,0.29,4.636809247747852,5.8,0.21362699270811605,0.06254300845799428,7.873536853548086
102.0,341.24,-0.26,3.3,5.4,3.2,20.0,955.8,5.6,2.8,12.5,25.9,5.06,2.33,10.0,0.51,0.61,"C,X",0.51,5.089204259999788,5.6,0.20925734342742167,0.10021213021621207,13.648266546930374
103.0,339.95,-0.55,10.1,3.6,-91.8,40.8,1575.7,1.4,1.9,12.8,31.0,4.91,3.25,4.9,0.42,0.25,X  ,0.42,5.5677643628300215,1.4,0.1938692282166194,0.07543422685124546,3.032972305140656
104.0,338.59,0.03,13.6,6.5,5.4,369.9,4582.2,0.9,2.5,13.1,27.4,5.84,2.44,7.2,0.43,0.15,C  ,0.43,5.2345009313209605,0.9,0.15059775705160983,0.08214727738934353,2.5697593880324203
105.0,338.41,0.0,2.7,5.9,19.7,8.1,777.7,5.2,2.5,22.1,34.3,7.01,3.11,5.3,0.31,0.95,C  ,0.31,5.856620185738529,5.2,0.16250481952323673,0.052931552699094574,9.919705795368726
106.0,338.06,0.0,3.0,5.7,18.8,55.5,1109.5,7.9,3.6,11.7,26.3,3.51,1.7,26.3,0.29,0.82,"C,X",0.29,5.128352561983234,7.9,0.1730967206334252,0.05654837425760981,13.2353749488516
107.0,337.87,-0.01,3.6,5.2,17.1,29.2,818.5,21.4,5.1,10.2,26.2,2.95,1.52,35.9,0.16,0.82,"C,X",0.16,5.118593556827891,21.4,0.2019542109555415,0.03125858660658254,16.954338232411327
108.0,337.67,-0.05,12.1,5.4,-8.5,308.4,5192.9,1.5,3.5,15.4,25.5,3.28,1.71,6.4,0.44,0.29,C  ,0.44,5.049752469181039,1.5,0.20199268208809604,0.08713298378194734,3.26744510334365
109.0,337.7,0.1,10.8,4.4,21.8,183.4,5903.6,2.5,4.7,17.0,22.9,11.41,4.58,4.0,0.36,0.15,C  ,0.36,4.78539444560216,2.5,0.24598709827143575,0.07522890831514312,3.6587284712261217
113.0,337.77,-0.34,3.0,5.7,1.1,10.6,727.9,6.4,2.7,13.4,34.4,5.28,2.88,8.5,0.3,0.23,X  ,0.3,5.865151319446072,6.4,0.19477606558975966,0.05114957546028551,9.857473987814979
115.0,336.48,-0.23,5.0,4.2,-4.7,47.7,1385.2,3.3,2.6,13.4,29.0,3.37,2.3,10.4,0.44,0.67,S  ,0.44,5.385164807134504,3.3,0.2919031139441411,0.08170594879790283,4.974253204704957
116.0,336.36,-0.14,5.0,4.2,2.7,19.0,855.2,2.1,1.6,16.9,27.1,5.16,1.69,6.8,0.33,0.06,C  ,0.33,5.205766033928148,2.1,0.29582121811203327,0.06339124690761214,2.342631148714787
117.0,335.19,-0.34,2.9,5.8,2.3,22.1,487.4,5.5,2.0,10.3,29.3,3.91,1.61,30.1,0.34,0.84,"S,X",0.34,5.412947441089743,5.5,0.1877815066918385,0.06281235938465914,9.958382126887448
118.0,335.28,-0.13,2.9,5.8,13.0,7.0,573.8,5.1,2.1,8.6,20.0,3.52,2.12,7.2,0.3,0.66,"C,X",0.3,4.47213595499958,5.1,0.17485302347345588,0.06708203932499368,8.750206142316243
119.0,334.04,0.0,5.2,4.3,15.2,20.9,766.0,6.2,2.7,11.4,23.1,3.39,2.45,15.3,0.22,0.47,"S,X",0.22,4.806245936279167,6.2,0.2645024508099054,0.04577377082170634,5.156852028491372
121.0,333.61,0.05,4.9,4.5,20.2,37.3,2466.5,2.6,3.1,14.8,21.6,4.77,1.6,3.1,0.4,1.07,X  ,0.4,4.6475800154489,2.6,0.241621952903902,0.08606629658238704,4.3042446578255635
122.0,333.27,0.06,3.6,5.4,21.8,43.7,743.1,4.9,2.3,10.4,27.2,3.96,2.04,29.8,0.23,0.24,X  ,0.23,5.215361924162119,4.9,0.1848537187404629,0.0441004868587238,6.096712620546862
123.0,333.19,-0.07,5.2,4.4,8.5,61.0,1476.0,3.4,2.8,16.1,27.1,2.87,1.51,12.4,0.33,0.31,C  ,0.33,5.205766033928148,3.4,0.2687941258497342,0.06339124690761214,4.1741983626057335
124.0,333.06,0.01,3.6,5.4,18.7,28.0,1107.4,5.3,3.0,17.0,30.8,3.48,2.29,10.8,0.31,0.66,C  ,0.31,5.549774770204643,5.3,0.18871377882675613,0.05585812268712465,8.706306504032831
125.0,332.76,0.0,5.6,4.2,14.3,24.6,1028.1,3.1,2.2,9.6,31.3,9.5,5.85,8.2,0.28,0.29,S  ,0.28,5.594640292279746,3.1,0.27380658025819254,0.05004790037822137,3.1701210364685117
126.0,332.36,-0.06,3.1,5.8,15.9,57.9,834.2,5.0,2.5,8.8,35.5,6.4,1.51,33.6,0.36,0.54,C  ,0.36,5.958187643906492,5.0,0.17150500019539902,0.060421057797361614,10.495320824169701
127.0,331.98,-0.12,3.1,5.8,12.8,25.4,780.4,4.6,2.3,10.2,24.5,6.86,5.21,15.5,0.28,0.31,S  ,0.28,4.949747468305833,4.6,0.17508631633209767,0.05656854249492381,7.356371571362357
128.0,331.64,-0.07,5.3,4.5,8.6,31.8,1435.7,5.7,3.5,16.8,26.4,4.76,2.44,8.7,0.28,0.23,"S,X",0.28,5.138093031466052,5.7,0.26104887750776384,0.054494926091306614,6.113797596975048
129.0,331.69,-0.22,3.1,5.8,7.2,10.5,778.5,3.8,2.1,13.6,21.3,4.05,2.13,5.9,0.25,0.37,C  ,0.25,4.61519230368573,3.8,0.18174642054636014,0.05416892375217994,5.227063053809483
133.0,340.82,-1.01,2.4,6.1,-22.3,8.5,390.9,6.5,2.0,13.4,32.4,6.65,3.61,17.5,0.54,0.87,"S,X",0.54,5.692099788303083,6.5,0.15084177948025926,0.09486832980505139,23.269415224973237
134.0,334.64,0.43,4.0,5.0,47.7,8.9,462.2,3.1,1.5,10.1,21.1,6.92,3.92,9.8,0.45,0.3,"L,X",0.45,4.5934736311423405,3.1,0.1743707623614839,0.09796507744142433,8.000194419681772
136.0,335.34,0.42,3.8,5.1,45.5,4.4,235.3,3.9,1.2,9.7,14.5,7.98,4.81,15.1,0.15,0.15,S  ,0.15,3.8078865529319543,3.9,0.17196295720054505,0.039391929857916765,3.401895440293962
137.0,327.99,-0.07,3.1,6.0,15.7,9.0,591.0,10.7,3.1,12.7,35.4,3.56,1.61,12.8,0.25,1.44,X  ,0.25,5.9497899122574065,10.7,0.16219558113991078,0.042018290340800894,16.49243451147125
138.0,327.73,-0.38,4.2,5.3,-9.8,22.7,814.1,3.0,1.9,16.9,30.6,4.92,2.07,10.6,0.42,1.07,C  ,0.42,5.531726674375733,3.0,0.20605357985689848,0.07592566023652965,6.1149143871950855
140.0,327.15,-0.29,3.5,5.8,1.5,26.6,643.1,5.8,2.4,9.6,27.2,4.77,1.93,24.5,0.31,0.42,"C,X",0.31,5.215361924162119,5.8,0.18878568348537464,0.05943978663567121,9.524027282181557
141.0,326.98,-0.05,3.5,5.8,16.1,19.8,626.5,3.6,1.8,10.1,23.1,3.24,2.26,14.9,0.41,0.63,"C,X",0.41,4.806245936279167,3.6,0.17127647924296174,0.08530566380408909,8.617645613244079
142.0,326.8,-0.11,3.5,5.8,12.5,7.8,719.2,5.3,2.4,12.9,26.1,3.2,1.94,5.8,0.34,0.74,C  ,0.34,5.10881590977792,5.3,0.17543683937095975,0.06655162487833306,10.271502875115562
143.0,326.83,-0.55,3.5,5.8,-14.3,5.5,238.8,5.3,1.4,17.2,29.5,2.54,1.97,21.5,0.15,0.33,X  ,0.15,5.431390245600108,5.3,0.17334417837634758,0.027617238536949702,4.586251510990898
144.0,326.66,0.6,1.8,6.9,40.7,15.4,409.7,5.3,1.8,13.7,34.0,5.52,2.31,26.7,0.55,0.92,"S,X",0.55,5.830951894845301,5.3,0.10616488179451894,0.09432422182837986,27.457290496889105
145.0,326.46,0.85,1.8,6.9,48.7,5.8,221.1,5.0,1.3,13.3,36.7,7.02,2.66,24.3,0.49,0.62,"S,X",0.49,6.058052492344384,5.0,0.10065109596379743,0.08088407959805853,24.341513388798326
146.0,345.24,1.04,2.4,6.1,63.4,7.8,548.7,3.8,1.8,16.3,41.5,7.16,4.08,7.4,0.52,0.88,"S,X",0.52,6.442049363362563,3.8,0.11468984322826986,0.08071965467345861,17.229075778463844
149.0,323.88,0.03,10.0,5.9,14.0,62.5,1015.2,1.5,1.5,12.1,25.9,5.23,2.69,14.7,0.36,0.17,S  ,0.36,5.089204259999788,1.5,0.16879883153206943,0.07073797427026735,3.1990742773441982
151.0,321.07,-0.52,9.3,5.9,-73.1,53.8,1207.8,0.8,1.2,18.5,30.2,3.76,3.2,6.9,0.46,0.24,"C,X",0.46,5.495452665613635,0.8,0.11383017673229841,0.08370557040338648,3.2328861341000006
152.0,320.28,-0.3,8.6,5.8,-32.3,61.0,1309.4,1.1,1.5,16.6,31.8,10.21,3.76,8.5,0.45,0.22,S  ,0.45,5.639148871948674,1.1,0.15374249438792703,0.07979927648983973,3.219669369686453
153.0,320.4,0.13,12.5,8.1,35.1,81.6,1944.9,0.6,1.4,12.1,30.8,3.33,2.63,4.7,0.55,0.27,C  ,0.55,5.549774770204643,0.6,0.07821563508355989,0.09910312089651149,4.219105293301679
154.0,320.17,0.83,2.4,6.7,56.0,4.7,350.8,3.5,1.4,14.1,33.5,2.67,1.75,8.3,0.62,0.84,"C,X",0.62,5.787918451395113,3.5,0.1015078597417439,0.10711968477208865,21.377654947320433
155.0,317.66,0.1,2.8,6.6,26.1,17.6,1416.6,15.0,5.7,11.6,23.5,3.59,3.08,7.9,0.4,0.38,C  ,0.4,4.847679857416329,15.0,0.12749039051748903,0.08251369970070348,47.06237054922916
156.0,316.77,-0.02,2.5,6.7,20.6,48.3,1898.4,14.7,6.5,14.6,29.4,5.5,2.55,13.9,0.51,0.8,"X,H",0.51,5.422176684690384,14.7,0.12852664428501895,0.09405816697932298,58.33031774621575
157.0,314.23,0.3,4.2,6.2,41.9,14.1,545.2,4.1,1.8,14.0,32.8,5.09,3.7,13.9,0.35,0.53,L  ,0.35,5.727128425310541,4.1,0.12863685720748233,0.06111265087983809,11.155434228974082
159.0,309.92,0.39,5.5,6.4,56.4,27.3,793.4,1.7,1.4,16.7,35.1,4.58,3.04,9.8,0.31,0.13,"L,X",0.31,5.92452529743945,1.7,0.11029778565611052,0.05232486729932277,4.777974434075179
160.0,309.15,-0.3,3.5,6.7,2.6,16.2,740.9,9.2,3.2,10.4,19.4,4.08,2.56,15.3,0.24,0.39,"C,X",0.24,4.404543109109048,9.2,0.14491338677542123,0.05448919310237997,15.23668757684779
161.0,305.55,-0.01,3.8,6.9,20.8,15.4,631.3,2.7,1.6,17.7,30.0,7.14,2.8,9.8,0.45,0.52,C  ,0.45,5.477225575051661,2.7,0.1212264205102026,0.08215838362577492,10.02256764562098
162.0,305.22,0.0,3.8,6.9,21.3,29.3,722.2,2.3,1.6,12.3,42.1,4.94,2.7,14.4,0.55,0.69,"S,X",0.55,6.488451279003334,2.3,0.12082300517426114,0.08476599058080365,10.469860422487505
,5.37,-1.23,1.3,1.3,-99.0,1.7,162.0,0.6,0.9,8.5,14.5,2.09,1.51,2.9,0.14,0.06,-  ,0.14,3.8078865529319543,0.6,0.3564973147448832,0.036765801200722315,0.2356258982206139
,354.64,1.43,19.7,11.6,81.8,525.0,7324.3,21.4,6.5,22.1,53.0,26.81,11.36,133.4,0.62,1.75,-  ,0.62,7.280109889280518,21.4,0.021076026956559513,0.0851635496481872,629.5304151653966
,320.4,-0.07,4.2,5.4,11.1,31.8,1070.3,4.0,2.5,13.3,28.0,4.91,2.63,10.2,0.31,0.47,-  ,0.31,5.291502622129181,4.0,0.19852164482556434,0.05858449331643022,6.246170290849418
,202.39,-0.07,5.3,5.2,10.3,65.0,1443.8,5.0,2.7,13.5,29.4,6.18,3.21,14.6,0.35,0.53,-  ,0.35,5.422176684690384,5.0,0.2113201593998074,0.06454972243679027,8.281273329389677
,155.33,0.36,3.3,1.4,26.1,89.2,1174.6,3.7,1.1,2.8,7.2,3.65,1.8,15.3,0.09,0.32,-  ,0.09,2.6832815729997477,3.7,0.5632678551220046,0.03354101966249684,0.5911929767905391
,359.72,0.49,1.3,0.2,-0.6,2.8,2.1,1.6,1.0,0.4,0.8,2.31,2.07,4.3,0.15,0.89,-  ,0.15,0.8944271909999159,1.6,0.9406888460558217,0.16770509831248423,0.255132184256555
,358.1,2.2,1.6,2.3,2.9,8.4,5.6,3.4,0.7,-0.5,1.0,7.45,4.85,24.8,-0.5,0.67,-  ,0.001,1.0,3.4,0.5084053632368141,0.001,0.006687576972739934
