Name,RAJ2000,DEJ2000,DM,DMeNE2001,DMeYMW16,DM_excess_extragalactic,ang_sep_to_nearest_PSZ2_deg,nearest_PSZ2_name
FRB20190131D,57.46,22.75,642.1,574.6,569.1,73.0,1.7824491083104432,PSZ2 G166.27-24.71
FRB20190131D,57.46,22.75,642.1,574.6,569.1,73.0,1.7824491083104432,PSZ2 G166.27-24.71
FRB20181117C,53.21,25.73,1776.0,1707.6,1705.2,70.79999999999995,2.1359523186817575,PSZ2 G163.22-26.48
FRB20190118B,39.71,23.57,666.4,620.7,627.3,39.10000000000002,3.8356627351032677,PSZ2 G157.07-33.63
FRB20190213A,31.72,20.08,650.2,608.0,616.6,33.60000000000002,3.648647334816614,PSZ2 G149.39-36.84
FRB20190515C,31.72,20.08,653.5,609.3,617.9,35.60000000000002,3.648647334816614,PSZ2 G149.39-36.84
FRB20181231A,29.71,20.96,1376.5,1333.7,1342.5,34.0,3.9508811350558495,PSZ2 G138.32-39.82
FRB20181203A,33.6,23.57,635.7,589.2,597.3,38.40000000000009,1.3318151783873746,PSZ2 G144.84-35.16
FRB20190129A,45.06,21.42,478.8,432.7,437.8,41.0,2.007251634007571,PSZ2 G157.07-33.63
FRB20181203B,47.31,24.02,373.6,318.7,321.5,52.10000000000002,2.307043141788761,PSZ2 G161.73-28.58
FRB20190125A,45.73,27.81,562.9,504.3,506.4,56.5,1.7113965106892886,PSZ2 G157.32-26.77
FRB20190403F,43.34,33.14,666.4,596.8,597.5,68.89999999999998,4.000460857655856,PSZ2 G147.14-20.56
FRB20190422A,48.56,35.15,452.9,372.8,367.0,85.89999999999998,5.5602779385000325,PSZ2 G150.64-14.21
FRB20190422A,48.56,35.15,452.9,372.8,367.0,85.89999999999998,5.5602779385000325,PSZ2 G150.64-14.21
FRB20190422A,48.56,35.15,452.9,372.8,367.0,85.89999999999998,5.5602779385000325,PSZ2 G150.64-14.21
FRB20190226A,58.83,31.93,600.1,510.3,494.4,105.70000000000005,2.3025178926619154,PSZ2 G164.85-16.55
FRB20190104A,70.5,35.59,548.3,397.9,346.9,201.39999999999998,9.719114785584532,PSZ2 G164.85-16.55
FRB20190104A,70.5,35.59,548.3,397.9,346.9,201.39999999999998,9.719114785584532,PSZ2 G164.85-16.55
FRB20181018C,67.15,37.57,409.2,265.0,220.7,188.5,8.976764444983138,PSZ2 G164.85-16.55
FRB20190529A,68.06,40.32,703.6,539.0,482.8,220.8,11.629585220038312,PSZ2 G164.85-16.55
FRB20190415C,74.81,34.8,648.6,481.7,413.8,234.8,12.649646490895185,PSZ2 G164.85-16.55
FRB20190317A,87.44,44.66,1156.5,1019.3,964.1,192.39999999999998,1.516925230081965,PSZ2 G165.39+09.22
FRB20181214A,70.0,43.07,467.5,283.9,206.0,261.5,11.833345091980982,PSZ2 G164.29+08.94
FRB20190613B,65.75,42.67,286.3,116.3,60.3,226.0,12.403794969108317,PSZ2 G150.64-14.21
FRB20190213C,64.26,45.0,357.5,181.1,120.3,237.2,11.747024862208193,PSZ2 G150.64-14.21
FRB20190323D,56.88,46.93,760.2,601.3,558.1,202.10000000000002,8.103193017189932,PSZ2 G143.70-08.59
FRB20190110A,64.95,47.44,470.7,284.2,206.6,264.1,13.067977948019012,PSZ2 G150.64-14.21
FRB20190604C,77.39,49.3,504.7,351.7,270.9,233.8,6.1100092308758684,PSZ2 G164.29+08.94
FRB20180729B,89.93,56.5,318.6,223.2,198.8,119.80000000000001,2.196207364694203,PSZ2 G156.88+13.48
FRB20190612C,79.12,61.01,1638.5,1533.8,1498.3,140.20000000000005,2.304020268279979,PSZ2 G151.90+11.63
FRB20190421B,82.49,62.31,393.1,295.8,269.3,123.80000000000001,3.441462894441921,PSZ2 G146.88+17.13
FRB20190102B,21.66,21.39,367.2,326.1,335.2,32.0,1.695780566926743,PSZ2 G132.54-42.16
FRB20190607A,26.23,23.66,559.7,518.5,527.4,32.30000000000007,2.226859057113177,PSZ2 G138.32-39.82
FRB20190128A,21.8,24.67,695.5,652.5,661.6,33.89999999999998,4.638561356354908,PSZ2 G138.32-39.82
FRB20190601B,17.88,23.82,789.3,745.9,754.7,34.59999999999991,2.1080509562353136,PSZ2 G126.61-37.63
FRB20190217B,22.58,26.95,847.6,800.4,809.2,38.39999999999998,5.006909579849846,PSZ2 G127.44-34.74
FRB20190605D,26.72,28.62,1653.1,1607.7,1615.9,37.19999999999982,3.07536830716719,PSZ2 G141.05-32.61
FRB20190226C,17.46,26.76,826.5,783.3,792.2,34.299999999999955,1.2701016912821743,PSZ2 G127.44-34.74
FRB20190619C,38.29,36.33,486.9,419.0,420.4,66.5,2.4724957550363786,PSZ2 G144.99-24.64
FRB20180924A,35.46,37.52,1114.5,1047.3,1049.0,65.5,3.763971248963209,PSZ2 G144.99-24.64
FRB20190628C,11.52,48.59,1740.4,1649.6,1647.2,93.20000000000005,3.5339242868384084,PSZ2 G118.56-13.14
FRB20190106A,22.19,46.12,341.3,251.2,249.5,91.80000000000001,0.8926117971643004,PSZ2 G130.13-17.02
FRB20181018A,17.03,51.55,1132.2,1008.5,999.7,132.5,1.832663183946826,PSZ2 G127.35-10.69
FRB20190116E,19.36,52.32,1489.7,1362.6,1350.8,138.9000000000001,0.5154719727004905,PSZ2 G127.35-10.69
FRB20181101A,21.26,53.88,1468.7,1327.8,1311.1,157.60000000000014,2.1029846841274176,PSZ2 G127.35-10.69
FRB20190415B,8.86,54.85,711.7,567.6,553.4,158.30000000000007,3.7793179458994923,PSZ2 G123.55-10.36
FRB20181119E,16.36,60.53,1169.5,949.5,893.6,275.9,6.41983289431836,PSZ2 G125.37-08.67
FRB20181224B,45.36,46.14,779.6,659.7,640.3,139.30000000000007,1.6536190684531666,PSZ2 G145.92-12.53
FRB20190607B,42.02,49.62,289.5,151.1,127.6,161.9,2.1435069879585944,PSZ2 G143.70-08.59
FRB20190124A,50.46,51.58,1274.6,1099.3,1051.9,222.69999999999982,4.259857054369983,PSZ2 G143.70-08.59
FRB20190115A,45.61,54.28,1020.6,835.3,784.3,236.30000000000007,5.296704439998691,PSZ2 G143.70-08.59
FRB20190325C,53.85,60.17,799.0,609.4,499.6,299.4,10.681432105018166,PSZ2 G141.77+14.19
FRB20181014A,46.01,63.33,1311.8,1128.2,1014.9,296.9,10.988348341670276,PSZ2 G141.77+14.19
FRB20181122A,60.04,55.48,661.6,466.7,364.1,297.5,10.676072064748256,PSZ2 G151.90+11.63
FRB20190530A,68.74,60.59,554.8,416.2,353.1,201.69999999999993,5.437287796282122,PSZ2 G151.90+11.63
FRB20190320A,61.6,63.36,613.0,470.2,400.3,212.7,5.989556470430956,PSZ2 G141.77+14.19
FRB20181128A,73.92,63.22,446.4,338.0,298.4,148.0,4.834801512412759,PSZ2 G146.88+17.13
FRB20181128A,73.92,63.22,446.4,338.0,298.4,148.0,4.834801512412759,PSZ2 G146.88+17.13
FRB20181219A,73.92,63.22,449.7,339.4,299.8,149.89999999999998,4.834801512412759,PSZ2 G146.88+17.13
FRB20190527B,73.92,63.22,449.7,337.4,297.9,151.8,4.834801512412759,PSZ2 G146.88+17.13
FRB20190116D,85.1,68.68,1161.4,1085.5,1072.0,89.40000000000009,3.020143470545922,PSZ2 G146.88+17.13
FRB20190211A,67.06,68.64,1188.9,1084.4,1050.5,138.4000000000001,1.2670447294851168,PSZ2 G141.77+14.19
FRB20180814A,65.54,73.63,190.9,101.5,80.9,110.0,5.4842359737425985,PSZ2 G131.19+14.48
FRB20180911C,65.54,73.63,190.9,102.0,81.5,109.4,5.4842359737425985,PSZ2 G131.19+14.48
FRB20180917A,65.54,73.63,194.1,102.1,81.5,112.6,5.4842359737425985,PSZ2 G131.19+14.48
FRB20180917A,65.54,73.63,194.1,102.1,81.5,112.6,5.4842359737425985,PSZ2 G131.19+14.48
FRB20180917A,65.54,73.63,194.1,102.1,81.5,112.6,5.4842359737425985,PSZ2 G131.19+14.48
FRB20180919A,65.54,73.63,190.9,101.0,80.5,110.4,5.4842359737425985,PSZ2 G131.19+14.48
FRB20181028A,65.54,73.63,181.2,101.3,80.7,100.49999999999999,5.4842359737425985,PSZ2 G131.19+14.48
FRB20181028A,65.54,73.63,181.2,101.3,80.7,100.49999999999999,5.4842359737425985,PSZ2 G131.19+14.48
FRB20181028A,65.54,73.63,181.2,101.3,80.7,100.49999999999999,5.4842359737425985,PSZ2 G131.19+14.48
FRB20181028A,65.54,73.63,181.2,101.3,80.7,100.49999999999999,5.4842359737425985,PSZ2 G131.19+14.48
FRB20181028A,65.54,73.63,181.2,101.3,80.7,100.49999999999999,5.4842359737425985,PSZ2 G131.19+14.48
FRB20181118C,65.54,73.63,187.6,102.4,81.8,105.8,5.4842359737425985,PSZ2 G131.19+14.48
FRB20181120C,65.54,73.63,190.9,103.9,83.3,107.60000000000001,5.4842359737425985,PSZ2 G131.19+14.48
FRB20190329A,65.54,73.63,189.2,100.8,80.2,108.99999999999999,5.4842359737425985,PSZ2 G131.19+14.48
FRB20190517B,65.54,73.63,187.6,103.9,83.4,104.19999999999999,5.4842359737425985,PSZ2 G131.19+14.48
FRB20190611A,65.54,73.63,187.6,102.6,82.1,105.5,5.4842359737425985,PSZ2 G131.19+14.48
FRB20190611A,65.54,73.63,187.6,102.6,82.1,105.5,5.4842359737425985,PSZ2 G131.19+14.48
FRB20190625E,65.54,73.63,187.6,100.7,80.2,107.39999999999999,5.4842359737425985,PSZ2 G131.19+14.48
FRB20190625E,65.54,73.63,187.6,100.7,80.2,107.39999999999999,5.4842359737425985,PSZ2 G131.19+14.48
FRB20190625E,65.54,73.63,187.6,100.7,80.2,107.39999999999999,5.4842359737425985,PSZ2 G131.19+14.48
FRB20190626A,65.54,73.63,194.1,101.5,80.7,113.39999999999999,5.4842359737425985,PSZ2 G131.19+14.48
FRB20190301B,69.5,74.08,619.5,538.5,521.9,97.60000000000002,5.895318125787029,PSZ2 G141.77+14.19
FRB20190329B,87.9,76.27,406.0,340.1,336.0,70.0,2.4820431998296177,PSZ2 G139.62+24.18
FRB20190221D,24.81,60.93,473.9,284.2,183.3,290.59999999999997,7.991560108154356,PSZ2 G125.37-08.67
FRB20190302A,34.8,61.34,1009.3,813.5,722.0,287.29999999999995,11.066695075078025,PSZ2 G137.51-09.98
FRB20181019B,37.87,68.18,723.0,565.4,473.2,249.8,7.440029928604671,PSZ2 G131.19+14.48
FRB20180916B,29.5031258,65.7167542,347.8,150.4,24.5,323.3,10.863448714366596,PSZ2 G131.19+14.48
FRB20181019A,29.5031258,65.7167542,346.1,149.8,23.9,322.20000000000005,10.863448714366596,PSZ2 G131.19+14.48
FRB20181019A,29.5031258,65.7167542,346.1,149.8,23.9,322.20000000000005,10.863448714366596,PSZ2 G131.19+14.48
FRB20181104A,29.5031258,65.7167542,347.8,150.5,24.6,323.2,10.863448714366596,PSZ2 G131.19+14.48
FRB20181104B,29.5031258,65.7167542,342.9,151.2,25.3,317.59999999999997,10.863448714366596,PSZ2 G131.19+14.48
FRB20181120B,29.5031258,65.7167542,351.0,150.8,24.9,326.1,10.863448714366596,PSZ2 G131.19+14.48
FRB20181222A,29.5031258,65.7167542,349.4,149.8,23.9,325.5,10.863448714366596,PSZ2 G131.19+14.48
FRB20181222A,29.5031258,65.7167542,349.4,149.8,23.9,325.5,10.863448714366596,PSZ2 G131.19+14.48
FRB20181222A,29.5031258,65.7167542,349.4,149.8,23.9,325.5,10.863448714366596,PSZ2 G131.19+14.48
FRB20181222A,29.5031258,65.7167542,349.4,149.8,23.9,325.5,10.863448714366596,PSZ2 G131.19+14.48
FRB20181223A,29.5031258,65.7167542,352.6,150.8,24.9,327.70000000000005,10.863448714366596,PSZ2 G131.19+14.48
FRB20181223A,29.5031258,65.7167542,352.6,150.8,24.9,327.70000000000005,10.863448714366596,PSZ2 G131.19+14.48
FRB20181225A,29.5031258,65.7167542,346.1,150.7,24.8,321.3,10.863448714366596,PSZ2 G131.19+14.48
FRB20181226A,29.5031258,65.7167542,347.8,150.1,24.2,323.6,10.863448714366596,PSZ2 G131.19+14.48
FRB20181226A,29.5031258,65.7167542,347.8,150.1,24.2,323.6,10.863448714366596,PSZ2 G131.19+14.48
FRB20190126A,29.5031258,65.7167542,351.0,151.1,25.1,325.9,10.863448714366596,PSZ2 G131.19+14.48
FRB20190518A,29.5031258,65.7167542,351.0,150.7,24.8,326.2,10.863448714366596,PSZ2 G131.19+14.48
FRB20190518E,29.5031258,65.7167542,351.0,151.1,25.1,325.9,10.863448714366596,PSZ2 G131.19+14.48
FRB20190519A,29.5031258,65.7167542,346.1,149.8,23.9,322.20000000000005,10.863448714366596,PSZ2 G131.19+14.48
FRB20190519A,29.5031258,65.7167542,346.1,149.8,23.9,322.20000000000005,10.863448714366596,PSZ2 G131.19+14.48
FRB20190519B,29.5031258,65.7167542,349.4,150.3,24.4,325.0,10.863448714366596,PSZ2 G131.19+14.48
FRB20190519B,29.5031258,65.7167542,349.4,150.3,24.4,325.0,10.863448714366596,PSZ2 G131.19+14.48
FRB20190519B,29.5031258,65.7167542,349.4,150.3,24.4,325.0,10.863448714366596,PSZ2 G131.19+14.48
FRB20190519B,29.5031258,65.7167542,349.4,150.3,24.4,325.0,10.863448714366596,PSZ2 G131.19+14.48
FRB20190519C,29.5031258,65.7167542,346.1,150.1,24.2,321.90000000000003,10.863448714366596,PSZ2 G131.19+14.48
FRB20190603A,29.5031258,65.7167542,347.8,150.6,24.7,323.1,10.863448714366596,PSZ2 G131.19+14.48
FRB20190604F,29.5031258,65.7167542,352.6,149.8,23.9,328.70000000000005,10.863448714366596,PSZ2 G131.19+14.48
FRB20190604F,29.5031258,65.7167542,352.6,149.8,23.9,328.70000000000005,10.863448714366596,PSZ2 G131.19+14.48
FRB20190604F,29.5031258,65.7167542,352.6,149.8,23.9,328.70000000000005,10.863448714366596,PSZ2 G131.19+14.48
FRB20190605A,29.5031258,65.7167542,352.6,150.9,25.0,327.6,10.863448714366596,PSZ2 G131.19+14.48
FRB20190605B,29.5031258,65.7167542,349.4,149.8,23.9,325.5,10.863448714366596,PSZ2 G131.19+14.48
FRB20190605B,29.5031258,65.7167542,349.4,149.8,23.9,325.5,10.863448714366596,PSZ2 G131.19+14.48
FRB20190605B,29.5031258,65.7167542,349.4,149.8,23.9,325.5,10.863448714366596,PSZ2 G131.19+14.48
FRB20181218B,18.04,69.39,752.1,583.8,477.1,275.0,8.998106639674107,PSZ2 G117.11+11.48
FRB20181218A,5.06,71.35,1873.1,1727.2,1646.0,227.0999999999999,4.324989848565296,PSZ2 G117.11+11.48
FRB20190417C,45.68,71.26,318.6,198.2,146.8,171.8,3.9399623189671646,PSZ2 G131.19+14.48
FRB20190603B,48.87,74.28,503.0,404.0,372.3,130.7,1.212218970343308,PSZ2 G131.19+14.48
FRB20180907C,41.72,77.07,638.9,546.8,522.9,116.0,1.2501965142651033,PSZ2 G129.78+16.85
FRB20180925A,74.93,77.99,236.2,167.1,159.0,77.19999999999999,5.833556126685506,PSZ2 G139.62+24.18
FRB20190601D,85.86,79.35,669.6,604.6,602.3,67.30000000000007,5.133202302765477,PSZ2 G139.62+24.18
FRB20181117B,81.09,79.99,540.2,473.2,470.1,70.10000000000002,6.141014054662672,PSZ2 G139.62+24.18
FRB20181117B,81.09,79.99,540.2,473.2,470.1,70.10000000000002,6.141014054662672,PSZ2 G139.62+24.18
FRB20190128C,69.8,78.94,304.1,239.3,230.4,73.70000000000002,4.855674496739978,PSZ2 G129.78+16.85
FRB20190630C,68.38,80.95,1659.6,1592.3,1586.9,72.69999999999982,5.052263599977458,PSZ2 G129.78+16.85
FRB20190115B,76.82,82.06,748.9,684.5,682.3,66.60000000000002,4.357066902124614,PSZ2 G127.01+26.21
FRB20190328C,73.83,81.96,470.7,408.2,405.3,65.39999999999998,4.542384592845395,PSZ2 G127.01+26.21
FRB20181227A,31.79,78.38,791.0,702.2,680.5,110.5,2.929781098439,PSZ2 G129.78+16.85
FRB20181230B,20.83,79.7,1135.5,1052.4,1034.9,100.59999999999991,5.132298530713968,PSZ2 G129.78+16.85
FRB20180812A,19.33,80.78,795.8,722.1,708.4,87.39999999999998,5.607568992284236,PSZ2 G129.78+16.85
FRB20190206B,49.76,79.5,355.8,274.0,261.0,94.80000000000001,1.741603173960615,PSZ2 G129.78+16.85
FRB20190228B,50.01,81.94,1125.8,1043.9,1035.6,90.20000000000005,4.073172195711042,PSZ2 G129.78+16.85
FRB20190224A,60.53,83.39,821.7,752.9,749.5,72.20000000000005,3.7996908293152556,PSZ2 G127.01+26.21
FRB20190411A,80.0,83.89,461.0,399.8,399.5,61.5,2.4871493284910167,PSZ2 G127.01+26.21
FRB20190201A,64.03,84.84,241.0,179.6,178.5,62.5,2.4084698481340863,PSZ2 G127.01+26.21
FRB20190107B,33.45,83.4,166.6,96.1,89.6,77.0,4.267990115016308,PSZ2 G124.11+25.02
FRB20190308B,38.59,83.62,179.5,111.5,106.0,73.5,4.025240500409069,PSZ2 G124.11+25.02
FRB20190308B,38.59,83.62,179.5,111.5,106.0,73.5,4.025240500409069,PSZ2 G124.11+25.02
FRB20190423D,29.69,84.8,498.2,430.3,426.7,71.5,2.912887218475311,PSZ2 G124.11+25.02
FRB20190430A,77.7,87.01,349.4,281.4,282.8,66.59999999999997,1.0435295357567362,PSZ2 G127.01+26.21
FRB20181222E,50.64,86.97,328.4,268.1,268.2,60.19999999999999,0.7607271609086,PSZ2 G124.56+25.38
FRB20181222E,50.64,86.97,328.4,268.1,268.2,60.19999999999999,0.7607271609086,PSZ2 G124.56+25.38
FRB20180730A,57.39,87.19,849.2,789.7,790.5,58.700000000000045,0.5643396580711947,PSZ2 G124.56+25.38
FRB20190223A,64.72,87.65,389.8,331.1,332.5,57.30000000000001,0.4726011606947628,PSZ2 G124.56+25.38
FRB20181225B,36.77,88.2,299.2,241.0,242.3,56.89999999999998,0.2905439336273459,PSZ2 G123.84+25.75
FRB20190320E,76.64,89.16,299.2,243.3,245.7,53.5,1.0021293733711567,PSZ2 G123.84+25.75
FRB20190403B,135.47,1.46,291.1,238.4,244.5,46.60000000000002,1.9816617216031034,PSZ2 G225.48+29.41
FRB20181030E,135.67,8.89,158.5,109.8,113.7,44.8,2.6324448290222224,PSZ2 G218.81+35.51
FRB20190630D,143.36,8.9,321.9,279.8,287.3,34.599999999999966,2.1550669152333044,PSZ2 G225.84+41.84
FRB20190221A,132.6,9.9,224.8,170.9,172.7,52.10000000000002,4.736299832855974,PSZ2 G218.81+35.51
FRB20180906A,141.48,14.29,383.3,340.0,346.5,36.80000000000001,0.45154436527351904,PSZ2 G217.09+40.15
FRB20180925B,145.45,20.99,668.0,628.2,637.4,30.600000000000023,3.2530382270858227,PSZ2 G209.53+43.32
FRB20181226D,120.22,22.16,386.6,320.4,306.2,80.40000000000003,2.9422494804033112,PSZ2 G200.82+27.42
FRB20190224C,124.05,19.78,495.0,437.5,429.2,65.80000000000001,2.3693533936446722,PSZ2 G200.82+27.42
FRB20190128B,127.44,23.29,247.5,191.0,190.8,56.69999999999999,0.8986349015454206,PSZ2 G201.54+30.62
FRB20190617C,134.37,35.7,637.3,594.8,602.9,34.39999999999998,1.5307957774113765,PSZ2 G186.99+38.65
FRB20190411B,154.03,29.23,1227.7,1194.3,1207.0,20.700000000000045,2.468528447238136,PSZ2 G199.61+53.41
FRB20181128B,157.22,38.28,454.5,423.0,435.9,18.600000000000023,2.431313948488864,PSZ2 G182.59+55.83
FRB20190301C,171.83,34.93,805.5,782.4,790.7,14.799999999999955,4.579824657085556,PSZ2 G190.61+66.46
FRB20190416B,172.19,35.95,574.2,554.8,563.5,10.700000000000045,4.403907411359849,PSZ2 G168.33+69.73
FRB20181214D,178.57,46.71,1171.1,1151.3,1157.5,13.599999999999909,3.1790989074474396,PSZ2 G143.26+65.24
FRB20190402A,178.61,47.1,1287.5,1265.3,1271.7,15.799999999999955,2.796313168136689,PSZ2 G143.26+65.24
FRB20190519E,168.28,41.65,693.9,666.3,677.3,16.600000000000023,0.8418222679106915,PSZ2 G172.74+65.30
FRB20190519D,164.57,42.99,538.6,509.3,521.1,17.5,3.270215650497092,PSZ2 G172.74+65.30
FRB20180907E,167.88,47.09,381.7,352.9,363.3,18.399999999999977,3.2320940624015755,PSZ2 G156.26+59.64
FRB20180923D,169.08,48.75,328.4,298.7,308.7,19.69999999999999,1.998068097187912,PSZ2 G156.26+59.64
FRB20181125A,147.94,33.93,278.2,234.2,247.6,30.599999999999994,3.722517751888712,PSZ2 G194.98+54.12
FRB20181125A,147.94,33.93,278.2,234.2,247.6,30.599999999999994,3.722517751888712,PSZ2 G194.98+54.12
FRB20181125A,147.94,33.93,278.2,234.2,247.6,30.599999999999994,3.722517751888712,PSZ2 G194.98+54.12
FRB20190416A,144.99,33.3,2287.1,2248.1,2260.7,26.40000000000009,4.86078138223617,PSZ2 G198.46+46.01
FRB20181013C,146.07,34.1,1004.5,967.2,980.1,24.399999999999977,5.193556277953067,PSZ2 G194.98+54.12
FRB20190404A,143.1,36.9,1353.8,1313.6,1326.5,27.299999999999955,3.9421472086651828,PSZ2 G184.24+43.69
FRB20181214B,138.79,42.15,1120.9,1078.7,1090.2,30.700000000000045,1.8362713048635422,PSZ2 G178.00+42.32
FRB20181229A,137.18,42.01,955.9,912.6,923.4,32.5,1.1838626432078767,PSZ2 G178.00+42.32
FRB20181117A,147.73,52.51,960.8,921.2,932.6,28.199999999999932,0.685355349725493,PSZ2 G163.87+48.54
FRB20190422B,158.27,45.67,975.4,943.3,955.7,19.699999999999932,3.8043697024390073,PSZ2 G165.06+54.13
FRB20190423A,179.68,55.25,244.2,211.0,220.2,24.0,1.027964406370969,PSZ2 G136.92+59.46
FRB20190423A,179.68,55.25,244.2,211.0,220.2,24.0,1.027964406370969,PSZ2 G136.92+59.46
FRB20181214C,175.93,60.02,632.4,599.5,608.6,23.799999999999955,0.9026091430966106,PSZ2 G136.31+54.67
FRB20190502A,165.01,59.95,626.0,590.8,600.6,25.399999999999977,1.2238704261820839,PSZ2 G145.25+50.84
FRB20181124A,175.98,63.52,1108.0,1074.1,1083.0,25.0,1.4260788365298984,PSZ2 G134.59+53.38
FRB20190417B,174.87,64.72,1151.7,1126.2,1135.1,16.600000000000136,0.8609235788519364,PSZ2 G133.59+50.68
FRB20190202B,114.32,32.45,464.2,394.8,379.4,84.80000000000001,1.3458312747387133,PSZ2 G187.53+21.92
FRB20190323A,112.37,34.46,855.7,784.7,768.7,87.0,2.893070648765631,PSZ2 G187.53+21.92
FRB20190317C,125.82,32.07,601.7,544.7,543.8,57.90000000000009,2.029149445282144,PSZ2 G192.77+33.14
FRB20181014C,117.87,41.59,752.1,692.3,689.1,63.0,3.601877463431525,PSZ2 G180.88+31.04
FRB20190619D,114.79,41.59,375.3,314.5,308.3,67.0,2.3848151858663957,PSZ2 G175.89+24.24
FRB20180810A,101.47,34.86,415.7,310.2,274.7,141.0,3.8905996567760712,PSZ2 G183.92+16.36
FRB20190219A,105.78,43.13,655.1,578.4,562.1,93.0,1.4663915152824307,PSZ2 G172.93+21.34
FRB20180916C,107.15,45.08,2248.3,2179.0,2166.8,81.5,0.7625700179338607,PSZ2 G172.93+21.34
FRB20181215A,93.38,39.34,412.5,284.1,235.7,176.8,3.47314586422249,PSZ2 G170.22+09.74
FRB20190217A,94.88,43.11,797.4,687.4,650.5,146.89999999999998,3.097417142824914,PSZ2 G170.22+09.74
FRB20190609D,115.94,51.69,509.5,454.2,454.3,55.19999999999999,2.3893167276458342,PSZ2 G165.76+31.15
FRB20190322A,110.75,51.3,1054.6,996.5,993.0,61.59999999999991,0.8672023302797762,PSZ2 G165.41+25.93
FRB20190227A,108.41,56.34,393.1,330.6,327.8,65.30000000000001,1.2526612729899238,PSZ2 G161.39+26.27
FRB20190420A,106.55,55.96,609.8,543.4,538.7,71.09999999999991,1.7096747938519539,PSZ2 G162.33+25.03
FRB20190317B,101.01,49.73,425.4,343.7,326.5,98.89999999999998,2.1790234769939207,PSZ2 G167.67+17.63
FRB20181013B,97.18,52.04,284.7,191.7,173.0,111.69999999999999,4.276256609363437,PSZ2 G165.12+14.05
FRB20190527C,100.22,57.0,535.4,461.6,451.3,84.09999999999997,0.7493729615513237,PSZ2 G157.82+21.28
FRB20190110B,131.68,50.16,486.9,440.6,449.3,37.599999999999966,1.7934346098479528,PSZ2 G170.98+39.45
FRB20190212B,139.99,52.11,600.1,559.0,569.8,30.300000000000068,0.42903465817517544,PSZ2 G165.68+44.01
FRB20181115A,142.98,56.4,981.8,941.6,951.8,30.0,1.4641244725469207,PSZ2 G160.94+44.85
FRB20180909A,123.63,56.76,407.6,358.8,364.5,43.10000000000002,2.3084930440499036,PSZ2 G163.61+34.30
FRB20181231B,128.77,55.99,199.0,150.3,157.9,41.099999999999994,2.7333119425215555,PSZ2 G163.61+34.30
FRB20190701E,138.57,61.71,888.0,848.1,857.0,31.0,0.683104405039176,PSZ2 G154.13+40.19
FRB20190203B,130.64,61.89,580.7,536.4,544.0,36.700000000000045,0.5286778286133943,PSZ2 G153.68+36.96
FRB20190204A,161.33,61.53,448.0,413.5,423.3,24.69999999999999,1.183211670208452,PSZ2 G145.25+50.84
FRB20190424A,168.3,63.78,758.6,723.2,732.4,26.200000000000045,0.9360601060968442,PSZ2 G139.00+50.92
FRB20190212D,178.83,66.72,1145.2,1104.4,1113.0,32.200000000000045,1.847253761800289,PSZ2 G133.59+50.68
FRB20190619A,165.18,68.37,897.7,862.3,871.1,26.600000000000023,3.559244043553941,PSZ2 G132.29+44.51
FRB20190303D,179.57,70.84,710.1,674.1,682.3,27.800000000000068,1.067747699904355,PSZ2 G127.86+45.05
FRB20190612A,148.16,70.42,427.0,390.6,398.9,28.100000000000023,1.5560983188940871,PSZ2 G138.97+40.56
FRB20190624A,168.32,69.78,973.7,936.0,944.7,29.0,1.758488493747482,PSZ2 G132.29+44.51
FRB20190326A,161.9,74.22,283.1,242.6,250.5,32.60000000000002,3.81358882682827,PSZ2 G130.64+37.16
FRB20181030A,158.35,73.79,101.9,62.3,70.3,31.60000000000001,3.206723148892591,PSZ2 G138.97+40.56
FRB20181030B,158.35,73.79,101.9,62.5,70.5,31.400000000000006,3.206723148892591,PSZ2 G138.97+40.56
FRB20190201B,118.2,55.58,748.9,695.0,698.0,50.89999999999998,3.083321276390341,PSZ2 G165.76+31.15
FRB20190328A,120.35,59.1,1303.7,1251.8,1256.4,47.299999999999955,1.6919994301236694,PSZ2 G157.43+30.34
FRB20190604G,120.81,59.5,231.3,181.6,186.5,44.80000000000001,1.8178609436115571,PSZ2 G157.43+30.34
FRB20190426A,115.04,59.12,341.3,284.8,286.7,54.60000000000002,1.2577091738693587,PSZ2 G157.43+30.34
FRB20181224C,115.29,60.28,608.2,541.0,543.2,65.0,1.1365383374313596,PSZ2 G157.43+30.34
FRB20190409B,126.65,63.47,297.6,237.8,244.5,53.10000000000002,1.2314716854553405,PSZ2 G153.80+33.79
FRB20190303B,128.74,66.03,192.5,146.4,153.4,39.099999999999994,0.4502784110653771,PSZ2 G149.75+34.68
FRB20181222C,131.05,68.33,1104.8,1058.5,1065.6,39.200000000000045,2.7873716373518906,PSZ2 G149.75+34.68
FRB20181025A,105.78,64.25,590.4,530.9,529.5,60.89999999999998,0.9431108478918323,PSZ2 G152.70+25.46
FRB20190419A,104.98,64.88,438.3,377.7,376.3,62.0,1.3189922005257866,PSZ2 G149.73+24.49
FRB20190214A,96.09,66.24,498.2,427.9,421.2,77.0,1.2994587699751987,PSZ2 G147.11+21.84
FRB20180725A,93.42,67.07,716.6,644.2,635.4,81.20000000000005,0.5761041536309633,PSZ2 G147.11+21.84
FRB20181209A,98.16,68.69,328.4,263.0,259.3,69.09999999999997,1.8408869240289336,PSZ2 G147.11+21.84
FRB20190420B,94.73,70.12,844.3,779.4,774.5,69.79999999999995,1.7890003252908773,PSZ2 G142.39+22.80
FRB20190701D,112.1,66.7,934.9,877.4,879.4,55.5,3.9081643431808444,PSZ2 G149.73+24.49
FRB20190313B,101.98,74.13,1192.1,1131.4,1131.6,60.5,1.8210845070078605,PSZ2 G139.62+24.18
FRB20190518G,94.79,75.52,525.7,461.9,460.2,65.50000000000006,0.859682033824912,PSZ2 G139.62+24.18
FRB20190203A,133.68,70.82,418.9,374.7,381.7,37.19999999999999,1.9468520348792884,PSZ2 G142.20+37.25
FRB20190322B,132.03,73.34,577.4,530.0,536.4,41.0,3.401101190738797,PSZ2 G142.20+37.25
FRB20181213A,127.66,73.87,677.7,630.1,635.9,41.80000000000007,2.7306793934333267,PSZ2 G142.41+30.68
FRB20190304A,124.51,74.61,483.6,433.9,439.2,44.400000000000034,2.436396909392313,PSZ2 G140.63+29.45
FRB20190218C,156.96,77.95,318.6,275.6,282.8,35.80000000000001,1.0072039464496432,PSZ2 G130.64+37.16
FRB20190519F,165.63,77.23,799.0,755.7,763.2,35.799999999999955,1.1500596885638004,PSZ2 G130.64+37.16
FRB20190209A,144.32,77.67,423.8,379.1,385.8,38.0,1.3948959002095045,PSZ2 G135.03+36.04
FRB20190210A,144.32,77.67,420.5,380.4,387.2,33.30000000000001,1.3948959002095045,PSZ2 G135.03+36.04
FRB20181015A,175.76,83.58,567.7,522.3,528.4,39.30000000000007,0.10586416646423123,PSZ2 G125.25+33.33
FRB20190617A,178.6,83.87,195.7,149.1,155.1,40.599999999999994,0.5189436719539928,PSZ2 G125.25+33.33
FRB20190117C,115.13,74.59,865.4,812.6,815.9,49.5,0.3524172971031721,PSZ2 G140.63+29.45
FRB20190208B,91.0,80.88,713.3,653.6,653.3,60.0,5.29857249569837,PSZ2 G131.06+29.98
FRB20190701C,96.36,81.63,972.1,915.8,916.6,55.5,4.226066913945535,PSZ2 G131.06+29.98
FRB20190325A,130.41,83.07,357.5,308.3,312.9,44.60000000000002,0.9013296033123762,PSZ2 G131.06+29.98
FRB20190502C,155.6,82.97,396.3,349.4,355.2,41.10000000000002,2.0420930039409626,PSZ2 G125.55+32.72
FRB20190208C,141.55,83.56,237.8,188.7,193.9,43.900000000000006,2.2140368367179954,PSZ2 G131.06+29.98
FRB20190127B,150.92,83.56,666.4,614.6,620.1,46.299999999999955,2.248504476307004,PSZ2 G125.55+32.72
FRB20181022C,141.56,83.81,528.9,478.6,483.8,45.099999999999966,2.33759642881809,PSZ2 G131.06+29.98
FRB20180911A,99.55,84.62,221.6,164.7,166.7,54.900000000000006,1.7921428099005112,PSZ2 G127.01+26.21
FRB20190614A,179.79,88.33,1062.7,1011.7,1015.7,47.0,1.6572207927009954,PSZ2 G125.11+28.14
FRB20190403A,116.33,86.36,519.2,464.6,467.8,51.400000000000034,1.344737913129047,PSZ2 G125.41+27.95
FRB20181230E,113.26,86.85,1041.7,987.2,990.1,51.60000000000002,0.9454611473714428,PSZ2 G125.41+27.95
FRB20190606B,108.79,86.85,275.0,222.4,225.2,49.80000000000001,1.0739059501123511,PSZ2 G125.41+27.95
FRB20190518D,174.72,89.31,202.2,148.5,151.8,50.39999999999998,1.7492605247507693,PSZ2 G125.11+28.14
FRB20190612B,222.21,4.31,186.0,159.9,161.8,24.19999999999999,2.1768853262496792,PSZ2 G355.50+54.72
FRB20181229B,238.37,19.78,375.3,359.7,361.3,14.0,3.6757736284554925,PSZ2 G028.63+50.15
FRB20180923C,239.14,22.85,173.1,144.9,146.5,26.599999999999994,4.099270121331225,PSZ2 G034.38+51.57
FRB20190214C,218.87,19.36,533.8,511.0,510.9,22.899999999999977,5.044875770652118,PSZ2 G032.31+66.07
FRB20190111A,217.0,26.78,173.1,150.5,150.5,22.599999999999994,2.9120824064438686,PSZ2 G045.13+67.78
FRB20190111A,217.0,26.78,173.1,150.5,150.5,22.599999999999994,2.9120824064438686,PSZ2 G045.13+67.78
FRB20190111A,217.0,26.78,173.1,150.5,150.5,22.599999999999994,2.9120824064438686,PSZ2 G045.13+67.78
FRB20190124B,214.69,28.8,443.2,419.8,420.3,22.899999999999977,1.977955163983004,PSZ2 G037.48+71.52
FRB20180915B,225.23,25.02,176.3,154.7,154.1,22.200000000000017,3.513987000172005,PSZ2 G042.19+63.00
FRB20190304C,223.01,26.72,564.5,542.9,542.5,22.0,1.440340015202648,PSZ2 G042.19+63.00
FRB20181221A,230.58,25.86,313.8,291.8,292.0,21.80000000000001,1.83501842272986,PSZ2 G042.81+56.61
FRB20190625A,227.91,32.88,297.6,279.0,278.8,18.80000000000001,0.67997404157522,PSZ2 G053.53+59.52
FRB20181022E,221.18,27.13,286.3,264.2,263.9,22.400000000000034,2.18938703227937,PSZ2 G042.19+63.00
FRB20190124C,217.17,28.38,302.5,282.2,282.2,20.30000000000001,1.380763137000953,PSZ2 G045.13+67.78
FRB20190124C,217.17,28.38,302.5,282.2,282.2,20.30000000000001,1.380763137000953,PSZ2 G045.13+67.78
FRB20181127A,243.8,25.43,930.1,898.1,901.2,28.899999999999977,4.164361411989813,PSZ2 G044.20+48.66
FRB20181214F,252.62,32.44,2106.0,2065.5,2073.2,32.80000000000018,2.0540280885763758,PSZ2 G053.80+36.49
FRB20190420C,248.1,37.25,627.6,594.2,600.4,27.200000000000045,1.4173285940703668,PSZ2 G058.31+41.96
FRB20190404B,259.79,40.0,490.1,444.4,453.5,36.60000000000002,2.487713913596649,PSZ2 G067.52+34.75
FRB20181013A,262.83,38.41,308.9,261.2,270.7,38.19999999999999,2.2523510049285917,PSZ2 G065.89+31.59
FRB20190627B,256.4,40.79,428.6,388.3,396.7,31.900000000000034,2.745162533225169,PSZ2 G067.52+34.75
FRB20190320B,250.4,39.63,490.1,451.8,459.0,31.100000000000023,2.036181374923859,PSZ2 G065.79+41.80
FRB20190103E,262.89,45.84,736.0,690.6,698.8,37.200000000000045,2.833082269631749,PSZ2 G071.63+29.78
FRB20181128C,268.77,49.71,614.6,569.2,576.6,38.0,1.5048217631184546,PSZ2 G077.67+30.59
FRB20181128C,268.77,49.71,614.6,569.2,576.6,38.0,1.5048217631184546,PSZ2 G077.67+30.59
FRB20190531B,259.91,49.32,166.6,124.9,132.6,34.0,2.3717264908881814,PSZ2 G075.30+37.21
FRB20190330B,269.41,52.81,668.0,619.2,626.0,42.0,1.3864625866915448,PSZ2 G079.35+28.35
FRB20190604E,235.59,32.06,1218.0,1192.6,1193.4,24.59999999999991,1.4640820056931234,PSZ2 G048.75+53.18
FRB20190616A,234.03,34.48,211.9,187.1,187.9,24.0,0.2145144727873802,PSZ2 G054.85+54.30
FRB20190110C,246.98,41.42,221.6,186.3,193.0,28.599999999999994,0.7011615842064572,PSZ2 G065.28+44.53
FRB20190222C,239.18,40.03,522.5,494.5,497.8,24.69999999999999,3.645862475821025,PSZ2 G063.38+53.44
FRB20181129C,233.38,40.03,503.0,475.7,477.5,25.5,1.0631464878931656,PSZ2 G063.38+53.44
FRB20180817A,233.2,42.2,1002.8,979.1,982.0,20.799999999999955,2.955700066104442,PSZ2 G063.38+53.44
FRB20190317F,236.25,47.05,1125.8,1084.8,1092.2,33.59999999999991,3.1470010506955144,PSZ2 G070.89+49.26
FRB20181215B,254.81,47.56,493.3,453.4,461.5,31.80000000000001,1.678167575256302,PSZ2 G075.30+37.21
FRB20181230D,255.3,50.51,224.8,183.4,191.0,33.80000000000001,1.5903131530773056,PSZ2 G079.36+38.06
FRB20181228C,265.19,54.36,509.5,465.1,471.8,37.69999999999999,2.11050503666032,PSZ2 G084.50+31.35
FRB20190501B,261.45,54.36,784.5,740.5,747.6,36.89999999999998,2.5314895419108328,PSZ2 G084.85+35.05
FRB20190501B,261.45,54.36,784.5,740.5,747.6,36.89999999999998,2.5314895419108328,PSZ2 G084.85+35.05
FRB20181230C,245.75,50.52,1036.8,1000.3,1008.1,28.699999999999932,4.745567137384826,PSZ2 G080.70+48.31
FRB20190414B,246.9,57.53,511.1,468.7,475.8,35.30000000000001,1.0366123751819754,PSZ2 G088.53+41.18
FRB20190403C,249.83,58.7,933.3,896.1,903.1,30.199999999999932,1.2820707534890587,PSZ2 G088.53+41.18
FRB20190320D,262.22,59.07,1151.7,1097.5,1103.9,47.799999999999955,2.0348138795338024,PSZ2 G090.04+34.09
FRB20190112A,257.98,61.2,420.5,383.8,390.1,30.399999999999977,1.3978851540225607,PSZ2 G090.04+34.09
FRB20181208A,264.43,62.62,561.3,517.6,523.5,37.799999999999955,1.60974783904121,PSZ2 G090.62+33.52
FRB20190105A,266.3,63.82,385.0,337.2,343.0,42.0,3.0555052707149457,PSZ2 G090.62+33.52
FRB20190304B,204.86,24.19,470.7,447.4,449.8,20.899999999999977,2.247379835623642,PSZ2 G031.93+78.71
FRB20190117D,208.87,31.68,1175.9,1155.5,1157.6,18.300000000000182,3.672297074544266,PSZ2 G065.45+78.10
FRB20180727A,197.72,26.42,642.1,620.9,622.4,19.700000000000045,1.1211825827105617,PSZ2 G023.17+86.71
FRB20190330A,204.09,38.36,509.5,484.1,488.6,20.899999999999977,0.5936687666171704,PSZ2 G086.28+74.76
FRB20181201A,214.96,39.27,698.7,670.4,672.9,25.800000000000068,0.6748810240500023,PSZ2 G073.31+67.52
FRB20190227B,220.54,39.8,331.6,307.3,309.0,22.600000000000023,3.7184805566704506,PSZ2 G067.17+67.46
FRB20181213C,216.4,47.46,380.1,350.2,358.2,21.900000000000034,1.1719177583824079,PSZ2 G089.52+62.34
FRB20190303A,208.03,48.24,223.2,191.8,199.9,23.299999999999983,1.8880947166543942,PSZ2 G095.22+67.41
FRB20190421A,208.03,48.24,226.4,193.8,201.8,24.599999999999994,1.8880947166543942,PSZ2 G095.22+67.41
FRB20190421A,208.03,48.24,226.4,193.8,201.8,24.599999999999994,1.8880947166543942,PSZ2 G095.22+67.41
FRB20190323C,199.5,40.07,380.1,357.5,360.9,19.200000000000045,1.486992831308456,PSZ2 G098.38+77.22
FRB20190308C,188.36,44.39,498.2,477.4,480.5,17.69999999999999,3.3175347850044936,PSZ2 G133.60+69.04
FRB20190308C,188.36,44.39,498.2,477.4,480.5,17.69999999999999,3.3175347850044936,PSZ2 G133.60+69.04
FRB20190628A,199.06,51.75,745.7,716.0,724.0,21.700000000000045,0.19992984921249224,PSZ2 G114.31+64.89
FRB20180729A,199.4,55.58,108.4,78.8,86.8,21.60000000000001,2.108514325367772,PSZ2 G112.54+59.53
FRB20181222D,188.2,56.16,1413.7,1385.9,1394.5,19.200000000000045,4.47734936682084,PSZ2 G119.92+59.12
FRB20181213B,183.52,53.7,626.0,596.0,604.7,21.299999999999955,2.8897173897592094,PSZ2 G135.17+65.43
FRB20181224D,182.45,54.85,690.7,658.8,667.9,22.800000000000068,1.9378480681921626,PSZ2 G136.92+59.46
FRB20190218A,184.05,56.42,1282.7,1253.7,1262.4,20.299999999999955,2.203854896575067,PSZ2 G136.92+59.46
FRB20180906B,185.75,56.42,3037.7,3006.7,3015.4,22.299999999999727,3.143699936710642,PSZ2 G136.92+59.46
FRB20190621B,193.14,55.64,1059.5,1030.5,1038.7,20.799999999999955,2.706210082761897,PSZ2 G119.92+59.12
FRB20190601A,190.11,62.72,2228.9,2194.9,2203.1,25.800000000000182,0.6144005351470855,PSZ2 G125.71+53.86
FRB20190224E,183.04,61.54,435.1,402.8,411.4,23.700000000000045,2.3768389260529363,PSZ2 G135.06+54.39
FRB20190125B,231.45,50.54,177.9,145.0,152.9,25.0,2.133699569356278,PSZ2 G081.02+50.57
FRB20190604A,218.78,53.28,553.2,520.9,528.7,24.5,1.8616665836220994,PSZ2 G096.14+56.24
FRB20190606A,218.78,53.28,551.6,521.0,528.8,22.800000000000068,1.8616665836220994,PSZ2 G096.14+56.24
FRB20181128D,215.62,59.93,147.2,113.8,121.3,25.89999999999999,1.544257325906025,PSZ2 G105.76+54.73
FRB20190103D,221.84,59.91,1911.9,1880.3,1887.7,24.200000000000045,0.7647234436477813,PSZ2 G098.62+51.76
FRB20190219B,246.3,57.92,1675.7,1643.4,1650.5,25.200000000000045,0.8398542653020681,PSZ2 G088.53+41.18
FRB20190430B,237.72,62.27,2617.1,2583.0,2590.0,27.09999999999991,0.2897092992037311,PSZ2 G095.29+44.13
FRB20190412A,243.45,61.87,363.9,327.2,334.0,29.899999999999977,2.504617515255219,PSZ2 G095.29+44.13
FRB20181228B,250.43,63.85,566.1,528.7,535.2,30.899999999999977,2.161663812274525,PSZ2 G097.15+39.20
FRB20181017A,256.33,68.28,1268.1,1239.0,1244.9,23.199999999999818,0.651612484966964,PSZ2 G099.55+34.23
FRB20190216A,256.33,68.28,1268.1,1239.5,1245.4,22.699999999999818,0.651612484966964,PSZ2 G099.55+34.23
FRB20190627C,267.88,71.58,968.9,920.6,925.8,43.10000000000002,2.1652664592628157,PSZ2 G101.36+32.39
FRB20181019C,244.7,66.27,503.0,462.4,469.1,33.89999999999998,1.255678137193242,PSZ2 G097.15+39.20
FRB20181116B,232.66,64.94,409.2,373.5,380.6,28.599999999999966,2.2952916986691374,PSZ2 G099.24+42.54
FRB20190409C,252.6,71.62,674.5,631.6,637.7,36.799999999999955,2.967619531115605,PSZ2 G100.22+33.81
FRB20190408A,262.2,71.6,862.1,817.4,823.1,39.0,1.0097026725943148,PSZ2 G101.36+32.39
FRB20190116C,249.32,70.96,629.2,587.4,593.6,35.60000000000002,3.302624633827659,PSZ2 G104.52+39.39
FRB20190116F,261.67,75.0,315.4,270.1,275.6,39.799999999999955,3.8441043694764114,PSZ2 G110.98+31.73
FRB20190204B,255.92,75.87,1463.8,1419.4,1425.0,38.799999999999955,2.7627526298766827,PSZ2 G110.98+31.73
FRB20181012B,206.33,64.15,713.3,681.7,689.4,23.899999999999977,2.2903297951258987,PSZ2 G109.97+52.84
FRB20181202B,202.83,64.72,826.5,792.2,800.0,26.5,1.8386369478541196,PSZ2 G118.92+52.38
FRB20190502B,212.04,64.44,917.1,884.8,892.3,24.800000000000068,2.1301311592505123,PSZ2 G109.97+52.84
FRB20180920B,191.09,63.52,459.4,430.2,438.3,21.099999999999966,0.9012370611416606,PSZ2 G125.71+53.86
FRB20181119A,190.53,65.13,368.8,330.3,338.4,30.400000000000034,1.3151659010037944,PSZ2 G126.57+51.61
FRB20190103A,190.53,65.13,365.6,330.7,338.8,26.80000000000001,1.3151659010037944,PSZ2 G126.57+51.61
FRB20190313A,190.53,65.13,365.6,330.7,338.8,26.80000000000001,1.3151659010037944,PSZ2 G126.57+51.61
FRB20190415A,182.38,71.28,632.4,596.7,604.7,27.699999999999932,0.41810657737361734,PSZ2 G127.86+45.05
FRB20181219B,180.79,71.55,1950.7,1914.9,1923.0,27.700000000000045,0.3170864891428006,PSZ2 G127.86+45.05
FRB20181231C,197.09,69.18,554.8,520.6,528.4,26.399999999999977,1.3268186867512324,PSZ2 G118.79+47.50
FRB20181203C,198.48,72.94,2442.4,2407.1,2414.7,27.700000000000273,0.10612243736095531,PSZ2 G120.76+44.14
FRB20190206C,200.45,74.39,1044.9,1004.7,1012.2,32.700000000000045,1.3540238158777773,PSZ2 G118.39+42.22
FRB20180908B,188.22,74.19,197.3,157.0,164.6,32.70000000000002,2.64797559559546,PSZ2 G128.26+43.03
FRB20190621A,188.22,74.19,197.3,159.1,166.7,30.600000000000023,2.64797559559546,PSZ2 G128.26+43.03
FRB20180806A,228.56,75.62,739.2,699.3,706.0,33.200000000000045,4.1621193490982265,PSZ2 G115.65+41.66
FRB20180814B,238.26,74.02,237.8,197.2,203.8,34.0,3.4867984232709617,PSZ2 G105.00+39.68
FRB20180814B,238.26,74.02,237.8,197.2,203.8,34.0,3.4867984232709617,PSZ2 G105.00+39.68
FRB20190220A,237.21,74.16,215.1,175.2,181.7,33.400000000000006,3.637742448654733,PSZ2 G105.00+39.68
FRB20180917B,238.8,77.53,860.5,813.9,820.1,40.39999999999998,2.0823202664275344,PSZ2 G112.69+33.37
FRB20181017B,237.76,78.5,304.1,263.7,269.9,34.200000000000045,1.5745405465923448,PSZ2 G112.69+33.37
FRB20190628B,248.48,80.14,406.0,361.5,367.2,38.80000000000001,1.1336787233520513,PSZ2 G112.69+33.37
FRB20181126A,262.05,81.17,493.3,444.6,449.6,43.69999999999999,2.7403363501284095,PSZ2 G110.98+31.73
FRB20190224B,268.24,82.57,839.5,788.0,792.3,47.200000000000045,3.3890330679902307,PSZ2 G118.58+28.57
FRB20190323B,193.22,77.24,787.7,749.3,756.6,31.100000000000023,3.4068865019571892,PSZ2 G118.46+39.32
FRB20190401A,196.8,79.91,779.6,740.8,747.8,31.800000000000068,2.8394053426538863,PSZ2 G123.72+34.68
FRB20190131E,195.65,80.92,279.8,236.5,243.3,36.5,1.8591461194701453,PSZ2 G123.72+34.68
FRB20190531A,203.96,81.72,325.1,280.7,287.2,37.900000000000034,2.3075116581222224,PSZ2 G123.72+34.68
FRB20181119C,190.1,82.16,283.1,240.3,247.0,36.10000000000002,0.38247288300636684,PSZ2 G123.72+34.68
FRB20180810B,180.41,83.14,169.8,123.3,129.6,40.20000000000002,0.6627318261595719,PSZ2 G125.25+33.33
FRB20190124D,237.26,81.23,341.3,294.5,300.3,41.0,2.4400267304171335,PSZ2 G112.69+33.37
FRB20190619B,231.74,82.15,270.1,224.7,230.6,39.50000000000003,2.176875114398177,PSZ2 G118.03+31.10
FRB20190623C,192.31,86.03,1049.8,1001.0,1006.2,43.59999999999991,0.6043637531372134,PSZ2 G123.42+30.63
FRB20190403E,220.22,86.54,220.0,176.3,181.1,38.900000000000006,2.057639903968899,PSZ2 G123.42+30.63
FRB20190419B,255.27,86.74,166.6,112.8,117.0,49.599999999999994,0.9300731947488421,PSZ2 G118.58+28.57
FRB20190328B,199.47,86.85,564.5,514.9,519.9,44.60000000000002,0.8700423319114416,PSZ2 G123.42+30.63
FRB20190609B,210.49,88.35,292.8,239.9,243.9,48.900000000000006,2.140203916813103,PSZ2 G123.42+30.63
FRB20190425B,210.12,88.6,1030.3,979.0,982.9,47.39999999999998,2.3232196059434673,PSZ2 G123.42+30.63
FRB20190405B,236.48,89.16,1111.2,1059.3,1062.6,48.600000000000136,2.4072357498315737,PSZ2 G120.36+26.03
FRB20190117A,331.71,17.37,393.1,345.2,353.3,39.80000000000001,2.3865789094069334,PSZ2 G076.81-32.57
FRB20190630A,331.71,17.37,401.1,344.3,352.4,48.700000000000045,2.3865789094069334,PSZ2 G076.81-32.57
FRB20190124E,297.75,20.57,614.6,225.8,313.3,301.3,4.310910596765521,PSZ2 G057.92-07.40
FRB20190222D,313.9,26.57,894.5,779.7,806.6,87.89999999999998,1.5939183346198282,PSZ2 G072.96-12.26
FRB20190618A,321.25,25.44,228.1,151.7,164.8,63.29999999999998,2.3307163841872325,PSZ2 G072.79-18.73
FRB20180907A,320.87,29.46,875.1,785.2,801.8,73.30000000000007,5.2447219968102345,PSZ2 G072.96-12.26
FRB20181124B,318.56,29.88,800.7,696.7,717.8,82.90000000000009,3.679889129527276,PSZ2 G072.96-12.26
FRB20180928A,312.95,30.85,250.7,94.7,135.9,114.79999999999998,3.887617091100807,PSZ2 G072.96-12.26
FRB20190101B,307.77,29.89,1321.5,1089.9,1161.6,159.9000000000001,4.845242315095915,PSZ2 G066.76-08.42
FRB20190405A,337.02,20.96,423.8,377.6,385.2,38.60000000000002,0.3531249962151829,PSZ2 G083.29-31.03
FRB20190614B,332.86,24.69,580.7,527.0,535.0,45.700000000000045,1.9866731780016416,PSZ2 G080.55-24.82
FRB20190409D,336.64,26.95,1298.9,1245.4,1253.5,45.40000000000009,0.9829924795612817,PSZ2 G086.43-24.95
FRB20190122A,349.56,37.5,1229.3,1166.6,1175.4,53.899999999999864,3.0802743829490566,PSZ2 G100.96-24.07
FRB20181224A,355.11,44.56,308.9,225.2,231.9,76.99999999999997,2.6859551410258815,PSZ2 G109.52-19.16
FRB20181129A,355.12,44.95,386.6,299.2,305.5,81.10000000000002,3.069690782863346,PSZ2 G109.52-19.16
FRB20190517D,339.95,41.84,1184.0,1086.8,1097.3,86.70000000000005,0.7067974128280469,PSZ2 G097.52-14.89
FRB20181226C,349.05,44.94,409.2,315.0,322.4,86.80000000000001,1.3130513102837869,PSZ2 G104.58-15.41
FRB20181130A,355.19,46.49,218.4,125.0,129.9,88.5,3.815813216481563,PSZ2 G108.17-11.56
FRB20190219C,349.67,49.21,805.5,682.6,684.6,120.89999999999998,0.778773924415968,PSZ2 G108.17-11.56
FRB20190531C,331.14,43.0,477.2,345.8,359.4,117.80000000000001,1.5974955198792042,PSZ2 G094.31-11.31
FRB20190630B,328.21,43.01,653.5,501.6,517.2,136.29999999999995,3.7154458532394967,PSZ2 G094.31-11.31
FRB20190215B,335.04,45.34,273.4,138.4,148.5,124.89999999999998,1.8424356790622625,PSZ2 G095.75-11.16
FRB20190623B,335.22,46.12,1554.4,1413.0,1422.0,132.4000000000001,2.4320743480672276,PSZ2 G098.67-07.04
FRB20181220A,346.11,48.43,208.7,83.6,87.3,121.39999999999999,1.2637354332351107,PSZ2 G106.48-10.42
FRB20190106B,335.63,46.13,315.4,174.9,183.7,131.7,2.465909953314837,PSZ2 G098.67-07.04
FRB20190213D,336.45,52.71,1344.1,1112.3,1097.9,246.19999999999982,1.3671793353345496,PSZ2 G102.98-04.77
FRB20190423B,298.58,26.19,585.5,102.3,160.8,424.7,7.470122770495091,PSZ2 G065.35-08.01
FRB20190423B,298.58,26.19,585.5,102.3,160.8,424.7,7.470122770495091,PSZ2 G065.35-08.01
FRB20181119B,299.38,31.12,608.2,166.8,108.3,499.90000000000003,9.416325276258606,PSZ2 G065.35-08.01
FRB20190221B,286.77,27.86,394.7,227.6,240.0,154.7,2.321645755265393,PSZ2 G060.13+11.44
FRB20190627D,295.33,43.84,1999.2,1870.2,1861.3,137.9000000000001,3.6331630660190717,PSZ2 G075.71+13.51
FRB20190327A,281.31,34.28,347.8,257.8,270.1,77.69999999999999,1.4230836025110296,PSZ2 G064.98+16.71
FRB20190208A,283.52,46.96,579.1,508.4,514.6,64.5,1.7263773222868042,PSZ2 G075.08+19.83
FRB20190208A,283.52,46.96,579.1,508.4,514.6,64.5,1.7263773222868042,PSZ2 G075.08+19.83
FRB20190208A,283.52,46.96,579.1,508.4,514.6,64.5,1.7263773222868042,PSZ2 G075.08+19.83
FRB20190208A,283.52,46.96,579.1,508.4,514.6,64.5,1.7263773222868042,PSZ2 G075.08+19.83
FRB20190406A,283.52,46.96,580.7,508.8,515.0,65.70000000000005,1.7263773222868042,PSZ2 G075.08+19.83
FRB20190329C,279.79,51.63,1256.8,1196.0,1201.8,55.0,1.607389008554305,PSZ2 G082.37+22.35
FRB20190309A,278.96,52.41,357.5,298.3,303.9,53.60000000000002,1.4470502412046407,PSZ2 G082.37+22.35
FRB20181201B,273.38,56.31,875.1,825.3,831.1,44.0,1.2332861122314493,PSZ2 G085.98+26.69
FRB20190429A,281.09,59.42,470.7,413.3,417.5,53.19999999999999,2.422580778282249,PSZ2 G087.03+22.49
FRB20181218C,285.98,58.24,385.0,319.8,322.7,62.30000000000001,1.924609511884935,PSZ2 G087.03+22.49
FRB20190701A,277.47,59.04,635.7,582.8,587.8,47.90000000000009,2.159126978106574,PSZ2 G085.95+25.23
FRB20190226B,273.57,61.81,630.8,580.9,586.2,44.59999999999991,2.0238310205979544,PSZ2 G091.83+26.11
FRB20190221C,316.15,54.67,2038.0,1821.7,1669.6,368.4000000000001,4.090823916907902,PSZ2 G091.56+08.50
FRB20190515A,310.15,55.46,452.9,293.1,225.9,226.99999999999997,0.7804257443212881,PSZ2 G091.56+08.50
FRB20181216A,306.28,53.53,541.9,396.0,347.5,194.39999999999998,2.181908197874836,PSZ2 G091.56+08.50
FRB20190210D,307.8,55.46,357.5,217.9,170.1,187.4,0.8652636164671579,PSZ2 G091.56+08.50
FRB20181202C,307.13,57.03,558.0,430.7,395.4,162.60000000000002,2.3149222313716846,PSZ2 G091.56+08.50
FRB20190223B,311.62,60.56,535.4,411.8,371.8,163.59999999999997,1.8860561287809101,PSZ2 G096.10+12.46
FRB20180922A,342.29,69.67,562.9,414.4,341.5,221.39999999999998,4.94424464088651,PSZ2 G117.11+11.48
FRB20181018B,336.82,71.91,292.8,180.7,139.6,153.20000000000002,4.891910318219116,PSZ2 G117.11+11.48
FRB20181123A,300.76,55.87,797.4,694.9,680.8,116.60000000000002,2.861254913373754,PSZ2 G092.34+14.22
FRB20190211B,299.62,61.37,260.4,176.2,169.8,90.59999999999997,1.0919704146066889,PSZ2 G095.49+16.41
FRB20190417A,294.85,59.4,1378.1,1301.9,1299.2,78.89999999999986,3.245161690086449,PSZ2 G092.34+14.22
FRB20181217A,290.5,59.8,1175.9,1107.4,1108.4,67.5,1.986809650365621,PSZ2 G092.64+20.78
FRB20180918A,301.27,64.96,1454.1,1374.0,1367.9,86.19999999999982,1.9057529391902404,PSZ2 G100.07+17.06
FRB20181013E,307.28,69.02,344.5,264.5,256.0,88.5,2.4446181644878524,PSZ2 G100.45+16.79
FRB20190322C,296.36,70.7,1192.1,1126.3,1125.9,66.19999999999982,3.238697250028873,PSZ2 G099.30+20.92
FRB20190301D,278.72,74.68,1159.7,1107.6,1111.7,48.0,0.968572722683335,PSZ2 G106.21+26.32
FRB20190222A,313.06,69.83,462.6,373.0,359.4,103.20000000000005,4.346577882265868,PSZ2 G100.45+16.79
FRB20190301A,313.06,69.83,461.0,372.4,358.8,102.19999999999999,4.346577882265868,PSZ2 G100.45+16.79
FRB20190301A,313.06,69.83,461.0,372.4,358.8,102.19999999999999,4.346577882265868,PSZ2 G100.45+16.79
FRB20180923A,327.61,71.92,218.4,119.4,92.2,126.2,7.2400551447231205,PSZ2 G114.98+19.10
FRB20180801A,322.53,72.72,656.7,565.6,547.7,109.0,6.607410846473828,PSZ2 G114.98+19.10
FRB20190318A,324.11,74.46,420.5,333.9,318.9,101.60000000000002,4.8150138423650946,PSZ2 G114.98+19.10
FRB20190519G,306.68,72.34,433.5,356.6,350.9,82.60000000000002,5.130502643408603,PSZ2 G106.11+24.11
FRB20190624B,304.65,73.61,215.1,144.2,141.2,73.9,4.023057686490747,PSZ2 G106.11+24.11
FRB20181226E,303.56,73.64,308.9,239.9,237.5,71.39999999999998,3.7246163553360434,PSZ2 G106.11+24.11
FRB20190121A,354.74,78.6,423.8,338.0,319.1,104.69999999999999,4.832286381980465,PSZ2 G116.05+20.00
FRB20181020A,322.62,78.83,1111.2,1040.3,1033.3,77.90000000000009,1.2411667690329358,PSZ2 G114.98+19.10
FRB20180916A,348.97,80.33,296.0,217.6,206.0,90.0,3.1590470922413805,PSZ2 G116.05+20.00
FRB20190701B,302.93,80.18,748.9,687.6,688.1,60.799999999999955,4.504891646058791,PSZ2 G116.05+20.00
FRB20190621D,270.63,78.89,645.4,596.8,601.4,44.0,1.1401403845483884,PSZ2 G109.86+27.94
FRB20180904A,286.58,81.22,360.7,305.7,308.4,52.30000000000001,3.3988953466099123,PSZ2 G109.86+27.94
FRB20190212A,276.14,81.43,300.9,248.9,253.0,47.89999999999998,3.0411835765336335,PSZ2 G109.86+27.94
FRB20190213B,276.14,81.43,302.5,248.5,252.5,50.0,3.0411835765336335,PSZ2 G109.86+27.94
FRB20190213B,276.14,81.43,302.5,248.5,252.5,50.0,3.0411835765336335,PSZ2 G109.86+27.94
FRB20181221B,306.31,80.98,1392.7,1333.1,1333.1,59.600000000000136,3.8092891535812843,PSZ2 G116.05+20.00
FRB20181129B,307.56,81.32,406.0,343.8,343.8,62.19999999999999,3.6094848997448095,PSZ2 G116.05+20.00
FRB20181230A,346.69,83.37,763.5,701.2,696.6,66.89999999999998,3.6882141587503017,PSZ2 G116.05+20.00
FRB20190205A,342.22,83.37,693.9,627.7,623.8,70.10000000000002,3.3397946319459417,PSZ2 G116.05+20.00
FRB20190403D,326.53,84.29,613.0,550.5,549.7,63.299999999999955,3.097672581810908,PSZ2 G120.75+25.39
FRB20181220B,277.37,84.87,257.2,204.2,207.6,49.599999999999994,1.6434263775896398,PSZ2 G118.58+28.57
FRB20181122B,281.08,85.02,224.8,171.4,174.7,50.10000000000002,1.7847784679005108,PSZ2 G118.58+28.57
FRB20190210E,313.65,86.67,580.7,522.7,524.2,56.5,0.843081828667609,PSZ2 G120.36+26.03
FRB20190423C,349.08,86.97,855.7,795.1,795.4,60.30000000000007,1.1836214006266998,PSZ2 G122.81+24.74
FRB20190519H,342.99,87.37,1169.5,1111.5,1112.4,57.09999999999991,0.8659653240908213,PSZ2 G120.75+25.39
FRB20190609A,345.3,87.94,315.4,258.2,259.5,55.89999999999998,1.014515858423696,PSZ2 G122.81+24.74
FRB20190609A,345.3,87.94,315.4,258.2,259.5,55.89999999999998,1.014515858423696,PSZ2 G122.81+24.74
FRB20180910A,352.77,88.21,684.2,626.3,627.7,56.5,0.8672085169308607,PSZ2 G122.81+24.74
FRB20190622A,298.98,85.81,1120.9,1066.0,1068.1,52.80000000000018,1.722234882392005,PSZ2 G120.36+26.03
FRB20190519J,296.21,86.93,642.1,586.7,589.1,53.0,0.7711944086804133,PSZ2 G120.36+26.03
FRB20190224D,331.89,89.05,752.1,696.7,698.9,53.200000000000045,1.4333603936718464,PSZ2 G123.35+25.39
FRB20180907D,328.95,89.22,1444.4,1391.1,1393.4,51.0,1.495774700909151,PSZ2 G123.35+25.39
FRB20190210C,295.75,89.1,642.1,588.1,590.7,51.39999999999998,1.6718979579217972,PSZ2 G120.36+26.03
FRB20181118A,20.65,-6.41,558.0,525.9,536.0,22.0,3.0123760715469214,PSZ2 G135.94-68.22
FRB20181116A,36.05,4.52,354.2,318.3,326.4,27.80000000000001,3.0510350140221316,PSZ2 G161.94-48.17
FRB20180921A,28.92,5.05,393.1,359.2,368.4,24.700000000000045,3.1381554774172224,PSZ2 G146.10-55.55
FRB20190531E,15.2,0.54,328.4,296.2,305.6,22.799999999999955,1.1057331264659593,PSZ2 G130.21-62.60
FRB20190527A,12.45,7.99,582.3,550.9,559.9,22.399999999999977,2.610776291411768,PSZ2 G117.98-55.88
FRB20190527A,12.45,7.99,582.3,550.9,559.9,22.399999999999977,2.610776291411768,PSZ2 G117.98-55.88
FRB20190130A,25.64,13.16,1365.2,1330.1,1339.4,25.799999999999955,2.901534751400619,PSZ2 G144.81-49.86
FRB20181219C,17.77,14.11,648.6,611.7,620.7,27.899999999999977,2.865143828282562,PSZ2 G126.07-49.55
FRB20190429B,329.93,3.96,297.6,253.5,263.1,34.5,2.6906953349337934,PSZ2 G059.81-39.09
FRB20190124F,338.92,5.3,253.9,217.2,225.8,28.099999999999994,0.6223648276324627,PSZ2 G072.59-43.25
FRB20190515B,0.83,3.41,820.1,789.7,798.4,21.700000000000045,1.3612148065490448,PSZ2 G099.57-58.64
FRB20180919B,5.34,5.94,558.0,527.4,536.0,22.0,2.3851184406015578,PSZ2 G107.66-58.32
FRB20181228A,7.26,10.22,748.9,714.5,723.1,25.799999999999955,2.1324178053086635,PSZ2 G117.38-52.47
FRB20190629A,6.34,12.67,503.0,468.7,477.2,25.80000000000001,3.4683225195784497,PSZ2 G108.71-47.75
FRB20190131B,354.72,11.71,1801.9,1770.1,1778.2,23.700000000000045,2.681485589673859,PSZ2 G095.65-50.01
FRB20190114A,8.95,19.17,889.6,849.3,857.8,31.800000000000068,1.3361365120312965,PSZ2 G116.50-44.47
FRB20190411C,9.33,20.5,234.5,194.8,203.3,31.19999999999999,2.4667414774355803,PSZ2 G120.08-44.41
FRB20190411C,9.33,20.5,234.5,194.8,203.3,31.19999999999999,2.4667414774355803,PSZ2 G120.08-44.41
FRB20180907B,4.49,19.17,658.3,620.1,628.3,30.0,2.316430797513138,PSZ2 G109.22-44.01
FRB20190316A,5.23,20.51,516.0,477.0,485.3,30.69999999999999,2.1466979959740886,PSZ2 G112.07-39.86
FRB20190102A,9.26,26.72,697.1,655.6,664.2,32.89999999999998,2.141204994172693,PSZ2 G116.32-36.33
FRB20181202A,351.01,17.36,669.6,629.2,636.8,32.80000000000007,0.594858260323629,PSZ2 G094.61-41.24
FRB20190608A,359.23,19.17,719.8,683.8,691.7,28.09999999999991,2.6231812524441365,PSZ2 G107.67-39.78
FRB20190202A,344.2,17.1,305.7,266.6,274.2,31.5,2.55850434977364,PSZ2 G089.81-39.56
FRB20190107A,0.86,21.81,841.1,809.3,817.3,23.800000000000068,0.562072102970793,PSZ2 G107.67-39.78
FRB20190122B,2.53,35.12,467.5,415.1,423.5,44.0,2.0551392720045474,PSZ2 G115.67-27.57
FRB20190614C,356.5,35.91,585.5,531.7,540.2,45.299999999999955,3.0130638492604778,PSZ2 G109.14-28.02
FRB20190113A,108.14,-2.99,430.3,250.0,176.4,253.9,4.099302355829213,PSZ2 G215.51+06.58
FRB20190625D,115.02,4.87,716.6,616.5,587.1,129.5,3.599094157972008,PSZ2 G216.25+10.10
FRB20190109A,107.96,5.16,325.1,176.9,119.8,205.3,3.4528558054929586,PSZ2 G209.79+10.23
FRB20190109A,107.96,5.16,325.1,176.9,119.8,205.3,3.4528558054929586,PSZ2 G209.79+10.23
FRB20190319A,113.43,5.72,2041.3,1932.3,1898.1,143.20000000000005,3.2825878332743095,PSZ2 G209.79+10.23
FRB20190103C,104.19,11.07,1349.0,1193.6,1127.1,221.9000000000001,2.738877157572458,PSZ2 G203.32+08.91
FRB20190515D,67.13,-5.01,425.4,378.3,367.0,58.39999999999998,5.77259338259307,PSZ2 G206.75-33.21
FRB20190409A,79.52,6.72,1789.0,1707.5,1666.3,122.70000000000005,0.409533822221196,PSZ2 G195.65-17.67
FRB20190427A,78.93,7.77,454.5,370.8,330.1,124.39999999999998,1.2852281117173985,PSZ2 G195.65-17.67
FRB20190617B,56.43,1.16,275.0,229.7,225.0,50.0,3.6231949593955446,PSZ2 G189.79-37.25
FRB20190625C,73.2,11.1,441.6,366.1,337.3,104.30000000000001,5.113231600601366,PSZ2 G189.53-25.10
FRB20181118B,58.28,10.79,422.2,369.2,364.5,57.69999999999999,2.839173046488442,PSZ2 G180.27-29.53
FRB20190418A,65.79,16.04,182.8,114.4,98.9,83.9,0.7045078338976768,PSZ2 G179.33-22.22
FRB20181102A,87.22,15.63,415.7,258.8,168.0,247.7,7.979103342301385,PSZ2 G186.24-11.99
FRB20190103B,93.57,19.73,530.5,354.0,248.7,281.8,5.588668520628584,PSZ2 G191.00+06.65
FRB20190210B,104.18,23.7,622.7,507.7,460.1,162.60000000000002,2.8528126945415226,PSZ2 G193.90+09.41
FRB20181030D,81.79,16.07,289.5,165.9,103.1,186.4,2.852412827917137,PSZ2 G186.24-11.99
FRB20181014B,78.56,14.66,888.0,785.4,737.4,150.60000000000002,1.653131973649317,PSZ2 G186.50-13.45
FRB20181104C,77.05,17.44,580.7,475.5,429.7,151.00000000000006,1.5063215246715635,PSZ2 G186.50-13.45
FRB20181104C,77.05,17.44,580.7,475.5,429.7,151.00000000000006,1.5063215246715635,PSZ2 G186.50-13.45
FRB20190609C,73.17,24.06,480.4,367.6,328.0,152.39999999999998,8.78072022712587,PSZ2 G186.24-11.99
FRB20190403G,81.74,25.78,865.4,700.0,620.0,245.39999999999998,8.905489118719062,PSZ2 G186.24-11.99
FRB20180920A,78.89,28.29,562.9,394.9,324.9,238.0,11.063885147594101,PSZ2 G186.24-11.99
FRB20190517C,87.5,26.62,334.8,147.6,43.1,291.7,8.821800989177543,PSZ2 G186.81+07.32
FRB20190601C,88.52,28.47,423.8,237.7,137.3,286.5,8.080732436549221,PSZ2 G186.81+07.32
FRB20190601C,88.52,28.47,423.8,237.7,137.3,286.5,8.080732436549221,PSZ2 G186.81+07.32
FRB20181119D,82.994575,33.147941,595.2,375.9,277.3,317.90000000000003,10.991582272141843,PSZ2 G170.22+09.74
FRB20181119D,82.994575,33.147941,595.2,375.9,277.3,317.90000000000003,10.991582272141843,PSZ2 G170.22+09.74
FRB20181119D,82.994575,33.147941,595.2,375.9,277.3,317.90000000000003,10.991582272141843,PSZ2 G170.22+09.74
FRB20181222B,90.04,38.55,619.5,471.0,408.5,211.0,3.7322375260135976,PSZ2 G170.22+09.74
FRB20181014D,216.04,-2.93,376.9,347.1,350.6,26.299999999999955,0.20194055105364497,PSZ2 G343.46+52.65
FRB20190627A,195.89,0.75,402.8,373.9,381.7,21.100000000000023,2.783443186466727,PSZ2 G306.66+61.06
FRB20190203C,196.01,2.48,370.4,340.8,348.3,22.099999999999966,4.241067383082479,PSZ2 G313.33+61.13
FRB20190621C,206.57,5.23,571.0,544.6,547.8,23.200000000000045,1.7167347052523878,PSZ2 G339.47+63.56
FRB20190604D,199.93,15.73,1020.6,996.4,1000.8,19.800000000000068,3.200606185549977,PSZ2 G321.94+75.57
FRB20190122C,200.6,17.57,690.7,665.5,669.6,21.100000000000023,2.695863422813283,PSZ2 G347.96+80.46
FRB20190122C,200.6,17.57,690.7,665.5,669.6,21.100000000000023,2.695863422813283,PSZ2 G347.96+80.46
FRB20190122C,200.6,17.57,690.7,665.5,669.6,21.100000000000023,2.695863422813283,PSZ2 G347.96+80.46
FRB20190122C,200.6,17.57,690.7,665.5,669.6,21.100000000000023,2.695863422813283,PSZ2 G347.96+80.46
FRB20190122C,200.6,17.57,690.7,665.5,669.6,21.100000000000023,2.695863422813283,PSZ2 G347.96+80.46
FRB20190122C,200.6,17.57,690.7,665.5,669.6,21.100000000000023,2.695863422813283,PSZ2 G347.96+80.46
FRB20190605C,168.32,-5.19,186.0,149.8,160.7,25.30000000000001,4.161989298331502,PSZ2 G262.95+45.74
FRB20190516B,167.34,7.37,1235.8,1202.1,1212.2,23.59999999999991,1.7217382019488034,PSZ2 G244.77+59.80
FRB20190131C,166.45,10.43,506.3,474.8,484.9,21.400000000000034,1.5431262206411591,PSZ2 G244.77+59.80
FRB20181226B,182.66,12.43,287.9,259.3,266.3,21.599999999999966,3.1465050373630534,PSZ2 G270.37+69.42
FRB20181226B,182.66,12.43,287.9,259.3,266.3,21.599999999999966,3.1465050373630534,PSZ2 G270.37+69.42
FRB20181226B,182.66,12.43,287.9,259.3,266.3,21.599999999999966,3.1465050373630534,PSZ2 G270.37+69.42
FRB20190116A,192.33,27.15,446.4,425.6,425.9,20.5,2.0112125683464535,PSZ2 G056.62+88.42
FRB20190116B,192.33,27.15,441.6,423.7,424.0,17.600000000000023,2.0112125683464535,PSZ2 G056.62+88.42
FRB20190130B,172.11,16.05,988.3,959.3,968.0,20.299999999999955,1.9026298671680097,PSZ2 G243.64+67.74
FRB20190518B,175.11,20.28,913.9,887.7,893.6,20.299999999999955,0.9901471311353034,PSZ2 G234.59+73.01
FRB20181223B,174.89,21.59,564.5,540.2,545.7,18.799999999999955,1.487178997871726,PSZ2 G230.48+71.51
FRB20190222B,160.69,19.62,498.2,464.4,475.4,22.80000000000001,1.6276424182544393,PSZ2 G222.77+60.67
FRB20190428A,170.73,23.33,968.9,942.4,949.4,19.5,1.6628496364273069,PSZ2 G218.59+71.31
FRB20190228A,183.48,22.9,439.9,398.9,399.5,40.39999999999998,2.379361030198955,PSZ2 G234.52+82.85
FRB20181223C,181.05,27.58,111.6,92.6,93.4,18.19999999999999,1.4603344319575686,PSZ2 G213.39+80.59
FRB20190325B,183.92,30.32,1730.7,1714.1,1714.8,15.900000000000091,2.8606580889780484,PSZ2 G207.88+81.31
FRB20190303C,173.24,26.32,1088.6,1066.6,1070.5,18.09999999999991,1.9817344543229929,PSZ2 G205.90+73.76
FRB20190212C,172.57,28.14,1012.6,994.1,997.9,14.700000000000045,1.7644365711817676,PSZ2 G205.90+73.76
FRB20190101A,171.01,27.99,867.0,830.3,836.0,31.0,3.1305816299194094,PSZ2 G205.90+73.76
FRB20181022D,179.18,36.53,512.7,494.2,496.7,16.000000000000057,1.1786372349729566,PSZ2 G170.26+73.90
FRB20190414A,181.44,38.9,812.0,791.8,793.5,18.5,1.7368740746304525,PSZ2 G152.40+75.00
FRB20181030C,309.83,3.99,668.0,595.7,610.0,58.0,3.396088485745849,PSZ2 G049.80-25.16
FRB20190410A,263.47,-2.37,278.2,155.5,167.5,110.69999999999999,1.750057847562721,PSZ2 G022.03+17.75
FRB20190109B,253.47,1.25,176.3,106.9,121.7,54.60000000000001,3.1003704512529375,PSZ2 G018.73+23.56
FRB20190104B,234.72,-6.25,527.3,480.3,492.6,34.69999999999993,2.979417713454692,PSZ2 G002.82+39.23
FRB20190518C,242.01,4.64,444.8,402.4,408.2,36.60000000000002,1.7495851667302067,PSZ2 G014.09+38.38
FRB20190307A,254.55,9.85,352.6,297.3,309.6,43.0,4.228547173788675,PSZ2 G028.05+25.43
FRB20190118A,253.31,11.55,224.8,171.7,182.4,42.400000000000006,3.0273877309997514,PSZ2 G030.90+34.37
FRB20181224E,239.32,7.32,580.7,545.3,549.3,31.40000000000009,4.280125324330202,PSZ2 G014.09+38.38
FRB20181224E,239.32,7.32,580.7,545.3,549.3,31.40000000000009,4.280125324330202,PSZ2 G014.09+38.38
FRB20190206A,244.85,9.36,187.6,146.9,152.8,34.79999999999998,1.728194344369156,PSZ2 G021.08+38.00
FRB20190317E,274.37,13.25,800.7,666.6,696.0,104.70000000000005,4.035315661755649,PSZ2 G037.67+15.71
FRB20190410B,265.76,15.17,642.1,563.8,580.6,61.5,2.2028498586737792,PSZ2 G041.69+21.68
FRB20190218B,268.7,17.93,549.9,466.3,482.5,67.39999999999998,1.9757971272688668,PSZ2 G041.69+21.68
FRB20190128D,283.32,17.44,428.6,197.4,222.9,205.70000000000002,1.6198361227012963,PSZ2 G047.53+08.55
FRB20180915A,280.55,17.91,370.4,199.1,224.9,145.49999999999997,1.561027743800201,PSZ2 G047.53+08.55
FRB20190412B,285.65,19.25,375.3,110.9,110.1,265.20000000000005,4.4228530749520045,PSZ2 G052.93+10.42
FRB20190430C,277.22,24.92,399.5,301.5,317.4,82.10000000000002,5.334782874248079,PSZ2 G052.93+10.42
FRB20190111B,260.02,13.53,1334.4,1271.8,1285.9,48.5,3.5742613923006643,PSZ2 G038.68+24.50
FRB20190613A,257.4,18.85,714.9,661.5,672.6,42.299999999999955,2.124836918235616,PSZ2 G041.45+29.10
FRB20190425A,255.72,21.52,127.8,79.4,89.3,38.5,2.2179657443584833,PSZ2 G042.53+35.20
FRB20190320C,254.73,22.38,367.2,321.7,331.4,35.80000000000001,1.0432108741198942,PSZ2 G042.53+35.20
FRB20190623A,270.48,24.52,1082.1,1008.0,1022.5,59.59999999999991,4.154880608069463,PSZ2 G049.09+25.23
FRB20190520A,273.52,26.32,431.9,352.8,367.3,64.59999999999997,4.800233637022819,PSZ2 G058.29+18.55
FRB20190307B,269.2,38.4,291.1,239.1,248.9,42.20000000000002,1.689453887440451,PSZ2 G066.34+26.14
FRB20181027A,131.9,-4.24,726.3,663.7,670.0,56.299999999999955,1.7899738783159576,PSZ2 G233.05+23.67
