ID,Name,RAJ2000,DEJ2000,zlambda,lambda,Ng,iLum,Y5R500,e_Y5R500,SNR,dist_to_5th_neighbor_Mpc,neighbor_density_knn,feed_proxy,lensing_tightness_tsz,ambient_smoothing_proxy,choke_L1_tsz,choke_L2_tsz
1127,RMJ020017.0+274821.2,30.0709698,27.8058965,0.5517,195.54,95,89.135,1.699678,0.624585,4.97616,774.976937683791,2.1484916197144805e-09,195.54,1.699678,2.1484916197144805e-09,154692265527.27612,791102922.8151587
489,RMJ010819.0+275802.1,17.0793565,27.9672619,0.2487,78.06,139,51.547,2.340162,1.17333,4.5185,384.57031198618506,1.7582180581474036e-08,78.06,2.340162,1.7582180581474036e-08,10389669522.134169,133098507.84184176
860,RMJ010415.0+293335.1,16.062299,29.5597456,0.3595,115.1,185,66.01,3.13855,1.303678,4.97826,293.3817119954977,3.96005196068267e-08,115.1,3.13855,3.96005196068267e-08,9122281944.445116,79255273.19239892
1276,RMJ011007.2+321048.7,17.5299813,32.1801885,0.3525,70.7,123,55.341,2.390831,1.128412,4.66561,337.73978296560426,2.595693084816391e-08,70.7,2.390831,2.595693084816391e-08,6512008399.173149,92107615.26411809
2497,RMJ010140.9+345028.5,15.4205347,34.8412599,0.2233,47.46,83,40.805,2.151088,0.704948,5.81978,352.10071708896425,2.2908638091069314e-08,47.46,2.151088,2.2908638091069314e-08,4456425391.773897,93898554.39894433
207,RMJ085754.0+031035.2,134.4751077,3.1764365,0.2009,90.91,132,65.506,2.55573,0.949442,5.95827,262.4251227435982,5.5332943417740524e-08,90.91,2.55573,5.5332943417740524e-08,4198970811.039632,46188217.03926556
448,RMJ084527.8+032738.9,131.3656953,3.4608064,0.3487,90.16,165,72.348,2.839246,1.208137,4.98865,417.22871818251963,1.3768208024744952e-08,90.16,2.839246,1.3768208024744952e-08,18592573477.966606,206217540.79377338
79,RMJ094201.1+085819.9,145.5046344,8.9722027,0.2089,104.76,152,62.235,4.570556,3.806776,5.07984,229.16134049278418,8.30952000944497e-08,104.76,4.570556,8.30952000944497e-08,5762203424.69555,55003850.942111015
5,RMJ090912.2+105824.9,137.3007446,10.9735949,0.1705,174.7,231,112.058,3.911501,0.940982,8.42995,211.17033421275858,1.0619431752417634e-07,174.7,3.911501,1.0619431752417634e-07,6434800285.282968,36833430.36796204
938,RMJ093645.4+123018.2,144.1892031,12.5050687,0.3168,85.4,143,46.758,1.313016,0.380853,5.81092,305.031044076124,3.52344807919868e-08,85.4,1.313016,3.52344807919868e-08,3182438448.915686,37265087.22383707
658,RMJ094257.4+143028.4,145.7392562,14.5078821,0.3543,82.27,146,65.545,2.115276,1.187309,4.77063,308.287424703585,3.412970782495165e-08,82.27,2.115276,3.412970782495165e-08,5098893826.239386,61977559.575050265
49,RMJ092415.4+140742.1,141.0641936,14.1283725,0.136,92.11,121,61.466,4.904376,1.34267,7.01676,251.3590928455698,6.296746348711874e-08,92.11,4.904376,6.296746348711874e-08,7174214242.446226,77887463.27701907
27,RMJ094951.8+170710.6,147.4658411,17.1195975,0.3832,185.38,298,126.327,2.250464,0.440062,9.82794,347.9040207772422,2.3747705584301767e-08,185.38,2.250464,2.3747705584301767e-08,17567634685.33907,94765533.95910598
329,RMJ092804.5+203145.1,142.0188805,20.529197,0.2082,93.04,143,72.839,3.823488,2.02953,4.8426,304.1465083434148,3.5542788302739986e-08,93.04,3.823488,3.5542788302739986e-08,10008706140.046314,107574227.64452186
2192,RMJ091111.5+174628.9,137.7979849,17.7747004,0.5213,130.74,98,66.444,1.37747,0.441526,5.58758,606.7343507535193,4.4771768477705765e-09,130.74,1.37747,4.4771768477705765e-09,40224104144.93155,307664862.6658371
4248,RMJ081107.4+164304.6,122.7806833,16.7179569,0.093,34.01,47,19.605,3.370131,1.426301,4.63239,287.43794087860147,4.21083012075071e-08,34.01,3.370131,4.21083012075071e-08,2721984787.39783,80034836.44215907
103,RMJ075100.8+173753.8,117.7531383,17.6316018,0.1839,112.27,167,74.911,5.810598,1.914718,5.28183,315.50872751243594,3.183947285286271e-08,112.27,5.810598,3.183947285286271e-08,20488901951.193775,182496677.21736684
388,RMJ074323.1+173341.9,115.8462624,17.5616385,0.1011,54.42,64,35.374,3.092429,1.054064,4.83866,290.27373029440116,4.088620462328527e-08,54.42,3.092429,4.088620462328527e-08,4116057915.636329,75635022.33804354
858,RMJ081327.4+220331.4,123.3641036,22.0587294,0.3829,99.53,168,65.665,1.236013,0.410597,5.86092,390.3127770603456,1.6817510015543635e-08,99.53,1.236013,1.6817510015543635e-08,7315017132.518312,73495600.64822981
224,RMJ082728.4+223245.7,126.8684565,22.5460272,0.3365,119.21,222,78.546,1.608518,0.466229,6.95545,362.7079522813956,2.0956983311301497e-08,119.21,1.608518,2.0956983311301497e-08,9149763013.677353,76753317.78942499
1062,RMJ081435.5+271915.7,123.6477564,27.3210206,0.2831,81.3,132,71.456,1.228145,0.421427,4.96606,356.75352209397255,2.202394894869403e-08,81.3,1.228145,2.202394894869403e-08,4533618777.114028,55764068.59918854
482,RMJ081305.4+292014.8,123.2725143,29.3374538,0.3604,97.24,168,65.893,1.011536,0.36412,4.6393,268.4221854073104,5.170645651228938e-08,97.24,1.011536,5.170645651228938e-08,1902310993.1468961,19563050.114632826
208,RMJ093049.7+285108.0,142.7069495,28.8522261,0.2991,105.81,164,75.764,1.785653,0.630789,6.26546,356.75352209397255,2.202394894869403e-08,105.81,1.785653,2.202394894869403e-08,8578840441.836555,81077785.10383286
2336,RMJ083434.8+265656.3,128.6450161,26.9489825,0.4587,81.71,97,50.926,2.207815,1.146069,4.9816,442.1067602842106,1.1572269327355636e-08,81.71,2.207815,1.1572269327355636e-08,15589039500.104952,190784965.12183276
31,RMJ084257.6+362159.3,130.7398189,36.36646,0.2965,139.98,210,78.972,7.444807,0.715703,18.86364,282.1161943562815,4.4536486231966106e-08,139.98,7.444807,4.4536486231966106e-08,23399333266.485096,167161975.0427568
54,RMJ085007.9+360413.7,132.5329844,36.0704592,0.372,160.11,255,110.743,3.082039,0.848283,7.22065,282.1161943562815,4.4536486231966106e-08,160.11,3.082039,4.4536486231966106e-08,11080022382.542942,69202563.12874237
363,RMJ100655.7+315934.9,151.7320863,31.9930185,0.3748,114.89,205,75.106,1.24176,0.391548,5.48132,474.53055171352105,9.358526262415177e-09,114.89,1.24176,9.358526262415177e-09,15244473584.795166,132687558.40190761
693,RMJ101017.3+324954.6,152.5722473,32.8318431,0.302,76.68,156,60.731,2.06332,0.729818,5.85427,398.68053710777355,1.5780650300696387e-08,76.68,2.06332,1.5780650300696387e-08,10025909869.697708,130749998.30070041
248,RMJ103144.3+350229.0,157.9347143,35.0413953,0.1254,68.33,88,48.035,1.933558,0.551067,6.72116,197.31837951817369,1.3016594615808215e-07,68.33,1.933558,1.3016594615808215e-07,1015012159.7821347,14854561.09735306
373,RMJ101622.9+333817.4,154.0952386,33.6381652,0.129,65.4,93,45.47,3.719381,0.867033,7.82347,214.76712440053802,1.0094773832553741e-07,65.4,3.719381,1.0094773832553741e-07,2409638110.1236033,36844619.4208502
424,RMJ110608.5+333339.7,166.5353534,33.5610237,0.4973,167.24,147,99.736,1.996677,0.744262,5.10765,580.4565623908684,5.113176961957701e-09,167.24,1.996677,5.113176961957701e-09,65306611518.51651,390496361.6271018
37,RMJ113613.0+400235.8,174.0543538,40.0432723,0.2946,155.13,278,118.396,2.244298,1.209427,5.60437,354.1202539306928,2.2518927312853146e-08,155.13,2.244298,2.2518927312853146e-08,15460680870.94369,99662740.09504087
97,RMJ115353.2+425213.2,178.4715915,42.8703458,0.3329,117.06,200,80.563,0.989761,0.39758,4.81041,259.61357093386624,5.7150209588926136e-08,117.06,0.989761,5.7150209588926136e-08,2027314046.4991436,17318589.155126803
3019,RMJ112337.7+430328.0,170.9071336,43.0577886,0.1918,47.13,90,35.299,3.974026,2.793673,5.4742,272.5291997188108,4.940385942055176e-08,47.13,3.974026,4.940385942055176e-08,3791117689.5237837,80439586.02851227
83,RMJ115914.9+494748.4,179.8118882,49.7967864,0.3632,133.62,227,97.323,2.605409,0.54222,10.17122,296.49922883090255,3.83644781910679e-08,133.62,2.605409,3.83644781910679e-08,9074403380.287693,67912014.52093767
109,RMJ114852.3+513308.0,177.2179579,51.5522232,0.1348,76.31,106,50.215,2.01253,0.833341,4.8855,162.1539826610643,2.3454011863091502e-07,76.31,2.01253,2.3454011863091502e-07,654796992.4995037,8580749.475815801
2916,RMJ101945.7+405938.9,154.9403103,40.9941271,0.0877,33.52,48,18.025,4.261852,1.930344,4.9681,201.1016399403495,1.2295697312230323e-07,33.52,4.261852,1.2295697312230323e-07,1161847721.2992408,34661328.20105133
2220,RMJ093930.4+404710.4,144.8767096,40.7862247,0.2394,54.86,111,35.402,1.837718,0.74489,5.20047,309.880186812658,3.360613538659998e-08,54.86,1.837718,3.360613538659998e-08,2999964391.0319896,54684002.75304391
1948,RMJ091051.0+385022.4,137.7126681,38.8395429,0.5715,143.03,91,86.436,1.487982,0.530568,5.75956,762.1535610613605,2.25877280618076e-09,143.03,1.487982,2.25877280618076e-09,94221988540.6963,658756824.0278004
3039,RMJ095249.2+515305.4,148.2048763,51.8848374,0.2153,49.7,87,42.191,1.167596,0.431497,4.95217,210.38784985527155,1.0738361853848719e-07,49.7,1.167596,1.0738361853848719e-07,540394540.5248356,10873129.588024862
404,RMJ102339.9+490838.4,155.9163159,49.1440034,0.1425,68.62,91,44.534,3.809337,0.706245,11.16648,167.05695026474535,2.1448965643344768e-07,68.62,3.809337,2.1448965643344768e-07,1218691424.5028257,17760003.2716821
524,RMJ113241.9+541310.4,173.1744786,54.2195612,0.3539,98.34,179,65.764,1.922667,0.878361,4.74499,298.53862338983265,3.7583603899455654e-08,98.34,1.922667,3.7583603899455654e-08,5030786118.484462,51157068.52231505
215,RMJ111514.8+531954.6,168.8118656,53.3318236,0.4713,184.82,193,106.09,2.041539,0.658089,8.58441,441.0031742502928,1.1659363803703373e-08,184.82,2.041539,1.1659363803703373e-08,32361734682.31195,175098661.84564415
189,RMJ114224.8+583205.6,175.6032481,58.5348772,0.335,105.89,170,92.745,1.514204,0.235247,10.64874,234.56235827856503,7.748632110000174e-08,105.89,1.514204,7.748632110000174e-08,2069256344.653023,19541565.25312138
293,RMJ102228.4+500620.2,155.6184311,50.1056177,0.1589,79.18,121,63.908,3.284217,0.71138,9.65552,211.00447149354184,1.0644494056395838e-07,79.18,3.284217,1.0644494056395838e-07,2442993539.0282836,30853669.34867749
1237,RMJ105452.0+552112.6,163.7168478,55.3534915,0.4853,120.5,126,78.98,1.07037,0.479847,4.61584,490.27067792088894,8.485789232851416e-09,120.5,1.07037,8.485789232851416e-09,15199480149.786842,126136764.7285215
114,RMJ105823.7+564742.0,164.5986581,56.7950042,0.1403,90.15,107,65.014,5.907014,0.795964,15.99257,163.72078962914833,2.2787071142620665e-07,90.15,5.907014,2.2787071142620665e-07,2336927412.7730527,25922655.715729926
336,RMJ111456.8+592649.3,168.7367366,59.4470295,0.3658,93.17,161,64.487,1.02225,0.29595,5.86,296.49922883090255,3.83644781910679e-08,93.17,1.02225,3.83644781910679e-08,2482583811.6618695,26645742.316860247
213,RMJ115049.1+621948.4,177.7047031,62.3301096,0.3411,113.1,202,77.209,0.804526,0.235468,5.03832,207.12524354609647,1.1253844337771412e-07,113.1,0.804526,1.1253844337771412e-07,808540511.7485304,7148899.308121401
1466,RMJ114649.1+650506.8,176.7046887,65.0852347,0.5238,123.25,76,67.713,0.888056,0.353224,5.02731,644.675749487871,3.732295305063121e-09,123.25,0.888056,3.732295305063121e-09,29325895475.50523,237938300.00409922
22,RMJ073220.3+314120.7,113.0846444,31.6890833,0.1805,120.09,195,77.444,2.911697,0.828675,8.14396,393.49830527211856,1.6412373857108674e-08,120.09,2.911697,1.6412373857108674e-08,21305004125.198483,177408644.55990076
720,RMJ082607.3+364738.5,126.5304403,36.7940402,0.365,89.64,175,63.124,6.473143,3.330921,4.51375,266.7045305731399,5.271191817134337e-08,89.64,6.473143,5.271191817134337e-08,11007995129.94107,122802266.06359962
260,RMJ080056.8+360323.5,120.236741,36.056537,0.2965,107.93,187,78.791,6.411501,2.530474,6.75058,290.59429004473117,4.075104692066019e-08,107.93,6.411501,4.075104692066019e-08,16980994482.84774,157333405.75231853
306,RMJ080747.3+394635.6,121.9471756,39.7765563,0.3653,125.72,210,92.431,1.252954,0.395197,5.46934,268.78471087811266,5.149752011345714e-08,125.72,1.252954,5.149752011345714e-08,3058814803.760562,24330375.467392314
128,RMJ082944.9+382754.4,127.4372155,38.4651126,0.3764,145.69,238,98.728,4.174519,1.705354,6.19264,306.43373404127857,3.475283833534681e-08,145.69,4.174519,3.475283833534681e-08,17500316585.405907,120120231.89927866
463,RMJ082805.9+444600.3,127.0244727,44.7667578,0.1533,56.19,76,45.369,1.009781,0.271138,4.91371,265.8074291470628,5.324743044453133e-08,56.19,1.009781,5.324743044453133e-08,1065583708.2900462,18963938.570742946
11,RMJ082529.1+470800.9,126.3710923,47.1335713,0.1277,131.58,160,82.224,2.213008,0.690816,7.44124,242.6868243189103,6.996186913335916e-08,131.58,2.213008,6.996186913335916e-08,4162089953.3851385,31631630.59268231
2584,RMJ081646.0+493258.8,124.191516,49.5496593,0.3469,63.95,146,52.819,1.996827,0.704882,5.79713,366.7291977643908,2.0275124734984462e-08,63.95,1.996827,2.0275124734984462e-08,6298214601.346464,98486545.75991343
3602,RMJ085058.7+483002.6,132.744463,48.5007238,0.5335,132.65,91,57.387,1.810108,0.543033,7.18354,675.6649974751997,3.2419457021397668e-09,132.65,1.810108,3.2419457021397668e-09,74063802500.30737,558340011.3102704
635,RMJ090302.2+521332.2,135.7592524,52.225606,0.2126,73.76,109,38.11,1.645886,0.606097,5.38213,239.02865988074427,7.322343025947783e-08,73.76,1.645886,7.322343025947783e-08,1657946792.847584,22477586.670927115
1807,RMJ093819.7+520304.5,144.5819284,52.0512503,0.3642,83.39,169,61.524,1.363246,0.363329,6.72144,367.5412277438162,2.0141036422268585e-08,83.39,1.363246,2.0141036422268585e-08,5644251941.985989,67684997.5055281
13,RMJ091753.4+514337.5,139.4725831,51.7270958,0.2269,153.61,223,115.654,4.408163,0.739971,12.36306,202.24812062896632,1.2087779133049e-07,153.61,4.408163,1.2087779133049e-07,5601838939.782149,36467931.38325727
305,RMJ092200.5+515521.0,140.5021024,51.9224998,0.21,91.85,147,70.493,2.639577,1.225022,4.96161,221.6306349337669,9.185665536811921e-08,91.85,2.639577,9.185665536811921e-08,2639385752.490022,28735827.46314668
1024,RMJ091944.3+562201.4,139.9344317,56.3670574,0.2709,67.03,116,45.25,1.732637,0.8318,5.08733,246.15800275418502,6.704372274437769e-08,67.03,1.732637,6.704372274437769e-08,1732282357.7803102,25843388.897214834
135,RMJ091105.6+610747.4,137.7733266,61.1298254,0.2896,111.5,198,85.013,1.924112,0.620027,6.40044,349.3331911058894,2.345743095400238e-08,111.5,1.924112,2.345743095400238e-08,9145864626.893202,82025691.72101526
75,RMJ101734.3+593339.8,154.3930239,59.561061,0.2891,123.77,208,80.636,1.020599,0.185652,6.61387,324.512479780202,2.9262120246721536e-08,123.77,1.020599,2.9262120246721536e-08,4316827938.814604,34877821.271831654
450,RMJ102320.8+594839.7,155.8367123,59.8110322,0.2025,75.27,113,64.766,1.734343,0.770255,5.01426,218.23265621499715,9.62145568473231e-08,75.27,1.734343,9.62145568473231e-08,1356800902.9772089,18025785.87720485
544,RMJ100838.3+604644.2,152.1594549,60.7789489,0.3977,101.94,155,66.969,1.664461,0.611061,5.24259,383.04570957524544,1.7792959624080028e-08,101.94,1.664461,1.7792959624080028e-08,9536083817.689938,93546044.90572825
357,RMJ113314.7+662246.3,173.3113601,66.3795322,0.121,57.81,71,41.117,3.126199,0.610988,9.16206,153.9055525402152,2.743071543226629e-07,57.81,3.126199,2.743071543226629e-07,658843786.3979865,11396709.676491722
3244,RMJ143312.4+122756.8,218.3015125,12.4657709,0.2362,46.43,71,34.984,1.360977,0.424082,5.65158,237.59104878468096,7.456066557235705e-08,46.43,1.360977,7.456066557235705e-08,847499973.6781776,18253283.94740852
1132,RMJ144756.9+144532.6,221.9872289,14.7590606,0.2203,66.36,111,55.079,2.647059,1.236014,4.99666,246.2892488434908,6.69365982364138e-08,66.36,2.647059,6.69365982364138e-08,2624256981.5034437,39545765.24266793
823,RMJ154018.0+175304.2,235.0749166,17.8844978,0.0883,42.18,55,24.208,3.764905,1.141827,6.91491,169.25965494963248,2.0622420896893803e-07,42.18,3.764905,2.0622420896893803e-07,770053592.126613,18256367.760232646
611,RMJ135938.0+141648.4,209.9084962,14.2801116,0.2098,72.24,122,49.436,5.353469,1.285472,9.51518,188.80608552582532,1.4857715407735232e-07,72.24,5.353469,1.4857715407735232e-07,2602921041.0010815,36031575.872108
172,RMJ140358.9+154409.6,210.995264,15.7359872,0.1807,81.73,114,54.537,2.68569,1.310455,4.62169,225.4036979576657,8.73206358882901e-08,81.73,2.68569,8.73206358882901e-08,2513740783.802923,30756647.299680937
362,RMJ135403.0+145440.5,208.5123762,14.9112489,0.1262,61.65,81,41.512,2.504752,1.143968,5.07538,233.20332346861335,7.884892809444319e-08,61.65,2.504752,7.884892809444319e-08,1958402790.3973808,31766468.619584445
1285,RMJ141438.9+270311.1,213.662227,27.053074,0.4786,133.41,138,77.821,3.459252,1.034107,7.40165,603.6107149977195,4.547044226334484e-09,133.41,3.459252,4.547044226334484e-09,101494242489.9238,760769376.2830657
78,RMJ150019.5+212209.9,225.0813243,21.3694139,0.1598,91.82,123,62.609,4.626342,1.301036,7.52451,215.43219802482935,1.0001569621646279e-07,91.82,4.626342,1.0001569621646279e-07,4247240568.3266997,46256159.53307232
1211,RMJ145332.1+280358.0,223.3838347,28.0661185,0.2569,65.83,105,45.14,2.148149,0.809342,4.8972,260.6384940550837,5.647865256539427e-08,65.83,2.148149,5.647865256539427e-08,2503824759.38611,38034706.96317955
1249,RMJ153950.8+304304.0,234.9615724,30.7177776,0.0978,44.93,55,31.211,3.394389,1.331867,4.84985,105.7864278052919,8.447148782267953e-07,44.93,3.394389,8.447148782267953e-07,180546006.35204273,4018384.294503511
92,RMJ152407.4+295320.3,231.0309334,29.8889592,0.1169,96.77,145,64.246,13.281542,2.21515,12.92534,137.86073396511063,3.8166140173705863e-07,96.77,13.281542,3.8166140173705863e-07,3367526329.595839,34799280.04129212
133,RMJ144431.8+311336.0,221.1324748,31.2266712,0.2384,114.8,172,81.993,1.286284,0.377239,6.14944,239.1353701769882,7.312544967576326e-08,114.8,1.286284,7.312544967576326e-08,2019343523.4209888,17590100.37823161
477,RMJ143201.0+293253.3,218.0041127,29.5481375,0.2223,86.1,121,63.056,1.775363,0.412798,6.6217,239.76547716138666,7.255043938759263e-08,86.1,1.775363,7.255043938759263e-08,2106930786.2267952,24470740.838871025
1999,RMJ143242.6+313407.1,218.1776124,31.5686268,0.137,40.46,55,25.398,1.080058,0.274476,5.57971,161.3529799121882,2.3805046192625358e-07,40.46,1.080058,2.3805046192625358e-07,183570938.3901036,4537096.846023322
55,RMJ151011.7+332911.3,227.5488032,33.4864677,0.1192,99.8,128,72.548,5.529096,0.778636,15.90024,163.14468280958292,2.3029326037389628e-07,99.8,5.529096,2.3029326037389628e-07,2396091747.991714,24008935.350618374
460,RMJ144415.9+355713.1,221.0660512,35.9536256,0.3621,97.35,168,60.977,2.646044,1.622947,4.66757,473.0604888156706,9.446044155733729e-09,97.35,2.646044,9.446044155733729e-09,27269868651.168854,280121917.32068676
1,RMJ155820.0+271400.3,239.5833291,27.2334129,0.0948,169.84,203,115.15,33.621746,2.701004,28.38608,112.38321683627876,7.045237250604315e-07,169.84,33.621746,7.045237250604315e-07,8105216527.875182,47722659.72606678
131,RMJ162031.1+295327.7,245.1297049,29.891029,0.0934,77.3,100,49.326,4.302374,1.240862,7.9889,105.7268949720337,8.461426112092142e-07,77.3,4.302374,8.461426112092142e-07,393046639.88582546,5084691.330993861
1467,RMJ162356.7+370019.0,245.9862745,37.0052835,0.3428,67.13,111,41.371,1.762674,0.693743,5.40143,467.0624873206882,9.814654965503574e-09,67.13,1.762674,9.814654965503574e-09,12056287871.137482,179596124.9983239
14,RMJ172227.2+320757.2,260.613259,32.1325684,0.2293,179.95,272,134.45,4.058139,0.584038,14.03012,280.8676417865236,4.5133070073607633e-08,179.95,4.058139,4.5133070073607633e-08,16180200280.171804,89914977.93927094
1117,RMJ171755.7+323437.6,259.4819617,32.5771033,0.1148,47.04,63,31.313,3.152592,1.455348,5.24777,180.8219797393739,1.6914000555119857e-07,47.04,3.152592,1.6914000555119857e-07,876776178.389744,18638949.370530274
95,RMJ170245.5+340340.1,255.6897736,34.0611496,0.0967,85.52,107,50.133,9.144819,1.682605,12.73948,130.24139334401482,4.5263996739249717e-07,85.52,9.144819,4.5263996739249717e-07,1727785828.072599,20203295.463898495
18,RMJ170948.6+342728.3,257.4523764,34.4578606,0.085,112.78,137,82.193,9.05448,1.792625,11.62464,143.00691632815526,3.4192343983889705e-07,112.78,9.05448,3.4192343983889705e-07,2986528957.7138634,26481015.762669474
4342,RMJ163851.8+413737.1,249.7156266,41.626977,0.3623,49.77,93,39.287,1.219107,0.43587,5.21985,526.6164488644305,6.8472587472631826e-09,49.77,1.219107,6.8472587472631826e-09,8861203823.245543,178043074.60810813
1136,RMJ171706.8+422517.3,259.2782023,42.4214735,0.1793,56.46,80,28.665,1.829035,0.518344,8.43776,246.23615521109787,6.697990633820736e-08,56.46,1.829035,6.697990633820736e-08,1541765609.2046998,27307219.4333103
504,RMJ154833.7+360535.7,237.1405342,36.0932368,0.2492,87.93,136,74.078,2.107438,0.657051,6.85405,260.6384940550837,5.647865256539427e-08,87.93,2.107438,5.647865256539427e-08,3281009990.906578,37313885.94230158
519,RMJ153519.5+342128.7,233.8310814,34.3579723,0.2322,82.82,128,54.533,1.467259,0.542708,5.19457,239.1719763984249,7.309187839250448e-08,82.82,1.467259,7.309187839250448e-08,1662542994.550563,20074172.83929683
19,RMJ153940.5+342527.3,234.9187201,34.4242463,0.2338,151.49,224,97.625,3.066711,0.616419,8.39736,248.3842653766568,6.525709816800757e-08,151.49,3.066711,6.525709816800757e-08,7119165001.697232,46994290.06335225
1019,RMJ153754.2+392444.8,234.4759373,39.4124463,0.4215,87.35,134,61.834,1.473789,0.458546,6.35144,536.496726131657,6.475879688612455e-09,87.35,1.473789,6.475879688612455e-09,19879224960.95404,227581281.75104797
909,RMJ162414.0+411437.6,246.0583041,41.2437817,0.1885,56.26,80,42.338,1.378234,0.510332,5.18461,254.01294572997213,6.10144143735724e-08,56.26,1.378234,6.10144143735724e-08,1270838139.414892,22588662.27186086
13095,RMJ153906.4+503644.9,234.7765779,50.6124757,0.5015,54.94,56,35.337,2.48253,1.592451,4.76356,676.190584978194,3.2343919054535383e-09,54.94,2.48253,3.2343919054535383e-09,42168729760.30865,767541495.4551992
2296,RMJ155318.9+510724.9,238.3285967,51.1235919,0.2411,48.1,83,35.792,1.951794,0.98312,4.66116,295.66214003798444,3.869125811778017e-08,48.1,1.951794,3.869125811778017e-08,2426421263.2790513,50445348.50891998
2,RMJ164019.8+464241.5,250.0825484,46.7115314,0.2328,199.54,287,132.716,12.141486,0.942547,27.43035,280.44610651323313,4.5336893105280173e-08,199.54,12.141486,4.5336893105280173e-08,53437982854.582466,267805867.76878053
431,RMJ162659.0+552829.8,246.7458322,55.4749539,0.1381,63.46,87,41.967,2.720767,0.975525,6.41603,246.23615521109787,6.697990633820736e-08,63.46,2.720767,6.697990633820736e-08,2577786134.070922,40620645.037360884
1679,RMJ134931.6+280001.6,207.3815069,28.0004514,0.0837,36.71,50,28.432,5.931287,1.788779,7.61657,202.3630921344326,1.2067188015561374e-07,36.71,5.931287,1.2067188015561374e-07,1804376839.8173144,49152188.49951823
893,RMJ130558.9+263048.4,196.4954146,26.5134462,0.3163,70.27,136,54.717,3.400301,1.474107,5.34141,316.81525597905005,3.144718245652812e-08,70.27,3.400301,3.144718245652812e-08,7598109992.85243,108127365.77276833
907,RMJ132248.8+313917.8,200.7032031,31.6549493,0.3259,88.38,164,66.174,1.91183,0.434187,8.99457,359.27286457861317,2.156387222542175e-08,88.38,1.91183,2.156387222542175e-08,7835676896.694061,88658937.50502446
299,RMJ130550.8+305417.4,196.4615396,30.9048299,0.187,74.27,102,49.673,2.661633,0.77199,8.04678,252.24009777082304,6.230998142222507e-08,74.27,2.661633,6.230998142222507e-08,3172517121.6226773,42715997.32897102
180,RMJ142140.1+371728.7,215.4170017,37.2912994,0.1631,82.52,111,54.611,2.863252,0.826451,7.06509,215.43219802482935,1.0001569621646279e-07,82.52,2.863252,1.0001569621646279e-07,2362384745.376682,28628026.482994206
65,RMJ142556.7+374859.2,216.4861181,37.8164556,0.1705,103.34,144,64.91,4.953658,0.590582,17.8133,235.57555445272686,7.649082307500452e-08,103.34,4.953658,7.649082307500452e-08,6692450115.460727,64761468.11941868
1481,RMJ140344.1+382703.9,210.9338937,38.4510923,0.4845,113.3,114,71.433,1.626152,0.792879,5.73757,606.7221301658049,4.477447390899191e-09,113.3,1.626152,4.477447390899191e-09,41149120361.41179,363187293.56938916
3378,RMJ142040.4+395510.4,215.1682783,39.9195443,0.5791,129.98,87,78.485,1.800829,0.703542,6.40328,726.0962509687628,2.6122661140449504e-09,129.98,1.800829,2.6122661140449504e-09,89604865354.8366,689374252.61453
15095,RMJ142716.1+440730.6,216.8171952,44.1251712,0.5099,64.62,71,37.93,0.958789,0.364103,5.30269,550.1554680994309,6.0054243207853525e-09,64.62,0.958789,6.0054243207853525e-09,10316830563.58916,159653831.06761312
527,RMJ140026.7+410140.5,210.1114189,41.0279213,0.2504,76.29,113,52.924,1.843854,0.662327,5.48548,251.2085284766633,6.308075191631581e-08,76.29,1.843854,6.308075191631581e-08,2229961079.833235,29230057.410318978
776,RMJ134344.4+400424.6,205.9349566,40.0734911,0.2293,71.41,116,52.119,1.550076,0.610759,5.1209,239.18384687407496,7.30809964832772e-08,71.41,1.550076,7.30809964832772e-08,1514633522.8930397,21210384.020347845
6,RMJ133520.1+410004.1,203.8337227,41.0011464,0.2317,189.18,277,128.979,6.085056,0.680894,17.62787,251.79853030908635,6.263836704043483e-08,189.18,6.085056,6.263836704043483e-08,18378047648.28698,97145827.50971022
5570,RMJ141343.5+433841.1,213.4312442,43.6447537,0.0901,25.37,32,15.776,1.114228,0.411369,5.38624,169.10202727767566,2.0680143952286158e-07,25.37,1.114228,2.0680143952286158e-07,136691332.6387896,5387912.204918785
84,RMJ123030.5+343801.4,187.6272736,34.6337247,0.3378,133.33,235,78.008,1.116534,0.319319,6.09016,259.61357093386624,5.7150209588926136e-08,133.33,1.116534,5.7150209588926136e-08,2604845709.067106,19536831.23878426
841,RMJ121826.4+401328.8,184.6100262,40.2246584,0.3244,76.07,145,55.761,2.133985,0.791599,5.46072,285.1251116856218,4.314133645688584e-08,76.07,2.133985,4.314133645688584e-08,3762800420.2472944,49464972.00272506
160,RMJ122902.5+473720.6,187.2605719,47.6223791,0.2527,111.62,169,86.918,3.05431,0.78359,8.94485,284.0295972551269,4.364245834216381e-08,111.62,3.05431,4.364245834216381e-08,7811706653.349284,69984829.36166713
307,RMJ133029.5+490847.9,202.6227524,49.1466346,0.3353,117.89,207,79.184,1.083413,0.434911,5.33447,284.22703783544847,4.3551571760474264e-08,117.89,1.083413,4.3551571760474264e-08,2932696878.828079,24876553.387293912
267,RMJ131258.0+461530.3,198.2417408,46.2584081,0.1808,80.63,119,52.473,3.132363,0.638937,8.31206,210.44782119681844,1.0729184132818551e-07,80.63,3.132363,1.0729184132818551e-07,2353976085.8186703,29194792.085063506
631,RMJ130122.0+481545.0,195.3417099,48.2624866,0.2554,71.15,111,47.264,1.27986,0.595983,4.98433,221.10338172137426,9.251536036659554e-08,71.15,1.27986,9.251536036659554e-08,984291026.2594591,13834027.073217975
16,RMJ131505.2+514902.8,198.7718159,51.8174456,0.2836,152.54,229,101.011,3.146452,0.599957,11.1058,214.16277983456382,1.0180474347310326e-07,152.54,3.146452,1.0180474347310326e-07,4714513014.875431,30906732.757804062
35,RMJ133238.4+503336.0,203.1600474,50.5599991,0.2909,152.87,255,113.782,6.198399,0.727364,16.45694,257.1754205186126,5.879110514761016e-08,152.87,6.198399,5.879110514761016e-08,16117221350.932838,105430897.82778072
271,RMJ132511.2+573601.6,201.2965725,57.6004394,0.1156,68.87,92,55.619,0.913078,0.324312,4.74562,129.4369175767439,4.61132268557672e-07,68.87,0.913078,4.61132268557672e-07,136367992.7598374,1980078.303467945
654,RMJ120203.8+580208.2,180.5158889,58.0356056,0.1059,50.12,70,31.25,3.825833,1.350573,5.92953,156.9225797816679,2.587877306808105e-07,50.12,3.825833,2.587877306808105e-07,740957654.5825733,14783672.278183825
4897,RMJ130255.3+575525.4,195.7304617,57.9237097,0.1977,41.96,78,32.945,0.780316,0.126452,6.82543,277.30190137345915,4.689661082292759e-08,41.96,0.780316,4.689661082292759e-08,698175385.9277294,16639070.208001178
789,RMJ125941.5+600305.5,194.9230169,60.0515146,0.3404,69.34,137,42.734,1.630006,0.410063,8.07951,207.12524354609647,1.1253844337771412e-07,69.34,1.630006,1.1253844337771412e-07,1004320058.5301695,14483992.767957447
286,RMJ123658.6+631114.1,189.2441932,63.1872454,0.3121,102.56,187,81.589,1.968519,0.408326,11.362,241.6609122190677,7.085667492445931e-08,102.56,1.968519,7.085667492445931e-08,2849291317.370416,27781701.612426054
132,RMJ143528.5+550752.3,218.8686504,55.1311815,0.1398,86.13,109,62.646,4.008863,1.481812,6.58087,163.42397760222002,2.2911454997317908e-07,86.13,4.008863,2.2911454997317908e-07,1507033796.9824264,17497199.546992064
401,RMJ142724.6+554500.0,216.852328,55.7500012,0.1319,58.81,80,41.967,3.485578,1.369672,6.62761,170.57945797510934,2.0147437154004427e-07,58.81,3.485578,2.0147437154004427e-07,1017433833.4603397,17300354.250303343
731,RMJ142838.4+565139.0,217.1598933,56.8608453,0.1082,54.1,75,42.471,2.801211,0.699212,8.08447,132.93042892848757,4.2572267437171955e-07,54.1,2.801211,4.2572267437171955e-07,355972383.48568225,6579896.182729802
949,RMJ150822.0+575515.2,227.0915245,57.9208859,0.5443,152.87,104,79.315,1.09986,0.284925,7.76994,762.9393573717681,2.2518006615264353e-09,152.87,1.09986,2.2518006615264353e-09,74667176838.835,488435774.44125736
991,RMJ134851.6+572141.3,207.2151767,57.3614691,0.3214,69.67,146,54.017,1.125148,0.572162,4.64587,195.08426161924362,1.3468936251909185e-07,69.67,1.125148,1.3468936251909185e-07,581998902.466322,8353651.535328289
1199,RMJ141016.8+594254.7,212.569938,59.7151929,0.3268,75.38,158,52.929,1.308208,0.56131,6.03458,269.5442990010483,5.1063378767004533e-08,75.38,1.308208,5.1063378767004533e-08,1931182804.999192,25619299.61527185
358,RMJ135950.6+623105.5,209.9606907,62.518193,0.341,96.43,162,70.007,2.006293,0.645038,7.19941,243.96230345728114,6.887027612786974e-08,96.43,2.006293,6.887027612786974e-08,2809148516.1290035,29131478.96016803
1027,RMJ132549.7+591949.0,201.4572645,59.3302728,0.17,52.27,72,44.07,1.914231,0.588962,6.40137,185.80002820788323,1.55905944001595e-07,52.27,1.914231,1.55905944001595e-07,641777034.2930375,12278114.296786636
574,RMJ142521.2+630921.4,216.3384069,63.1559537,0.1385,57.36,83,32.889,2.424025,0.895205,7.13821,158.81778338638583,2.4963335244249443e-07,57.36,2.424025,2.4963335244249443e-07,556985165.0012581,9710341.091374794
702,RMJ125443.6+623347.1,193.6816748,62.5630828,0.3176,75.2,145,58.433,1.201103,0.348471,6.07388,195.61805904062845,1.3358975817256186e-07,75.2,1.201103,1.3358975817256186e-07,676121783.8520763,8990981.168245696
603,RMJ125827.8+652131.1,194.6160048,65.3586519,0.2336,67.77,115,44.274,1.179209,0.43711,6.27024,314.5595620738691,3.2128564769024054e-08,67.77,1.179209,3.2128564769024054e-08,2487350259.948369,36702822.19194879
1106,RMJ131425.0+643644.6,198.6040282,64.6123878,0.2288,39.12,91,26.04,1.823348,0.457159,8.47002,317.54321121686894,3.1231403616179904e-08,39.12,1.823348,3.1231403616179904e-08,2283899072.760429,58381878.138047785
6307,RMJ130240.3+672841.0,195.6680359,67.4780615,0.1063,23.02,33,15.962,2.199518,0.820392,5.44623,160.15196806095756,2.434462898011408e-07,23.02,2.199518,2.434462898011408e-07,207983881.78911868,9034921.016034694
29,RMJ215336.8+174143.7,328.4034622,17.6954792,0.2506,145.84,221,93.759,7.048336,0.682581,19.09002,306.1040798589172,3.4865238935410464e-08,145.84,7.048336,3.4865238935410464e-08,29482927799.35593,202159406.1941575
118,RMJ220052.6+205809.3,330.2190236,20.969254,0.152,91.26,118,48.971,4.970705,0.86388,11.06887,288.0273931426022,4.1850304164273224e-08,91.26,4.970705,4.1850304164273224e-08,10839265027.068834,118773449.7816002
1490,RMJ220325.8+235418.7,330.8575392,23.9051922,0.2658,56.22,100,42.511,0.859055,0.214456,5.1355,318.7506536409693,3.0877828300272775e-08,56.22,0.859055,3.0877828300272775e-08,1564101970.8492048,27821095.176969137
1045,RMJ222655.9+255009.3,336.7328582,25.8359243,0.1771,49.55,64,34.548,1.201831,0.368733,5.80904,279.38942018647145,4.585325081130825e-08,49.55,1.201831,4.585325081130825e-08,1298724190.6807992,26210377.208492417
2867,RMJ222212.5+270837.0,335.5521559,27.1436199,0.2314,44.38,76,23.567,1.136567,0.489962,4.82033,244.54940973582373,6.837544144966266e-08,44.38,1.136567,6.837544144966266e-08,737704099.4628762,16622444.782849845
136,RMJ224527.7+280900.8,341.3656102,28.1502175,0.3608,131.81,217,89.024,2.646994,0.692349,6.97662,502.45126058082684,7.883483800771841e-09,131.81,2.646994,7.883483800771841e-09,44257118801.441635,335764500.4282045
932,RMJ221622.7+302612.9,334.0947344,30.4369165,0.2579,64.3,112,49.898,1.444239,0.525671,4.8056,330.18019802560644,2.7780939520769385e-08,64.3,1.444239,2.7780939520769385e-08,3342743956.8979754,51986686.732472405
3553,RMJ004330.7-101009.1,10.8777606,-10.1692052,0.5004,123.54,100,62.409,0.870187,0.194201,5.02964,598.4262667591909,4.666250576996713e-09,123.54,0.870187,4.666250576996713e-09,23038390289.188217,186485270.27026242
119,RMJ003353.1-075210.4,8.4714262,-7.8695433,0.3042,128.19,229,87.409,3.423457,0.993362,6.86662,314.45088695024015,3.2161887453717884e-08,128.19,3.423457,3.2161887453717884e-08,13645124324.91797,106444530.18892246
1188,RMJ001257.7-085829.5,3.2404544,-8.9748546,0.351,78.14,165,52.833,1.119654,0.28433,5.76871,324.75299184539364,2.919715380602142e-08,78.14,1.119654,2.919715380602142e-08,2996516857.131352,38348052.94511584
1863,RMJ235138.8-085903.5,357.9116652,-8.9843091,0.3869,78.89,124,51.136,1.205342,0.445721,6.13725,397.25459975072016,1.595119397745935e-08,78.89,1.205342,1.595119397745935e-08,5961273526.882751,75564374.78619282
147,RMJ234117.0-090111.8,355.3209241,-9.0199372,0.2594,104.47,180,69.157,2.147235,0.802357,5.05928,262.75239606375703,5.512643969097001e-08,104.47,2.147235,5.512643969097001e-08,4069220535.690517,38951091.563994616
124,RMJ000311.6-060530.1,0.7982614,-6.0916944,0.2475,109.55,171,74.564,4.406637,0.954066,9.3478,266.8806633632285,5.260762244110365e-08,109.55,4.406637,5.260762244110365e-08,9176371425.841469,83764230.26783632
129,RMJ015949.3-084958.9,29.9555556,-8.8330348,0.4081,167.78,232,102.939,2.770525,0.873073,6.71783,649.549020116988,3.6489188429112217e-09,167.78,2.770525,3.6489188429112217e-09,127390798346.48697,759272847.457903
6675,RMJ013725.0-082722.7,24.354122,-8.4563179,0.5655,124.97,65,61.663,2.430819,0.575585,7.98366,824.926164921713,1.7813725829255198e-09,124.97,2.430819,1.7813725829255198e-09,170531113671.40717,1364576407.7091076
2933,RMJ005815.8-065213.7,14.566004,-6.870478,0.1191,34.37,49,25.547,3.743425,1.156605,7.58598,301.56996781257214,3.646160073207923e-08,34.37,3.743425,3.646160073207923e-08,3528685374.9347997,102667598.92158279
120,RMJ023141.2-045257.4,37.9215494,-4.8826222,0.1893,90.19,135,68.005,1.482734,0.589212,5.03756,387.20301772531883,1.7225974493946208e-08,90.19,1.482734,1.7225974493946208e-08,7763147420.600006,86075478.66282299
852,RMJ021441.1-043402.5,33.6712223,-4.5673542,0.1467,56.19,81,53.645,3.510353,1.073705,6.96901,374.28506554886474,1.9071836034289757e-08,56.19,3.510353,1.9071836034289757e-08,10342304470.076445,184059520.73458704
226,RMJ024808.3-021637.2,42.0347586,-2.2769933,0.235,97.19,150,64.596,1.766658,0.317011,8.25116,500.748760077224,7.964166891429805e-09,97.19,1.766658,7.964166891429805e-09,21559253260.34629,221825838.67009252
33,RMJ023952.7-013418.9,39.9696859,-1.5719164,0.3704,174.63,272,126.99,3.24885,0.845742,7.6157,595.8585040055474,4.726836432829852e-09,174.63,3.24885,4.726836432829852e-09,120026720526.97665,687320165.6472352
395,RMJ015334.3-011808.7,28.3930475,-1.3024068,0.2391,93.73,171,55.094,3.187364,1.281673,4.77424,380.8499893609835,1.8102483345960367e-08,93.73,3.187364,1.8102483345960367e-08,16503350507.800219,176073301.05409387
239,RMJ015242.0+010025.5,28.1748473,1.0070893,0.2276,93.85,146,67.866,2.652286,0.976016,5.64442,342.0239188707444,2.4993700633059616e-08,93.85,2.652286,2.4993700633059616e-08,9959191107.96874,106118179.09396634
3526,RMJ004512.5-015231.7,11.3020792,-1.8754627,0.5549,135.42,88,70.916,1.453693,0.696659,5.07692,662.2345875325293,3.443217217452151e-09,135.42,1.453693,3.443217217452151e-09,57173013965.604,422190326.1379708
58,RMJ010455.4+000336.3,16.2307136,0.0600931,0.2761,128.68,200,86.22,2.289691,0.796444,6.1924,288.01586344990835,4.185533035057411e-08,128.68,2.289691,4.185533035057411e-08,7039424498.914714,54704884.20045628
134,RMJ001938.7+033557.3,4.9110692,3.5992569,0.2773,108.6,159,72.418,2.320839,0.954982,7.62567,230.29291167739353,8.187631491288401e-08,108.6,2.320839,8.187631491288401e-08,3078339757.574246,28345669.959247198
1519,RMJ003428.2+022522.6,8.6173359,2.4229474,0.3679,80.95,153,53.989,4.338121,1.829837,5.65848,339.61360968964175,2.5529643038210278e-08,80.95,4.338121,2.5529643038210278e-08,13755417356.380648,169924859.25115067
14361,RMJ010456.6+113905.5,16.2357825,11.6515331,0.5456,79.24,52,48.875,2.426025,0.937826,5.07801,714.2690753894283,2.744191768886151e-09,79.24,2.426025,2.744191768886151e-09,70052764963.29854,884058114.1254233
8,RMJ224319.8-093530.9,340.8324758,-9.5919201,0.441,299.46,288,162.237,3.134822,0.508167,11.81756,544.4502846002675,6.19619836084372e-09,299.46,3.134822,6.19619836084372e-09,151504800435.7582,505926669.457551
871,RMJ224906.4-052710.7,342.2765998,-5.4529644,0.2452,65.01,105,47.04,1.552867,0.670672,5.32064,273.16554701312936,4.905939980225888e-08,65.01,1.552867,4.905939980225888e-08,2057748037.6217687,31652792.45688
192,RMJ221848.0-025824.9,334.6999255,-2.9735696,0.0982,66.44,86,47.301,7.898383,4.580108,4.81405,205.43687365366003,1.1533597943575636e-07,66.44,7.898383,1.1533597943575636e-07,4549912083.698936,68481518.41810562
48,RMJ222356.9-013459.7,335.9872251,-1.5832571,0.0974,90.71,103,68.526,4.993575,1.272535,8.25754,194.16777851471184,1.3660560355287565e-07,90.71,4.993575,1.3660560355287565e-07,3315875604.434271,36554686.412019305
1306,RMJ232054.2-043402.4,350.2258149,-4.5673297,0.1894,48.21,77,32.192,1.924357,0.903288,4.56968,263.10891228624195,5.490265193131736e-08,48.21,1.924357,5.490265193131736e-08,1689777227.6293387,35050346.97426548
51,RMJ230822.2-021131.8,347.0926165,-2.1921747,0.3081,137.76,244,107.384,2.268402,0.709294,6.963,249.76534905509413,6.41805507508315e-08,137.76,2.268402,6.41805507508315e-08,4868999344.259311,35344071.89502984
38,RMJ230800.7-015543.3,347.0030591,-1.9286827,0.3068,161.95,309,114.337,2.946024,0.850966,6.09968,246.57765395532775,6.670199928534209e-08,161.95,2.946024,6.670199928534209e-08,7152837874.603942,44166951.9889098
521,RMJ234517.1-030238.9,356.3211869,-3.0441301,0.355,100.95,207,73.199,2.69892,1.003533,4.82253,226.91972198228237,8.558216555426213e-08,100.95,2.69892,8.558216555426213e-08,3183560175.598189,31536009.66417225
314,RMJ234335.7+001951.3,355.8986243,0.3309302,0.265,78.58,151,59.693,1.399597,0.407726,6.25573,187.04617758327686,1.5281060228265216e-07,78.58,1.399597,1.5281060228265216e-07,719716633.6441141,9159030.715756098
2904,RMJ232731.9+005634.1,351.8827845,0.9428087,0.3001,52.42,115,37.987,1.900598,0.985213,5.27956,157.43904928070657,2.562492626357552e-07,52.42,1.900598,2.562492626357552e-07,388798571.1069845,7416989.147405274
68,RMJ233739.7+001616.9,354.4155373,0.2713672,0.3006,126.33,216,89.385,4.44121,0.835625,11.18705,170.63237654109548,2.012869786987108e-07,126.33,4.44121,2.012869786987108e-07,2787353970.5705433,22064070.05913515
140,RMJ234437.7+030503.6,356.1571906,3.0843212,0.3554,139.18,238,95.562,1.729363,0.845704,4.81067,233.87528553614882,7.817124121322197e-08,139.18,1.729363,7.817124121322197e-08,3079044653.819428,22122752.21884917
236,RMJ225706.2+053349.5,344.275641,5.5637527,0.1755,69.83,100,57.247,2.208663,1.006848,5.46857,243.93240736702688,6.889560122960269e-08,69.83,2.208663,6.889560122960269e-08,2238618061.7831793,32058113.443837598
264,RMJ215413.1-035953.2,328.5546364,-3.9981114,0.1501,78.16,111,47.684,2.946597,1.460565,4.75624,243.93240736702688,6.889560122960269e-08,78.16,2.946597,6.889560122960269e-08,3342826209.651297,42769014.964832366
320,RMJ221145.9-034944.5,332.941311,-3.8290287,0.4265,159.42,174,104.401,3.896354,0.64647,12.45863,418.9224034443689,1.3601889440795619e-08,159.42,3.896354,1.3601889440795619e-08,45666946300.635895,286456820.3527531
86,RMJ215608.6+012327.4,329.0357865,1.3909426,0.2174,115.48,168,75.936,3.739857,1.394439,6.76988,281.0851626410216,4.502837096521071e-08,115.48,3.739857,4.502837096521071e-08,9591257180.804365,83055569.62941086
487,RMJ213512.2-010255.8,323.8008572,-1.0488416,0.3339,124.62,213,70.018,2.269703,0.595789,8.49727,382.6313161057841,1.7850832104852155e-08,124.62,2.269703,1.7850832104852155e-08,15845221455.145306,127148302.48070377
1137,RMJ212940.0+000521.2,322.4164647,0.0892089,0.2472,60.98,105,47.481,5.653016,2.889123,4.87367,334.67069979251727,2.6677610321998722e-08,60.98,5.653016,2.6677610321998722e-08,12921731426.436586,211901138.51158723
155,RMJ213518.8+012527.0,323.8282403,1.4241695,0.2345,108.51,168,63.387,4.55388,1.113348,9.53946,344.47862328963055,2.4463194570335392e-08,108.51,4.55388,2.4463194570335392e-08,20199386363.022552,186152302.67277256
70,RMJ211849.1+003337.2,319.7044574,0.5603428,0.2647,120.29,183,83.563,1.254182,0.515869,5.04271,360.2197676335913,2.139426519183655e-08,120.29,1.254182,2.139426519183655e-08,7051681907.615414,58622345.22915798
20,RMJ212826.3+013603.1,322.1095848,1.6008717,0.3873,189.29,300,135.385,1.667071,0.475676,7.30456,460.7006632573952,1.0226887711027615e-08,189.29,1.667071,1.0226887711027615e-08,30855904406.746635,163008634.40618435
111,RMJ223423.6+055017.8,338.5984446,5.8382853,0.1522,95.35,131,63.802,2.591677,0.932318,7.23265,241.56755823764126,7.093885453544303e-08,95.35,2.591677,7.093885453544303e-08,3483512717.653676,36533956.13690274
1218,RMJ222850.0+072735.1,337.2083824,7.4597493,0.3754,92.82,143,57.232,2.504474,1.315979,4.64083,414.69430160435945,1.402218836873461e-08,92.82,2.504474,1.402218836873461e-08,16578387807.022316,178607927.24652356
1411,RMJ225019.7+105412.6,342.5821972,10.9034938,0.0913,45.86,55,33.56,3.165294,1.292519,5.49883,192.5451362276076,1.4008845387443502e-07,45.86,3.165294,1.4008845387443502e-07,1036205189.1165211,22594967.05443788
259,RMJ221345.3+063210.5,333.4388878,6.5362568,0.3916,125.4,186,83.375,3.290759,1.711963,4.81011,410.1260980692444,1.4495986687004063e-08,125.4,3.290759,1.4495986687004063e-08,28467270804.68133,227011728.9049548
1054,RMJ000810.4+020112.3,2.0433238,2.0200898,0.3704,75.79,144,50.079,1.866549,0.619039,6.1118,313.97069412189364,3.230968029148251e-08,75.79,1.866549,3.230968029148251e-08,4378432328.446569,57770580.926858015
2789,RMJ000349.7+020359.3,0.9569814,2.0664686,0.1053,38.9,53,35.427,1.042464,0.330422,5.30325,194.16777851471184,1.3660560355287565e-07,38.9,1.042464,1.3660560355287565e-07,296853485.84037906,7631195.008750103
2079,RMJ001015.3+064045.0,2.563911,6.6791556,0.2912,57.73,131,44.445,1.085367,0.415015,4.64351,209.5914777677007,1.0861233256701129e-07,57.73,1.085367,1.0861233256701129e-07,576897995.1824653,9993036.466004942
194,RMJ000920.7+064923.1,2.3360866,6.8230883,0.244,105.54,155,75.875,2.845607,1.140423,5.9049,187.04617758327686,1.5281060228265216e-07,105.54,2.845607,1.5281060228265216e-07,1965343754.2539842,18621790.35677453
209,RMJ003706.8+090924.1,9.2785056,9.1567036,0.2688,101.71,187,82.916,2.157172,0.524913,8.40089,274.9407432758586,4.811524402959116e-08,101.71,2.157172,4.811524402959116e-08,4560009380.500368,44833441.94769804
746,RMJ000620.3+105151.5,1.5845312,10.8642943,0.1741,54.39,89,46.895,2.523167,0.953684,5.89843,240.8808984763315,7.154724455666187e-08,54.39,2.523167,7.154724455666187e-08,1918103960.262462,35265746.649429336
190,RMJ233500.9+053557.0,353.7537025,5.5991741,0.1968,86.96,138,67.66,2.824199,1.271009,5.95241,223.71820491428468,8.930916360708924e-08,86.96,2.824199,8.930916360708924e-08,2749912048.4485784,31622723.648212723
50,RMJ233352.4+070453.8,353.4685243,7.0816007,0.3005,143.55,259,97.453,3.56289,1.546636,5.49507,232.9440880293652,7.911246591474366e-08,143.55,3.56289,7.911246591474366e-08,6464883297.294415,45035759.64677405
18358,RMJ234213.7+091404.1,355.5572619,9.2344857,0.4747,74.46,73,30.553,5.003095,1.827851,5.70084,509.13892221905354,7.57689211230895e-09,74.46,5.003095,7.57689211230895e-09,49166656747.66704,660309652.8024045
252,RMJ000158.5+120358.0,0.4936709,12.0661176,0.2113,83.48,123,56.517,1.633391,0.575151,5.39621,274.10498229610994,4.855670531475153e-08,83.48,1.633391,4.855670531475153e-08,2808169948.8489633,33638835.03652328
1181,RMJ235542.6+112035.6,358.927533,11.3432168,0.0814,42.52,55,34.259,4.4016,2.253593,6.17091,137.84275728479716,3.818107436384016e-07,42.52,4.4016,3.818107436384016e-07,490180109.17274857,11528224.580732564
935,RMJ005936.8+131020.8,14.9031966,13.172453,0.4918,148.44,101,76.5,4.757322,1.763915,4.91616,574.6150826792222,5.270707749344105e-09,148.44,4.757322,5.270707749344105e-09,133981414121.8279,902596430.3545399
696,RMJ012141.4+200538.5,20.4224603,20.0940183,0.1943,57.03,92,44.183,1.081584,0.276001,5.17925,286.8798138655965,4.235454578583571e-08,57.03,1.081584,4.235454578583571e-08,1456342746.1103377,25536432.51114041
3056,RMJ001833.6+162616.0,4.6399311,16.437787,0.5697,143.68,85,66.161,3.36988,0.661946,9.68021,583.4662696101601,5.034458170694063e-09,143.68,3.36988,5.034458170694063e-09,96174075140.49306,669362995.1314939
7,RMJ003208.2+180625.3,8.0342646,18.1070239,0.3976,248.39,255,135.335,2.049202,0.7265,7.71289,385.4787803275368,1.7458164102583825e-08,248.39,2.049202,1.7458164102583825e-08,29155487472.171677,117377863.3285224
715,RMJ001003.5+174614.9,2.5144303,17.7708166,0.1732,47.36,67,35.617,0.848274,0.231566,4.54273,223.71820491428468,8.930916360708924e-08,47.36,0.848274,8.930916360708924e-08,449833533.50776446,9498174.271701109
185,RMJ004949.8+242702.0,12.4576298,24.4505486,0.0902,70.51,82,58.003,2.847768,1.150706,5.44079,193.33534061448393,1.3837774732398394e-07,70.51,2.847768,1.3837774732398394e-07,1451072340.4817095,20579667.288068492
708,RMJ005123.6+260452.3,12.8482121,26.0812027,0.3459,80.92,148,55.006,3.077069,1.85899,4.8597,233.23244803887616,7.881939333957282e-08,80.92,3.077069,7.881939333957282e-08,3159075614.896753,39039491.039257936
71,RMJ005600.3+262032.3,14.0010762,26.3422967,0.1961,112.92,168,85.652,6.635396,1.024155,12.77239,240.12368593202444,7.222623828454217e-08,112.92,6.635396,7.222623828454217e-08,10373915824.996777,91869605.25147694
235,RMJ005138.6+271959.9,12.9108655,27.3333032,0.3815,140.2,230,92.577,3.864752,1.580388,5.96681,264.1581938352382,5.425099909067883e-08,140.2,3.864752,5.425099909067883e-08,9987617545.88767,71238356.24741563
1290,RMJ231643.0+124654.6,349.1789923,12.781835,0.5206,147.64,100,71.522,1.224875,0.474476,4.86368,638.6445558076117,3.839037523208647e-09,147.64,1.224875,3.839037523208647e-09,47105698734.83664,319057834.8336267
46,RMJ230707.5+163246.1,346.7812456,16.5461289,0.2477,130.17,198,93.613,3.891187,1.366717,6.85355,303.73148903386317,3.568868468384909e-08,130.17,3.891187,3.568868468384909e-08,14192616407.049139,109031392.8481919
502,RMJ233424.1+175923.5,353.6003927,17.9898659,0.4438,139.62,137,76.731,4.747108,2.811304,6.02218,444.43142697793326,1.1391625928918926e-08,139.62,4.747108,1.1391625928918926e-08,58182319459.545265,416719090.8146774
62,RMJ224158.1+173303.7,340.4920315,17.5510363,0.3235,126.3,222,93.012,2.829814,1.128101,6.15549,364.2562879418909,2.0690873597454602e-08,126.3,2.829814,2.0690873597454602e-08,17273582312.34703,136766289.09221718
116,RMJ001941.3+251807.3,4.9222222,25.3020373,0.3709,147.34,233,102.824,2.428331,0.640599,8.15114,279.56455232114587,4.5767131007337364e-08,147.34,2.428331,4.5767131007337364e-08,7817625480.667321,53058405.59703625
1564,RMJ002136.8+280301.8,5.4033491,28.0504995,0.0955,45.17,52,30.494,2.80627,1.667578,4.77789,192.5451362276076,1.4008845387443502e-07,45.17,2.80627,1.4008845387443502e-07,904851273.5647552,20032129.14688411
100,RMJ002037.2+283934.2,5.154802,28.6594869,0.0965,80.72,105,64.152,5.7974,1.280603,9.35778,195.10621520450584,1.3464390140913484e-07,80.72,5.7974,1.3464390140913484e-07,3475583543.7211347,43057278.787427336
290,RMJ001051.4+290940.2,2.7141366,29.161154,0.3485,105.1,181,74.457,1.90293,0.716564,5.09694,324.10902294179635,2.9371534401610564e-08,105.1,1.90293,2.9371534401610564e-08,6809243952.506386,64788239.319756284
203,RMJ001145.3+322456.4,2.9386063,32.4156567,0.1038,79.64,99,49.261,5.843149,1.431843,8.14862,214.2555263619215,1.0167259355951917e-07,79.64,5.843149,1.0167259355951917e-07,4576930420.168587,57470246.36073062
671,RMJ002008.5+345118.2,5.0354618,34.8550474,0.4585,141.36,158,79.393,2.009801,0.832265,4.54319,462.1893301852374,1.0128386221975829e-08,141.36,2.009801,1.0128386221975829e-08,28050418214.065422,198432500.0995007
783,RMJ235035.1+292944.4,357.6462178,29.4956682,0.1611,57.7,82,36.919,2.890291,1.227277,5.15654,244.06303172019634,6.87850401064339e-08,57.7,2.890291,6.87850401064339e-08,2424506701.485531,42019180.26838008
1317,RMJ232626.2+292152.7,351.6089766,29.3646309,0.2367,68.39,121,48.563,1.893279,0.773734,6.04112,313.55564523506115,3.243815371192672e-08,68.39,1.893279,3.243815371192672e-08,3991637500.700074,58365806.41468159
96,RMJ232104.1+291134.5,350.2672745,29.192915,0.4944,238.78,161,121.254,1.934558,0.620942,7.05812,570.4222040351103,5.387790906446196e-09,238.78,1.934558,5.387790906446196e-09,85737135546.09584,359063303.2335029
1882,RMJ235309.7+331514.9,358.2904608,33.2541378,0.4557,113.7,120,53.829,1.437467,0.361212,6.71901,480.01637500666493,9.041320015830997e-09,113.7,1.437467,9.041320015830997e-09,18077006190.8906,158988620.85216004
438,RMJ082150.6+011149.5,125.4610353,1.1970884,0.0879,61.36,79,37.486,1.959915,0.87631,5.0358,313.0095848926052,3.260821983448554e-08,61.36,1.959915,3.260821983448554e-08,3688038936.514283,60104937.035760805
585,RMJ082500.2+042548.6,126.2507709,4.4301567,0.2331,79.7,146,56.641,8.689288,2.448525,7.89559,313.4736874131951,3.246360326963411e-08,79.7,8.689288,3.246360326963411e-08,21332698278.99192,267662462.72260877
368,RMJ082602.7+041939.5,126.5110659,4.3276313,0.4751,179.25,209,102.9,9.956077,3.380345,6.7956,620.2858393863249,4.190100116289063e-09,179.25,9.956077,4.190100116289063e-09,425915074275.2524,2376095253.9763036
1000,RMJ081710.5+075344.3,124.2937294,7.8956386,0.2487,86.41,142,46.694,1.234545,0.266907,6.5462,369.42245303231516,1.9834905544259447e-08,86.41,1.234545,1.9834905544259447e-08,5378247615.64716,62241032.46901007
5263,RMJ074629.7+144629.5,116.6237049,14.7748558,0.4467,85.45,114,53.111,5.568552,3.33635,4.62855,537.3505559169037,6.445058927144278e-09,85.45,5.568552,6.445058927144278e-09,73829079575.35703,864003271.8005502
694,RMJ132413.2-031751.5,201.055001,-3.2976486,0.2195,69.77,116,46.109,2.043704,0.999291,4.85596,249.75324406322088,6.418988327466316e-08,69.77,2.043704,6.418988327466316e-08,2221366059.6619654,31838412.78001957
13220,RMJ133105.7-014551.3,202.7738553,-1.7642529,0.5491,79.89,63,46.61,11.714353,2.699704,8.68979,998.698565034694,1.0039144893796744e-09,79.89,11.714353,1.0039144893796744e-09,932210532939.189,11668676091.365488
313,RMJ143821.9+034013.2,219.5911137,3.6703464,0.22,80.49,146,61.155,2.904312,1.188115,4.9862,239.8470830474702,7.247641061102434e-08,80.49,2.904312,7.247641061102434e-08,3225436675.315177,40072514.291404866
43,RMJ140100.5+025149.7,210.2521999,2.8638091,0.2571,134.28,233,85.441,4.832111,0.667726,15.63451,241.4401579874674,7.105121029592887e-08,134.28,4.832111,7.105121029592887e-08,9132228182.70808,68008848.54563658
1827,RMJ134431.8+022244.3,206.132535,2.3789787,0.3768,62.12,107,44.118,1.489363,0.570667,5.25274,523.3970401771702,6.974389741922975e-09,62.12,1.489363,6.974389741922975e-09,13265566305.230692,213547429.25355268
229,RMJ124751.4-024950.0,191.9643423,-2.8305594,0.1824,73.4,103,62.713,1.92438,0.698308,6.10587,239.93377564420925,7.23978777125075e-08,73.4,1.92438,7.23978777125075e-08,1951017025.124725,26580613.42131778
3,RMJ131129.5-012028.0,197.8729572,-1.3411163,0.1824,164.71,206,118.677,6.130851,0.807985,16.74117,266.1056772907821,5.3068593732909534e-08,164.71,6.130851,5.3068593732909534e-08,19028438426.16811,115526916.55739245
455,RMJ121937.2-031834.2,184.9050072,-3.3095125,0.3039,87.78,152,54.981,2.46288,1.049995,4.75093,386.3927231295627,1.7334574409611087e-08,87.78,2.46288,1.7334574409611087e-08,12471699696.309443,142079057.82990935
188,RMJ122241.3+020558.9,185.6720935,2.0997009,0.2291,95.18,155,70.617,2.507856,1.029794,4.8521,273.3277656700348,4.8972102110946674e-08,95.18,2.507856,4.8972102110946674e-08,4874157403.724031,51209890.77247354
775,RMJ125401.1+070144.2,193.5047591,7.0289451,0.3559,84.87,155,47.87,0.785655,0.169485,4.72224,376.33452891080435,1.8761942439781052e-08,84.87,0.785655,1.8761942439781052e-08,3553925189.9963794,41874928.596634604
3021,RMJ133111.4+010003.2,202.7976779,1.0008958,0.36,55.81,109,45.072,2.143754,0.948731,5.18634,478.5403722713743,9.125239057941913e-09,55.81,2.143754,9.125239057941913e-09,13111208372.768265,234925790.58893144
88,RMJ132701.0+021219.5,201.7542095,2.2054219,0.2601,115.16,192,79.806,4.077327,1.018002,8.56836,293.1795169723429,3.968250914839684e-08,115.16,4.077327,3.968250914839684e-08,11832542533.136908,102748719.46107075
728,RMJ135620.4+104724.2,209.0851119,10.7900481,0.2474,56.71,108,55.899,1.379831,0.542849,4.96268,212.70327313251994,1.0391481793403149e-07,56.71,1.379831,1.0391481793403149e-07,753022692.6796503,13278481.62016664
309,RMJ132600.5+122243.6,201.5022846,12.3787662,0.206,79.19,108,46.699,1.060043,0.248736,5.82636,225.75964247279947,8.69082638309484e-08,79.19,1.060043,8.69082638309484e-08,965901301.782845,12197263.5658902
2404,RMJ105820.4-021039.8,164.5849311,-2.177716,0.3431,63.51,135,44.499,1.957713,1.045576,4.81896,421.81175683396043,1.3324286397502524e-08,63.51,1.957713,1.3324286397502524e-08,9331407995.951284,146928168.7285669
560,RMJ111247.5+023010.8,168.1980863,2.5029925,0.2722,78.29,143,50.887,2.05365,0.79812,5.98593,314.22378398199453,3.22316721807768e-08,78.29,2.05365,3.22316721807768e-08,4988269227.802911,63715279.44568796
360,RMJ111408.4+042038.7,168.5348187,4.3440808,0.2335,80.81,135,58.676,1.752088,0.572791,6.58375,308.53297205921194,3.4048285814282064e-08,80.81,1.752088,3.4048285814282064e-08,4158395287.5715566,51458919.53435907
161,RMJ093515.3+004746.0,143.8135783,0.7961192,0.3568,118.64,195,87.358,1.108262,0.329928,5.10404,347.0627203771488,2.392082204703369e-08,118.64,1.108262,2.392082204703369e-08,5496642357.084244,46330431.19592249
102,RMJ091617.6-002405.7,139.0731553,-0.4015763,0.3318,110.94,189,83.024,0.875885,0.195516,4.90539,403.59804191192427,1.5210827749820975e-08,110.94,0.875885,1.5210827749820975e-08,6388257332.0931635,57582993.799289376
411,RMJ092207.6+034558.8,140.531872,3.7663294,0.2773,96.72,168,74.122,2.641567,0.801292,6.69323,313.8720159325474,3.2340163383790456e-08,96.72,2.641567,3.2340163383790456e-08,7900156755.796043,81680694.33205174
292,RMJ094024.6+022839.5,145.1024352,2.4776433,0.1564,62.73,81,38.606,3.552673,1.276462,5.22349,229.16134049278418,8.30952000944497e-08,62.73,3.552673,8.30952000944497e-08,2681974133.724792,42754250.4977649
695,RMJ092647.3+050004.0,141.6969646,5.0011045,0.4694,139.85,148,77.399,1.235883,0.365573,5.57671,495.4649816522213,8.221690142534194e-09,139.85,1.235883,8.221690142534194e-09,21022227127.709,150319822.15022525
12233,RMJ093439.0+054144.8,143.6624092,5.6957661,0.5421,98.44,76,55.845,1.05631,0.396107,4.58413,662.6107731489828,3.437356068166395e-09,98.44,1.05631,3.437356068166395e-09,30250912136.50968,307303048.9283796
3133,RMJ103448.6+042419.8,158.7023402,4.4054995,0.165,38.17,60,31.106,1.587104,0.843867,4.72944,251.3590928455698,6.296746348711874e-08,38.17,1.587104,6.296746348711874e-08,962080355.8712955,25205144.246038653
667,RMJ102340.7+041115.1,155.9194807,4.1875152,0.2917,73.53,128,41.464,2.417295,0.593839,8.38827,272.8766769226527,4.921536917041475e-08,73.53,2.417295,4.921536917041475e-08,3611548675.669563,49116669.05575361
6007,RMJ110855.4+090601.6,167.2306763,9.1004431,0.468,73.85,84,44.336,1.406087,0.59746,4.86181,601.943840882871,4.584923298525639e-09,73.85,1.406087,4.584923298525639e-09,22648039713.857674,306676231.73808634
3009,RMJ101449.5+103923.2,153.7061548,10.6564473,0.2045,46.18,85,37.378,1.475286,0.602522,4.90937,249.44039661341952,6.443170663318751e-08,46.18,1.475286,6.443170663318751e-08,1057378595.7255436,22896894.667075437
425,RMJ103120.5+140534.3,157.8352771,14.0928702,0.3196,89.6,165,62.433,1.271863,0.49014,5.63651,303.1788090201498,3.588421683172354e-08,89.6,1.271863,3.588421683172354e-08,3175739499.4685874,35443521.199426204
427,RMJ103034.8+141541.8,157.6449403,14.2616073,0.3273,85.87,165,66.233,4.86658,2.186072,5.6929,295.4946706571735,3.875707934546152e-08,85.87,4.86658,3.875707934546152e-08,10782371418.524746,125566221.24752235
348,RMJ103250.4+135242.5,158.2100771,13.8784806,0.3275,91.73,174,57.451,7.113615,2.589543,5.75173,308.287424703585,3.412970782495165e-08,91.73,7.113615,3.412970782495165e-08,19119176387.233677,208428827.94324297
26,RMJ120025.3+032049.2,180.1056199,3.3469985,0.1381,103.02,152,82.237,6.612943,1.037291,12.56745,231.87433518320356,8.021248196825655e-08,103.02,6.612943,8.021248196825655e-08,8493259043.269666,82442817.34876399
225,RMJ123424.1+094715.5,188.6003607,9.7876383,0.2296,92.97,157,69.428,3.990675,0.938655,8.79077,271.70143440519706,4.985677772621088e-08,92.97,3.990675,4.985677772621088e-08,7441577086.819024,80042778.17380902
117,RMJ123043.3+103443.0,187.6803245,10.5785998,0.1685,97.77,143,61.003,3.721003,0.795734,10.88553,240.8341980192902,7.158887407195112e-08,97.77,3.721003,7.158887407195112e-08,5081829656.160769,51977392.41240431
3037,RMJ120709.6+092344.2,181.7898876,9.3956198,0.2904,51.03,94,34.889,1.927107,0.833609,4.77902,311.72446989188364,3.30131765773113e-08,51.03,1.927107,3.30131765773113e-08,2978818774.973188,58373873.70121866
1747,RMJ114111.8+054405.0,175.2992163,5.7347289,0.0938,37.46,58,25.816,2.30388,0.99046,5.15629,233.5659105159826,7.84822833150338e-08,37.46,2.30388,7.84822833150338e-08,1099653847.3985507,29355415.040004022
11125,RMJ130333.1+191849.5,195.88809,19.3137585,0.4048,43.22,86,29.029,6.475641,1.925699,5.51465,422.0907065719942,1.3297886737422747e-08,43.22,6.475641,1.3297886737422747e-08,21046742955.95954,486967675.98240495
730,RMJ131022.2+215005.6,197.5924996,21.8348993,0.2801,72.39,136,54.298,1.916697,0.62544,6.6407,322.06739890895216,2.993365180284284e-08,72.39,1.916697,2.993365180284284e-08,4635241190.880116,64031512.513884746
150,RMJ122651.1+214952.3,186.7129711,21.8312012,0.438,178.5,256,111.038,1.610699,0.790656,4.749,400.74232465024886,1.5538330712601515e-08,178.5,1.610699,1.5538330712601515e-08,18503259894.37404,103659719.2962131
4130,RMJ122221.6+241909.3,185.5899185,24.3192432,0.5175,94.05,76,49.013,0.970676,0.385818,4.51554,583.2607560370948,5.0397817626598106e-09,94.05,0.970676,5.0397817626598106e-09,18114291868.03109,192602784.34908122
1187,RMJ123446.1+230101.0,188.6919274,23.0169539,0.33,79.57,160,60.215,2.363691,1.191576,5.44421,284.7969340815678,4.32906464345695e-08,79.57,2.363691,4.32906464345695e-08,4344561894.086448,54600501.370949455
298,RMJ111250.1+132830.4,168.2088329,13.4751028,0.1742,78.34,126,54.731,4.514867,1.546434,7.30878,224.72894016175468,8.81095512015641e-08,78.34,4.514867,8.81095512015641e-08,4014260383.313827,51241516.25368684
384,RMJ113251.2+142740.2,173.2132097,14.4611752,0.086,57.64,73,41.872,9.699054,1.89491,12.04624,218.37574713232297,9.602554670911966e-08,57.64,9.699054,9.602554670911966e-08,5821924391.156901,101004933.92014053
105,RMJ105417.5+143904.2,163.5730968,14.6511684,0.2971,125.02,223,96.65,2.132733,0.540091,7.87923,272.8766769226527,4.921536917041475e-08,125.02,2.132733,4.921536917041475e-08,5417703537.623449,43334694.749827616
2679,RMJ111320.5+173541.0,168.3354237,17.59473,0.1719,39.82,67,22.264,2.037858,1.105728,4.60651,203.93003896255385,1.1791156220815789e-07,39.82,2.037858,1.1791156220815789e-07,688206517.1585495,17282936.141600944
321,RMJ112318.4+193441.3,170.8267266,19.5781508,0.0976,65.95,85,35.425,2.665358,1.08769,5.97469,180.79367352584424,1.6921946291252517e-07,65.95,2.665358,1.6921946291252517e-07,1038771528.2542077,15750895.045552809
74,RMJ112358.8+212849.7,170.995018,21.4804685,0.1905,113.59,156,78.308,3.397301,0.869775,8.78746,270.5621502043336,5.0489244827208526e-08,113.59,3.397301,5.0489244827208526e-08,7643200485.780287,67287617.62285665
459,RMJ113608.5+201913.0,174.0356,20.3202732,0.3214,84.94,154,65.341,1.030717,0.231391,6.0383,311.72446989188364,3.30131765773113e-08,84.94,1.030717,3.30131765773113e-08,2651944194.917891,31221382.092275623
3590,RMJ105252.4+241530.0,163.2184481,24.2583364,0.5378,108.8,83,57.932,2.593101,1.094342,4.78182,685.6415437251375,3.1024774089542506e-09,108.8,2.593101,3.1024774089542506e-09,90936806819.52075,835816239.150007
454,RMJ112946.4+234927.5,172.443492,23.8242968,0.1345,66.78,99,44.04,3.810066,1.136812,7.21571,186.06587151868314,1.5523864220597248e-07,66.78,3.810066,1.5523864220597248e-07,1639000469.6279874,24543283.462533504
66,RMJ120112.2+230557.3,180.3008279,23.0992504,0.2686,131.35,200,82.357,3.608078,0.645945,12.01073,319.3006329900911,3.0718546432152245e-08,131.35,3.608078,3.0718546432152245e-08,15427847354.260227,117456013.35561651
408,RMJ115518.0+232417.8,178.8250146,23.404945,0.1361,82.26,119,48.925,5.552946,0.892644,14.55732,214.40341713041266,1.0146234408527352e-07,82.26,5.552946,1.0146234408527352e-07,4502018380.100672,54729131.77851533
1186,RMJ120923.7+264046.7,182.3486946,26.6796443,0.5596,185.37,109,99.888,1.286813,0.38425,6.59568,642.2730103123724,3.774339679006763e-09,185.37,1.286813,3.774339679006763e-09,63199538487.95404,340937252.4569997
251,RMJ114935.7+222354.6,177.3986949,22.3984989,0.5355,231.04,159,121.289,2.399058,0.457264,11.41752,527.1738156976643,6.825563428464211e-09,231.04,2.399058,6.825563428464211e-09,81206242697.63994,351481313.61513126
56,RMJ121218.5+273255.1,183.0770101,27.5486477,0.3539,158.24,277,104.596,2.461351,0.520096,10.08654,288.572145155012,4.161374258458815e-08,158.24,2.461351,4.161374258458815e-08,9359508615.412241,59147551.9174181
1347,RMJ115415.7+291524.1,178.5652563,29.2567019,0.3603,72.18,132,62.07,2.108478,0.89027,5.0023,291.0535009174646,4.055846568457622e-08,72.18,2.108478,4.055846568457622e-08,3752359451.2569437,51986138.14431897
200,RMJ121731.2+364111.3,184.3798256,36.6864584,0.3776,125.84,209,90.75,1.611293,0.376943,6.30027,252.29523093585803,6.226914122302073e-08,125.84,1.611293,6.226914122302073e-08,3256269592.5704904,25876268.21813803
45,RMJ160319.0+031644.6,240.8291099,3.2790479,0.237,132.08,210,98.287,2.499135,1.047715,5.20146,412.8625727820274,1.4209652466610682e-08,132.08,2.499135,1.4209652466610682e-08,23229685002.896683,175875870.70636493
198,RMJ153303.5-004616.5,233.2647778,-0.7712502,0.1515,79.53,111,56.355,3.209195,1.791173,4.75789,328.6255859802247,2.8177073150313515e-08,79.53,3.209195,2.8177073150313515e-08,9057976922.885626,113893837.8333412
159,RMJ151653.9-010506.3,229.2243777,-1.0850949,0.1188,53.53,87,35.718,5.481591,1.8995,6.75319,271.5572327685563,4.993624437043094e-08,53.53,5.481591,4.993624437043094e-08,5876083993.287854,109771791.39338416
142,RMJ161610.2+065504.4,244.0423671,6.9179016,0.3327,120.56,240,96.403,1.70394,0.589125,4.72731,636.7525812864582,3.873359947480103e-09,120.56,1.70394,3.873359947480103e-09,53035867873.22591,439912639.9570828
1125,RMJ161505.4+073455.4,243.7726888,7.5820513,0.3447,83.65,157,51.932,4.008857,1.381721,5.3511,663.4783497695244,3.4238894407111605e-09,83.65,4.008857,3.4238894407111605e-09,97941505955.97148,1170848845.8573997
643,RMJ161556.0+074819.1,243.9833485,7.8053075,0.3678,93.38,164,62.366,1.502244,0.56053,5.37691,731.9011740194424,2.550601839762641e-09,93.38,1.502244,2.550601839762641e-09,54998605636.17189,588976286.5300052
2957,RMJ164319.2+213121.4,250.8301898,21.5226241,0.1627,40.83,61,30.087,1.975594,0.878458,4.77979,280.0532001574522,4.552797990368638e-08,40.83,1.975594,4.552797990368638e-08,1771734726.4394813,43392964.15477545
480,RMJ172003.3+263839.8,260.0137952,26.6443784,0.1654,63.72,91,41.852,5.482796,0.995559,11.75388,259.3638274482307,5.731545977721246e-08,63.72,5.482796,5.731545977721246e-08,6095454219.123274,95659984.60645439
511,RMJ172009.6+274008.1,260.0401919,27.6689111,0.1611,67.69,94,43.575,2.584462,0.637795,7.28319,254.01294572997213,6.10144143735724e-08,67.69,2.584462,6.10144143735724e-08,2867227925.992746,42358220.20967271
523,RMJ025904.4-065921.0,44.7684799,-6.9891711,0.4235,117.6,162,86.107,1.143676,0.301629,5.48834,824.926164921713,1.7813725829255198e-09,117.6,1.143676,1.7813725829255198e-09,75501497490.8387,642019536.4867237
552,RMJ212510.4-065748.8,321.2932912,-6.9635448,0.1222,53.81,70,40.892,4.423235,2.04424,4.97345,254.21053119190213,6.087225432907176e-08,53.81,4.423235,6.087225432907176e-08,3910061783.8680515,72664221.96372516
